repeat,outer_fold,inner_fold,subject_id,role
1,1,1,0003,train
1,1,1,0008,train
1,1,1,0009,validation
1,1,1,0014,train
1,1,1,0027,train
1,1,1,0033,validation
1,1,1,0038,train
1,1,1,0041,train
1,1,1,0046,validation
1,1,1,0053,validation
1,1,1,0054,train
1,1,1,0063,train
1,1,1,0079,validation
1,1,1,0089,train
1,1,1,0095,train
1,1,1,0100,train
1,1,1,0106,train
1,1,1,0116,train
1,1,1,0117,validation
1,1,1,0118,train
1,1,1,0135,train
1,1,1,0139,train
1,1,1,0144,train
1,1,1,0161,train
1,1,1,0170,train
1,1,1,0202,train
1,1,1,0227,validation
1,1,1,0242,train
1,1,1,0248,train
1,1,1,0256,train
1,1,1,0268,train
1,1,1,0273,train
1,1,1,0278,train
1,1,1,0281,validation
1,1,1,0283,train
1,1,1,0287,train
1,1,1,0289,validation
1,1,1,0296,train
1,1,1,0304,train
1,1,1,0306,train
1,1,1,0309,train
1,1,1,0322,validation
1,1,1,0323,validation
1,1,1,0330,train
1,1,1,0346,train
1,1,1,0347,train
1,1,1,0369,train
1,1,1,0370,train
1,1,1,0379,train
1,1,1,0384,train
1,1,1,0399,train
1,1,1,0406,validation
1,1,1,0427,train
1,1,1,0432,train
1,1,1,0459,train
1,1,1,0498,train
1,1,2,0003,train
1,1,2,0008,train
1,1,2,0009,train
1,1,2,0014,validation
1,1,2,0027,train
1,1,2,0033,train
1,1,2,0038,train
1,1,2,0041,train
1,1,2,0046,train
1,1,2,0053,train
1,1,2,0054,validation
1,1,2,0063,train
1,1,2,0079,train
1,1,2,0089,validation
1,1,2,0095,validation
1,1,2,0100,train
1,1,2,0106,train
1,1,2,0116,validation
1,1,2,0117,train
1,1,2,0118,train
1,1,2,0135,train
1,1,2,0139,train
1,1,2,0144,train
1,1,2,0161,validation
1,1,2,0170,train
1,1,2,0202,validation
1,1,2,0227,train
1,1,2,0242,train
1,1,2,0248,validation
1,1,2,0256,train
1,1,2,0268,train
1,1,2,0273,validation
1,1,2,0278,train
1,1,2,0281,train
1,1,2,0283,train
1,1,2,0287,train
1,1,2,0289,train
1,1,2,0296,train
1,1,2,0304,train
1,1,2,0306,train
1,1,2,0309,train
1,1,2,0322,train
1,1,2,0323,train
1,1,2,0330,train
1,1,2,0346,train
1,1,2,0347,train
1,1,2,0369,train
1,1,2,0370,train
1,1,2,0379,validation
1,1,2,0384,train
1,1,2,0399,train
1,1,2,0406,train
1,1,2,0427,train
1,1,2,0432,validation
1,1,2,0459,train
1,1,2,0498,validation
1,1,3,0003,train
1,1,3,0008,validation
1,1,3,0009,train
1,1,3,0014,train
1,1,3,0027,train
1,1,3,0033,train
1,1,3,0038,validation
1,1,3,0041,train
1,1,3,0046,train
1,1,3,0053,train
1,1,3,0054,train
1,1,3,0063,train
1,1,3,0079,train
1,1,3,0089,train
1,1,3,0095,train
1,1,3,0100,validation
1,1,3,0106,train
1,1,3,0116,train
1,1,3,0117,train
1,1,3,0118,train
1,1,3,0135,validation
1,1,3,0139,train
1,1,3,0144,train
1,1,3,0161,train
1,1,3,0170,train
1,1,3,0202,train
1,1,3,0227,train
1,1,3,0242,validation
1,1,3,0248,train
1,1,3,0256,train
1,1,3,0268,train
1,1,3,0273,train
1,1,3,0278,train
1,1,3,0281,train
1,1,3,0283,validation
1,1,3,0287,train
1,1,3,0289,train
1,1,3,0296,train
1,1,3,0304,train
1,1,3,0306,train
1,1,3,0309,train
1,1,3,0322,train
1,1,3,0323,train
1,1,3,0330,validation
1,1,3,0346,train
1,1,3,0347,validation
1,1,3,0369,train
1,1,3,0370,train
1,1,3,0379,train
1,1,3,0384,validation
1,1,3,0399,train
1,1,3,0406,train
1,1,3,0427,validation
1,1,3,0432,train
1,1,3,0459,validation
1,1,3,0498,train
1,1,4,0003,train
1,1,4,0008,train
1,1,4,0009,train
1,1,4,0014,train
1,1,4,0027,train
1,1,4,0033,train
1,1,4,0038,train
1,1,4,0041,validation
1,1,4,0046,train
1,1,4,0053,train
1,1,4,0054,train
1,1,4,0063,validation
1,1,4,0079,train
1,1,4,0089,train
1,1,4,0095,train
1,1,4,0100,train
1,1,4,0106,validation
1,1,4,0116,train
1,1,4,0117,train
1,1,4,0118,train
1,1,4,0135,train
1,1,4,0139,train
1,1,4,0144,validation
1,1,4,0161,train
1,1,4,0170,validation
1,1,4,0202,train
1,1,4,0227,train
1,1,4,0242,train
1,1,4,0248,train
1,1,4,0256,validation
1,1,4,0268,train
1,1,4,0273,train
1,1,4,0278,validation
1,1,4,0281,train
1,1,4,0283,train
1,1,4,0287,train
1,1,4,0289,train
1,1,4,0296,validation
1,1,4,0304,train
1,1,4,0306,train
1,1,4,0309,validation
1,1,4,0322,train
1,1,4,0323,train
1,1,4,0330,train
1,1,4,0346,train
1,1,4,0347,train
1,1,4,0369,train
1,1,4,0370,validation
1,1,4,0379,train
1,1,4,0384,train
1,1,4,0399,validation
1,1,4,0406,train
1,1,4,0427,train
1,1,4,0432,train
1,1,4,0459,train
1,1,4,0498,train
1,1,5,0003,validation
1,1,5,0008,train
1,1,5,0009,train
1,1,5,0014,train
1,1,5,0027,validation
1,1,5,0033,train
1,1,5,0038,train
1,1,5,0041,train
1,1,5,0046,train
1,1,5,0053,train
1,1,5,0054,train
1,1,5,0063,train
1,1,5,0079,train
1,1,5,0089,train
1,1,5,0095,train
1,1,5,0100,train
1,1,5,0106,train
1,1,5,0116,train
1,1,5,0117,train
1,1,5,0118,validation
1,1,5,0135,train
1,1,5,0139,validation
1,1,5,0144,train
1,1,5,0161,train
1,1,5,0170,train
1,1,5,0202,train
1,1,5,0227,train
1,1,5,0242,train
1,1,5,0248,train
1,1,5,0256,train
1,1,5,0268,validation
1,1,5,0273,train
1,1,5,0278,train
1,1,5,0281,train
1,1,5,0283,train
1,1,5,0287,validation
1,1,5,0289,train
1,1,5,0296,train
1,1,5,0304,validation
1,1,5,0306,validation
1,1,5,0309,train
1,1,5,0322,train
1,1,5,0323,train
1,1,5,0330,train
1,1,5,0346,validation
1,1,5,0347,train
1,1,5,0369,validation
1,1,5,0370,train
1,1,5,0379,train
1,1,5,0384,train
1,1,5,0399,train
1,1,5,0406,train
1,1,5,0427,train
1,1,5,0432,train
1,1,5,0459,train
1,1,5,0498,train
1,2,1,0003,train
1,2,1,0008,train
1,2,1,0009,train
1,2,1,0014,train
1,2,1,0027,train
1,2,1,0029,train
1,2,1,0033,train
1,2,1,0037,train
1,2,1,0038,validation
1,2,1,0041,train
1,2,1,0046,train
1,2,1,0053,train
1,2,1,0054,train
1,2,1,0069,train
1,2,1,0079,validation
1,2,1,0089,train
1,2,1,0100,train
1,2,1,0106,train
1,2,1,0112,train
1,2,1,0117,validation
1,2,1,0118,train
1,2,1,0135,train
1,2,1,0144,validation
1,2,1,0153,validation
1,2,1,0161,train
1,2,1,0178,validation
1,2,1,0202,train
1,2,1,0212,validation
1,2,1,0227,validation
1,2,1,0242,validation
1,2,1,0246,train
1,2,1,0248,train
1,2,1,0256,train
1,2,1,0262,train
1,2,1,0278,train
1,2,1,0281,validation
1,2,1,0289,train
1,2,1,0296,train
1,2,1,0306,train
1,2,1,0311,train
1,2,1,0323,train
1,2,1,0330,train
1,2,1,0346,train
1,2,1,0347,validation
1,2,1,0369,train
1,2,1,0370,train
1,2,1,0376,train
1,2,1,0384,train
1,2,1,0399,validation
1,2,1,0406,train
1,2,1,0409,train
1,2,1,0412,train
1,2,1,0427,train
1,2,1,0459,train
1,2,1,0468,train
1,2,1,0498,train
1,2,1,0546,train
1,2,2,0003,validation
1,2,2,0008,train
1,2,2,0009,train
1,2,2,0014,train
1,2,2,0027,train
1,2,2,0029,train
1,2,2,0033,validation
1,2,2,0037,train
1,2,2,0038,train
1,2,2,0041,train
1,2,2,0046,train
1,2,2,0053,validation
1,2,2,0054,train
1,2,2,0069,train
1,2,2,0079,train
1,2,2,0089,validation
1,2,2,0100,train
1,2,2,0106,train
1,2,2,0112,validation
1,2,2,0117,train
1,2,2,0118,train
1,2,2,0135,validation
1,2,2,0144,train
1,2,2,0153,train
1,2,2,0161,train
1,2,2,0178,train
1,2,2,0202,train
1,2,2,0212,train
1,2,2,0227,train
1,2,2,0242,train
1,2,2,0246,train
1,2,2,0248,train
1,2,2,0256,train
1,2,2,0262,train
1,2,2,0278,train
1,2,2,0281,train
1,2,2,0289,validation
1,2,2,0296,train
1,2,2,0306,train
1,2,2,0311,train
1,2,2,0323,train
1,2,2,0330,train
1,2,2,0346,train
1,2,2,0347,train
1,2,2,0369,train
1,2,2,0370,train
1,2,2,0376,validation
1,2,2,0384,train
1,2,2,0399,train
1,2,2,0406,train
1,2,2,0409,validation
1,2,2,0412,train
1,2,2,0427,validation
1,2,2,0459,validation
1,2,2,0468,validation
1,2,2,0498,train
1,2,2,0546,train
1,2,3,0003,train
1,2,3,0008,validation
1,2,3,0009,train
1,2,3,0014,train
1,2,3,0027,validation
1,2,3,0029,validation
1,2,3,0033,train
1,2,3,0037,train
1,2,3,0038,train
1,2,3,0041,train
1,2,3,0046,validation
1,2,3,0053,train
1,2,3,0054,train
1,2,3,0069,train
1,2,3,0079,train
1,2,3,0089,train
1,2,3,0100,validation
1,2,3,0106,validation
1,2,3,0112,train
1,2,3,0117,train
1,2,3,0118,train
1,2,3,0135,train
1,2,3,0144,train
1,2,3,0153,train
1,2,3,0161,train
1,2,3,0178,train
1,2,3,0202,train
1,2,3,0212,train
1,2,3,0227,train
1,2,3,0242,train
1,2,3,0246,train
1,2,3,0248,train
1,2,3,0256,train
1,2,3,0262,train
1,2,3,0278,train
1,2,3,0281,train
1,2,3,0289,train
1,2,3,0296,validation
1,2,3,0306,train
1,2,3,0311,train
1,2,3,0323,train
1,2,3,0330,train
1,2,3,0346,train
1,2,3,0347,train
1,2,3,0369,validation
1,2,3,0370,train
1,2,3,0376,train
1,2,3,0384,train
1,2,3,0399,train
1,2,3,0406,validation
1,2,3,0409,train
1,2,3,0412,validation
1,2,3,0427,train
1,2,3,0459,train
1,2,3,0468,train
1,2,3,0498,validation
1,2,3,0546,train
1,2,4,0003,train
1,2,4,0008,train
1,2,4,0009,train
1,2,4,0014,validation
1,2,4,0027,train
1,2,4,0029,train
1,2,4,0033,train
1,2,4,0037,train
1,2,4,0038,train
1,2,4,0041,train
1,2,4,0046,train
1,2,4,0053,train
1,2,4,0054,validation
1,2,4,0069,train
1,2,4,0079,train
1,2,4,0089,train
1,2,4,0100,train
1,2,4,0106,train
1,2,4,0112,train
1,2,4,0117,train
1,2,4,0118,train
1,2,4,0135,train
1,2,4,0144,train
1,2,4,0153,train
1,2,4,0161,train
1,2,4,0178,train
1,2,4,0202,validation
1,2,4,0212,train
1,2,4,0227,train
1,2,4,0242,train
1,2,4,0246,validation
1,2,4,0248,train
1,2,4,0256,validation
1,2,4,0262,train
1,2,4,0278,validation
1,2,4,0281,train
1,2,4,0289,train
1,2,4,0296,train
1,2,4,0306,train
1,2,4,0311,train
1,2,4,0323,validation
1,2,4,0330,validation
1,2,4,0346,train
1,2,4,0347,train
1,2,4,0369,train
1,2,4,0370,validation
1,2,4,0376,train
1,2,4,0384,validation
1,2,4,0399,train
1,2,4,0406,train
1,2,4,0409,train
1,2,4,0412,train
1,2,4,0427,train
1,2,4,0459,train
1,2,4,0468,train
1,2,4,0498,train
1,2,4,0546,validation
1,2,5,0003,train
1,2,5,0008,train
1,2,5,0009,validation
1,2,5,0014,train
1,2,5,0027,train
1,2,5,0029,train
1,2,5,0033,train
1,2,5,0037,validation
1,2,5,0038,train
1,2,5,0041,validation
1,2,5,0046,train
1,2,5,0053,train
1,2,5,0054,train
1,2,5,0069,validation
1,2,5,0079,train
1,2,5,0089,train
1,2,5,0100,train
1,2,5,0106,train
1,2,5,0112,train
1,2,5,0117,train
1,2,5,0118,validation
1,2,5,0135,train
1,2,5,0144,train
1,2,5,0153,train
1,2,5,0161,validation
1,2,5,0178,train
1,2,5,0202,train
1,2,5,0212,train
1,2,5,0227,train
1,2,5,0242,train
1,2,5,0246,train
1,2,5,0248,validation
1,2,5,0256,train
1,2,5,0262,validation
1,2,5,0278,train
1,2,5,0281,train
1,2,5,0289,train
1,2,5,0296,train
1,2,5,0306,validation
1,2,5,0311,validation
1,2,5,0323,train
1,2,5,0330,train
1,2,5,0346,validation
1,2,5,0347,train
1,2,5,0369,train
1,2,5,0370,train
1,2,5,0376,train
1,2,5,0384,train
1,2,5,0399,train
1,2,5,0406,train
1,2,5,0409,train
1,2,5,0412,train
1,2,5,0427,train
1,2,5,0459,train
1,2,5,0468,train
1,2,5,0498,train
1,2,5,0546,train
1,3,1,0003,train
1,3,1,0008,train
1,3,1,0009,train
1,3,1,0014,validation
1,3,1,0027,train
1,3,1,0029,train
1,3,1,0037,train
1,3,1,0038,validation
1,3,1,0053,train
1,3,1,0063,validation
1,3,1,0069,validation
1,3,1,0079,train
1,3,1,0095,train
1,3,1,0106,train
1,3,1,0112,train
1,3,1,0116,train
1,3,1,0117,train
1,3,1,0135,train
1,3,1,0139,validation
1,3,1,0144,train
1,3,1,0153,train
1,3,1,0161,train
1,3,1,0170,train
1,3,1,0178,validation
1,3,1,0202,train
1,3,1,0212,train
1,3,1,0227,train
1,3,1,0242,train
1,3,1,0246,train
1,3,1,0256,validation
1,3,1,0262,train
1,3,1,0268,train
1,3,1,0273,train
1,3,1,0278,train
1,3,1,0283,train
1,3,1,0287,train
1,3,1,0289,train
1,3,1,0304,train
1,3,1,0306,train
1,3,1,0309,train
1,3,1,0311,train
1,3,1,0322,validation
1,3,1,0330,train
1,3,1,0370,train
1,3,1,0376,train
1,3,1,0379,train
1,3,1,0384,train
1,3,1,0399,train
1,3,1,0406,validation
1,3,1,0409,validation
1,3,1,0412,train
1,3,1,0427,train
1,3,1,0432,train
1,3,1,0459,train
1,3,1,0468,validation
1,3,1,0498,validation
1,3,1,0546,train
1,3,2,0003,train
1,3,2,0008,train
1,3,2,0009,validation
1,3,2,0014,train
1,3,2,0027,train
1,3,2,0029,validation
1,3,2,0037,train
1,3,2,0038,train
1,3,2,0053,train
1,3,2,0063,train
1,3,2,0069,train
1,3,2,0079,train
1,3,2,0095,train
1,3,2,0106,train
1,3,2,0112,train
1,3,2,0116,train
1,3,2,0117,validation
1,3,2,0135,validation
1,3,2,0139,train
1,3,2,0144,train
1,3,2,0153,train
1,3,2,0161,train
1,3,2,0170,validation
1,3,2,0178,train
1,3,2,0202,train
1,3,2,0212,train
1,3,2,0227,validation
1,3,2,0242,validation
1,3,2,0246,validation
1,3,2,0256,train
1,3,2,0262,train
1,3,2,0268,train
1,3,2,0273,train
1,3,2,0278,train
1,3,2,0283,train
1,3,2,0287,train
1,3,2,0289,train
1,3,2,0304,train
1,3,2,0306,validation
1,3,2,0309,train
1,3,2,0311,train
1,3,2,0322,train
1,3,2,0330,train
1,3,2,0370,validation
1,3,2,0376,train
1,3,2,0379,train
1,3,2,0384,train
1,3,2,0399,train
1,3,2,0406,train
1,3,2,0409,train
1,3,2,0412,validation
1,3,2,0427,train
1,3,2,0432,train
1,3,2,0459,train
1,3,2,0468,train
1,3,2,0498,train
1,3,2,0546,validation
1,3,3,0003,train
1,3,3,0008,train
1,3,3,0009,train
1,3,3,0014,train
1,3,3,0027,train
1,3,3,0029,train
1,3,3,0037,train
1,3,3,0038,train
1,3,3,0053,validation
1,3,3,0063,train
1,3,3,0069,train
1,3,3,0079,train
1,3,3,0095,validation
1,3,3,0106,validation
1,3,3,0112,train
1,3,3,0116,validation
1,3,3,0117,train
1,3,3,0135,train
1,3,3,0139,train
1,3,3,0144,train
1,3,3,0153,train
1,3,3,0161,validation
1,3,3,0170,train
1,3,3,0178,train
1,3,3,0202,validation
1,3,3,0212,train
1,3,3,0227,train
1,3,3,0242,train
1,3,3,0246,train
1,3,3,0256,train
1,3,3,0262,train
1,3,3,0268,train
1,3,3,0273,validation
1,3,3,0278,train
1,3,3,0283,train
1,3,3,0287,validation
1,3,3,0289,validation
1,3,3,0304,train
1,3,3,0306,train
1,3,3,0309,train
1,3,3,0311,train
1,3,3,0322,train
1,3,3,0330,train
1,3,3,0370,train
1,3,3,0376,train
1,3,3,0379,validation
1,3,3,0384,train
1,3,3,0399,train
1,3,3,0406,train
1,3,3,0409,train
1,3,3,0412,train
1,3,3,0427,train
1,3,3,0432,validation
1,3,3,0459,train
1,3,3,0468,train
1,3,3,0498,train
1,3,3,0546,train
1,3,4,0003,validation
1,3,4,0008,validation
1,3,4,0009,train
1,3,4,0014,train
1,3,4,0027,validation
1,3,4,0029,train
1,3,4,0037,train
1,3,4,0038,train
1,3,4,0053,train
1,3,4,0063,train
1,3,4,0069,train
1,3,4,0079,validation
1,3,4,0095,train
1,3,4,0106,train
1,3,4,0112,train
1,3,4,0116,train
1,3,4,0117,train
1,3,4,0135,train
1,3,4,0139,train
1,3,4,0144,train
1,3,4,0153,validation
1,3,4,0161,train
1,3,4,0170,train
1,3,4,0178,train
1,3,4,0202,train
1,3,4,0212,train
1,3,4,0227,train
1,3,4,0242,train
1,3,4,0246,train
1,3,4,0256,train
1,3,4,0262,train
1,3,4,0268,train
1,3,4,0273,train
1,3,4,0278,train
1,3,4,0283,train
1,3,4,0287,train
1,3,4,0289,train
1,3,4,0304,validation
1,3,4,0306,train
1,3,4,0309,train
1,3,4,0311,validation
1,3,4,0322,train
1,3,4,0330,validation
1,3,4,0370,train
1,3,4,0376,train
1,3,4,0379,train
1,3,4,0384,validation
1,3,4,0399,validation
1,3,4,0406,train
1,3,4,0409,train
1,3,4,0412,train
1,3,4,0427,validation
1,3,4,0432,train
1,3,4,0459,train
1,3,4,0468,train
1,3,4,0498,train
1,3,4,0546,train
1,3,5,0003,train
1,3,5,0008,train
1,3,5,0009,train
1,3,5,0014,train
1,3,5,0027,train
1,3,5,0029,train
1,3,5,0037,validation
1,3,5,0038,train
1,3,5,0053,train
1,3,5,0063,train
1,3,5,0069,train
1,3,5,0079,train
1,3,5,0095,train
1,3,5,0106,train
1,3,5,0112,validation
1,3,5,0116,train
1,3,5,0117,train
1,3,5,0135,train
1,3,5,0139,train
1,3,5,0144,validation
1,3,5,0153,train
1,3,5,0161,train
1,3,5,0170,train
1,3,5,0178,train
1,3,5,0202,train
1,3,5,0212,validation
1,3,5,0227,train
1,3,5,0242,train
1,3,5,0246,train
1,3,5,0256,train
1,3,5,0262,validation
1,3,5,0268,validation
1,3,5,0273,train
1,3,5,0278,validation
1,3,5,0283,validation
1,3,5,0287,train
1,3,5,0289,train
1,3,5,0304,train
1,3,5,0306,train
1,3,5,0309,validation
1,3,5,0311,train
1,3,5,0322,train
1,3,5,0330,train
1,3,5,0370,train
1,3,5,0376,validation
1,3,5,0379,train
1,3,5,0384,train
1,3,5,0399,train
1,3,5,0406,train
1,3,5,0409,train
1,3,5,0412,train
1,3,5,0427,train
1,3,5,0432,train
1,3,5,0459,validation
1,3,5,0468,train
1,3,5,0498,train
1,3,5,0546,train
1,4,1,0008,train
1,4,1,0009,train
1,4,1,0014,train
1,4,1,0029,train
1,4,1,0033,train
1,4,1,0037,train
1,4,1,0041,train
1,4,1,0046,validation
1,4,1,0053,train
1,4,1,0054,train
1,4,1,0063,validation
1,4,1,0069,train
1,4,1,0079,train
1,4,1,0089,validation
1,4,1,0095,train
1,4,1,0100,train
1,4,1,0106,validation
1,4,1,0112,train
1,4,1,0116,train
1,4,1,0117,train
1,4,1,0118,train
1,4,1,0135,train
1,4,1,0139,train
1,4,1,0153,train
1,4,1,0170,train
1,4,1,0178,validation
1,4,1,0212,train
1,4,1,0242,train
1,4,1,0246,train
1,4,1,0248,validation
1,4,1,0262,validation
1,4,1,0268,train
1,4,1,0273,train
1,4,1,0281,validation
1,4,1,0283,train
1,4,1,0287,train
1,4,1,0296,train
1,4,1,0304,train
1,4,1,0309,train
1,4,1,0311,train
1,4,1,0322,validation
1,4,1,0323,train
1,4,1,0330,validation
1,4,1,0346,train
1,4,1,0347,train
1,4,1,0369,train
1,4,1,0370,train
1,4,1,0376,train
1,4,1,0379,train
1,4,1,0399,train
1,4,1,0406,train
1,4,1,0409,train
1,4,1,0412,train
1,4,1,0432,train
1,4,1,0468,validation
1,4,1,0498,train
1,4,1,0546,validation
1,4,2,0008,train
1,4,2,0009,validation
1,4,2,0014,validation
1,4,2,0029,validation
1,4,2,0033,train
1,4,2,0037,train
1,4,2,0041,train
1,4,2,0046,train
1,4,2,0053,validation
1,4,2,0054,train
1,4,2,0063,train
1,4,2,0069,train
1,4,2,0079,train
1,4,2,0089,train
1,4,2,0095,train
1,4,2,0100,train
1,4,2,0106,train
1,4,2,0112,train
1,4,2,0116,train
1,4,2,0117,train
1,4,2,0118,train
1,4,2,0135,train
1,4,2,0139,train
1,4,2,0153,train
1,4,2,0170,validation
1,4,2,0178,train
1,4,2,0212,train
1,4,2,0242,train
1,4,2,0246,validation
1,4,2,0248,train
1,4,2,0262,train
1,4,2,0268,train
1,4,2,0273,train
1,4,2,0281,train
1,4,2,0283,validation
1,4,2,0287,validation
1,4,2,0296,train
1,4,2,0304,train
1,4,2,0309,validation
1,4,2,0311,train
1,4,2,0322,train
1,4,2,0323,train
1,4,2,0330,train
1,4,2,0346,validation
1,4,2,0347,train
1,4,2,0369,train
1,4,2,0370,train
1,4,2,0376,train
1,4,2,0379,train
1,4,2,0399,train
1,4,2,0406,validation
1,4,2,0409,validation
1,4,2,0412,train
1,4,2,0432,train
1,4,2,0468,train
1,4,2,0498,train
1,4,2,0546,train
1,4,3,0008,validation
1,4,3,0009,train
1,4,3,0014,train
1,4,3,0029,train
1,4,3,0033,train
1,4,3,0037,train
1,4,3,0041,validation
1,4,3,0046,train
1,4,3,0053,train
1,4,3,0054,train
1,4,3,0063,train
1,4,3,0069,train
1,4,3,0079,validation
1,4,3,0089,train
1,4,3,0095,train
1,4,3,0100,validation
1,4,3,0106,train
1,4,3,0112,train
1,4,3,0116,train
1,4,3,0117,train
1,4,3,0118,validation
1,4,3,0135,validation
1,4,3,0139,validation
1,4,3,0153,train
1,4,3,0170,train
1,4,3,0178,train
1,4,3,0212,train
1,4,3,0242,validation
1,4,3,0246,train
1,4,3,0248,train
1,4,3,0262,train
1,4,3,0268,train
1,4,3,0273,train
1,4,3,0281,train
1,4,3,0283,train
1,4,3,0287,train
1,4,3,0296,train
1,4,3,0304,train
1,4,3,0309,train
1,4,3,0311,train
1,4,3,0322,train
1,4,3,0323,train
1,4,3,0330,train
1,4,3,0346,train
1,4,3,0347,train
1,4,3,0369,train
1,4,3,0370,train
1,4,3,0376,train
1,4,3,0379,validation
1,4,3,0399,train
1,4,3,0406,train
1,4,3,0409,train
1,4,3,0412,train
1,4,3,0432,validation
1,4,3,0468,train
1,4,3,0498,validation
1,4,3,0546,train
1,4,4,0008,train
1,4,4,0009,train
1,4,4,0014,train
1,4,4,0029,train
1,4,4,0033,train
1,4,4,0037,train
1,4,4,0041,train
1,4,4,0046,train
1,4,4,0053,train
1,4,4,0054,validation
1,4,4,0063,train
1,4,4,0069,validation
1,4,4,0079,train
1,4,4,0089,train
1,4,4,0095,validation
1,4,4,0100,train
1,4,4,0106,train
1,4,4,0112,train
1,4,4,0116,validation
1,4,4,0117,train
1,4,4,0118,train
1,4,4,0135,train
1,4,4,0139,train
1,4,4,0153,train
1,4,4,0170,train
1,4,4,0178,train
1,4,4,0212,train
1,4,4,0242,train
1,4,4,0246,train
1,4,4,0248,train
1,4,4,0262,train
1,4,4,0268,train
1,4,4,0273,validation
1,4,4,0281,train
1,4,4,0283,train
1,4,4,0287,train
1,4,4,0296,validation
1,4,4,0304,validation
1,4,4,0309,train
1,4,4,0311,train
1,4,4,0322,train
1,4,4,0323,train
1,4,4,0330,train
1,4,4,0346,train
1,4,4,0347,validation
1,4,4,0369,validation
1,4,4,0370,validation
1,4,4,0376,train
1,4,4,0379,train
1,4,4,0399,train
1,4,4,0406,train
1,4,4,0409,train
1,4,4,0412,validation
1,4,4,0432,train
1,4,4,0468,train
1,4,4,0498,train
1,4,4,0546,train
1,4,5,0008,train
1,4,5,0009,train
1,4,5,0014,train
1,4,5,0029,train
1,4,5,0033,validation
1,4,5,0037,validation
1,4,5,0041,train
1,4,5,0046,train
1,4,5,0053,train
1,4,5,0054,train
1,4,5,0063,train
1,4,5,0069,train
1,4,5,0079,train
1,4,5,0089,train
1,4,5,0095,train
1,4,5,0100,train
1,4,5,0106,train
1,4,5,0112,validation
1,4,5,0116,train
1,4,5,0117,validation
1,4,5,0118,train
1,4,5,0135,train
1,4,5,0139,train
1,4,5,0153,validation
1,4,5,0170,train
1,4,5,0178,train
1,4,5,0212,validation
1,4,5,0242,train
1,4,5,0246,train
1,4,5,0248,train
1,4,5,0262,train
1,4,5,0268,validation
1,4,5,0273,train
1,4,5,0281,train
1,4,5,0283,train
1,4,5,0287,train
1,4,5,0296,train
1,4,5,0304,train
1,4,5,0309,train
1,4,5,0311,validation
1,4,5,0322,train
1,4,5,0323,validation
1,4,5,0330,train
1,4,5,0346,train
1,4,5,0347,train
1,4,5,0369,train
1,4,5,0370,train
1,4,5,0376,validation
1,4,5,0379,train
1,4,5,0399,validation
1,4,5,0406,train
1,4,5,0409,train
1,4,5,0412,train
1,4,5,0432,train
1,4,5,0468,train
1,4,5,0498,train
1,4,5,0546,train
1,5,1,0003,train
1,5,1,0027,validation
1,5,1,0029,validation
1,5,1,0033,train
1,5,1,0037,train
1,5,1,0038,validation
1,5,1,0041,train
1,5,1,0046,train
1,5,1,0054,train
1,5,1,0063,train
1,5,1,0069,validation
1,5,1,0089,validation
1,5,1,0095,train
1,5,1,0100,validation
1,5,1,0112,validation
1,5,1,0116,train
1,5,1,0118,train
1,5,1,0139,train
1,5,1,0144,train
1,5,1,0153,train
1,5,1,0161,train
1,5,1,0170,train
1,5,1,0178,train
1,5,1,0202,train
1,5,1,0212,train
1,5,1,0227,train
1,5,1,0246,train
1,5,1,0248,train
1,5,1,0256,train
1,5,1,0262,train
1,5,1,0268,train
1,5,1,0273,train
1,5,1,0278,train
1,5,1,0281,train
1,5,1,0283,validation
1,5,1,0287,train
1,5,1,0289,train
1,5,1,0296,train
1,5,1,0304,train
1,5,1,0306,train
1,5,1,0309,validation
1,5,1,0311,validation
1,5,1,0322,train
1,5,1,0323,validation
1,5,1,0346,train
1,5,1,0347,train
1,5,1,0369,train
1,5,1,0376,train
1,5,1,0379,train
1,5,1,0384,validation
1,5,1,0409,train
1,5,1,0412,train
1,5,1,0427,train
1,5,1,0432,train
1,5,1,0459,train
1,5,1,0468,train
1,5,1,0546,train
1,5,2,0003,validation
1,5,2,0027,train
1,5,2,0029,train
1,5,2,0033,train
1,5,2,0037,validation
1,5,2,0038,train
1,5,2,0041,validation
1,5,2,0046,train
1,5,2,0054,train
1,5,2,0063,train
1,5,2,0069,train
1,5,2,0089,train
1,5,2,0095,train
1,5,2,0100,train
1,5,2,0112,train
1,5,2,0116,validation
1,5,2,0118,train
1,5,2,0139,validation
1,5,2,0144,validation
1,5,2,0153,train
1,5,2,0161,train
1,5,2,0170,train
1,5,2,0178,train
1,5,2,0202,train
1,5,2,0212,train
1,5,2,0227,train
1,5,2,0246,validation
1,5,2,0248,train
1,5,2,0256,train
1,5,2,0262,validation
1,5,2,0268,train
1,5,2,0273,train
1,5,2,0278,train
1,5,2,0281,train
1,5,2,0283,train
1,5,2,0287,train
1,5,2,0289,validation
1,5,2,0296,train
1,5,2,0304,train
1,5,2,0306,train
1,5,2,0309,train
1,5,2,0311,train
1,5,2,0322,train
1,5,2,0323,train
1,5,2,0346,validation
1,5,2,0347,train
1,5,2,0369,train
1,5,2,0376,train
1,5,2,0379,train
1,5,2,0384,train
1,5,2,0409,train
1,5,2,0412,train
1,5,2,0427,train
1,5,2,0432,validation
1,5,2,0459,train
1,5,2,0468,validation
1,5,2,0546,train
1,5,3,0003,train
1,5,3,0027,train
1,5,3,0029,train
1,5,3,0033,validation
1,5,3,0037,train
1,5,3,0038,train
1,5,3,0041,train
1,5,3,0046,train
1,5,3,0054,validation
1,5,3,0063,validation
1,5,3,0069,train
1,5,3,0089,train
1,5,3,0095,validation
1,5,3,0100,train
1,5,3,0112,train
1,5,3,0116,train
1,5,3,0118,train
1,5,3,0139,train
1,5,3,0144,train
1,5,3,0153,train
1,5,3,0161,train
1,5,3,0170,train
1,5,3,0178,train
1,5,3,0202,train
1,5,3,0212,train
1,5,3,0227,train
1,5,3,0246,train
1,5,3,0248,validation
1,5,3,0256,train
1,5,3,0262,train
1,5,3,0268,train
1,5,3,0273,validation
1,5,3,0278,validation
1,5,3,0281,train
1,5,3,0283,train
1,5,3,0287,train
1,5,3,0289,train
1,5,3,0296,train
1,5,3,0304,validation
1,5,3,0306,validation
1,5,3,0309,train
1,5,3,0311,train
1,5,3,0322,train
1,5,3,0323,train
1,5,3,0346,train
1,5,3,0347,train
1,5,3,0369,train
1,5,3,0376,train
1,5,3,0379,train
1,5,3,0384,train
1,5,3,0409,train
1,5,3,0412,train
1,5,3,0427,validation
1,5,3,0432,train
1,5,3,0459,train
1,5,3,0468,train
1,5,3,0546,validation
1,5,4,0003,train
1,5,4,0027,train
1,5,4,0029,train
1,5,4,0033,train
1,5,4,0037,train
1,5,4,0038,train
1,5,4,0041,train
1,5,4,0046,train
1,5,4,0054,train
1,5,4,0063,train
1,5,4,0069,train
1,5,4,0089,train
1,5,4,0095,train
1,5,4,0100,train
1,5,4,0112,train
1,5,4,0116,train
1,5,4,0118,validation
1,5,4,0139,train
1,5,4,0144,train
1,5,4,0153,train
1,5,4,0161,train
1,5,4,0170,train
1,5,4,0178,validation
1,5,4,0202,train
1,5,4,0212,validation
1,5,4,0227,train
1,5,4,0246,train
1,5,4,0248,train
1,5,4,0256,train
1,5,4,0262,train
1,5,4,0268,validation
1,5,4,0273,train
1,5,4,0278,train
1,5,4,0281,validation
1,5,4,0283,train
1,5,4,0287,validation
1,5,4,0289,train
1,5,4,0296,validation
1,5,4,0304,train
1,5,4,0306,train
1,5,4,0309,train
1,5,4,0311,train
1,5,4,0322,train
1,5,4,0323,train
1,5,4,0346,train
1,5,4,0347,validation
1,5,4,0369,train
1,5,4,0376,train
1,5,4,0379,validation
1,5,4,0384,train
1,5,4,0409,validation
1,5,4,0412,validation
1,5,4,0427,train
1,5,4,0432,train
1,5,4,0459,train
1,5,4,0468,train
1,5,4,0546,train
1,5,5,0003,train
1,5,5,0027,train
1,5,5,0029,train
1,5,5,0033,train
1,5,5,0037,train
1,5,5,0038,train
1,5,5,0041,train
1,5,5,0046,validation
1,5,5,0054,train
1,5,5,0063,train
1,5,5,0069,train
1,5,5,0089,train
1,5,5,0095,train
1,5,5,0100,train
1,5,5,0112,train
1,5,5,0116,train
1,5,5,0118,train
1,5,5,0139,train
1,5,5,0144,train
1,5,5,0153,validation
1,5,5,0161,validation
1,5,5,0170,validation
1,5,5,0178,train
1,5,5,0202,validation
1,5,5,0212,train
1,5,5,0227,validation
1,5,5,0246,train
1,5,5,0248,train
1,5,5,0256,validation
1,5,5,0262,train
1,5,5,0268,train
1,5,5,0273,train
1,5,5,0278,train
1,5,5,0281,train
1,5,5,0283,train
1,5,5,0287,train
1,5,5,0289,train
1,5,5,0296,train
1,5,5,0304,train
1,5,5,0306,train
1,5,5,0309,train
1,5,5,0311,train
1,5,5,0322,validation
1,5,5,0323,train
1,5,5,0346,train
1,5,5,0347,train
1,5,5,0369,validation
1,5,5,0376,validation
1,5,5,0379,train
1,5,5,0384,train
1,5,5,0409,train
1,5,5,0412,train
1,5,5,0427,train
1,5,5,0432,train
1,5,5,0459,validation
1,5,5,0468,train
1,5,5,0546,train
2,1,1,0003,train
2,1,1,0008,validation
2,1,1,0009,train
2,1,1,0027,train
2,1,1,0029,validation
2,1,1,0033,train
2,1,1,0038,validation
2,1,1,0041,train
2,1,1,0046,train
2,1,1,0053,train
2,1,1,0063,train
2,1,1,0069,validation
2,1,1,0079,train
2,1,1,0089,train
2,1,1,0100,train
2,1,1,0106,train
2,1,1,0117,train
2,1,1,0118,train
2,1,1,0135,validation
2,1,1,0144,train
2,1,1,0153,train
2,1,1,0161,train
2,1,1,0170,train
2,1,1,0212,train
2,1,1,0227,train
2,1,1,0242,train
2,1,1,0246,train
2,1,1,0248,train
2,1,1,0256,train
2,1,1,0262,train
2,1,1,0273,train
2,1,1,0278,train
2,1,1,0281,train
2,1,1,0283,train
2,1,1,0287,train
2,1,1,0289,train
2,1,1,0296,validation
2,1,1,0304,train
2,1,1,0306,train
2,1,1,0309,validation
2,1,1,0311,train
2,1,1,0322,train
2,1,1,0323,train
2,1,1,0330,validation
2,1,1,0369,validation
2,1,1,0376,validation
2,1,1,0379,train
2,1,1,0384,train
2,1,1,0399,validation
2,1,1,0406,train
2,1,1,0412,train
2,1,1,0427,train
2,1,1,0432,train
2,1,1,0459,train
2,1,1,0468,validation
2,1,1,0498,train
2,1,2,0003,train
2,1,2,0008,train
2,1,2,0009,train
2,1,2,0027,validation
2,1,2,0029,train
2,1,2,0033,train
2,1,2,0038,train
2,1,2,0041,train
2,1,2,0046,train
2,1,2,0053,train
2,1,2,0063,train
2,1,2,0069,train
2,1,2,0079,validation
2,1,2,0089,train
2,1,2,0100,validation
2,1,2,0106,train
2,1,2,0117,train
2,1,2,0118,train
2,1,2,0135,train
2,1,2,0144,validation
2,1,2,0153,validation
2,1,2,0161,validation
2,1,2,0170,validation
2,1,2,0212,train
2,1,2,0227,validation
2,1,2,0242,validation
2,1,2,0246,train
2,1,2,0248,train
2,1,2,0256,train
2,1,2,0262,train
2,1,2,0273,train
2,1,2,0278,train
2,1,2,0281,train
2,1,2,0283,train
2,1,2,0287,train
2,1,2,0289,train
2,1,2,0296,train
2,1,2,0304,train
2,1,2,0306,train
2,1,2,0309,train
2,1,2,0311,train
2,1,2,0322,validation
2,1,2,0323,train
2,1,2,0330,train
2,1,2,0369,train
2,1,2,0376,train
2,1,2,0379,train
2,1,2,0384,validation
2,1,2,0399,train
2,1,2,0406,train
2,1,2,0412,train
2,1,2,0427,validation
2,1,2,0432,train
2,1,2,0459,train
2,1,2,0468,train
2,1,2,0498,train
2,1,3,0003,validation
2,1,3,0008,train
2,1,3,0009,train
2,1,3,0027,train
2,1,3,0029,train
2,1,3,0033,train
2,1,3,0038,train
2,1,3,0041,train
2,1,3,0046,train
2,1,3,0053,train
2,1,3,0063,train
2,1,3,0069,train
2,1,3,0079,train
2,1,3,0089,train
2,1,3,0100,train
2,1,3,0106,train
2,1,3,0117,train
2,1,3,0118,train
2,1,3,0135,train
2,1,3,0144,train
2,1,3,0153,train
2,1,3,0161,train
2,1,3,0170,train
2,1,3,0212,validation
2,1,3,0227,train
2,1,3,0242,train
2,1,3,0246,validation
2,1,3,0248,validation
2,1,3,0256,validation
2,1,3,0262,validation
2,1,3,0273,validation
2,1,3,0278,validation
2,1,3,0281,train
2,1,3,0283,train
2,1,3,0287,train
2,1,3,0289,validation
2,1,3,0296,train
2,1,3,0304,train
2,1,3,0306,validation
2,1,3,0309,train
2,1,3,0311,train
2,1,3,0322,train
2,1,3,0323,train
2,1,3,0330,train
2,1,3,0369,train
2,1,3,0376,train
2,1,3,0379,train
2,1,3,0384,train
2,1,3,0399,train
2,1,3,0406,train
2,1,3,0412,train
2,1,3,0427,train
2,1,3,0432,validation
2,1,3,0459,train
2,1,3,0468,train
2,1,3,0498,train
2,1,4,0003,train
2,1,4,0008,train
2,1,4,0009,validation
2,1,4,0027,train
2,1,4,0029,train
2,1,4,0033,validation
2,1,4,0038,train
2,1,4,0041,validation
2,1,4,0046,train
2,1,4,0053,train
2,1,4,0063,validation
2,1,4,0069,train
2,1,4,0079,train
2,1,4,0089,validation
2,1,4,0100,train
2,1,4,0106,validation
2,1,4,0117,train
2,1,4,0118,validation
2,1,4,0135,train
2,1,4,0144,train
2,1,4,0153,train
2,1,4,0161,train
2,1,4,0170,train
2,1,4,0212,train
2,1,4,0227,train
2,1,4,0242,train
2,1,4,0246,train
2,1,4,0248,train
2,1,4,0256,train
2,1,4,0262,train
2,1,4,0273,train
2,1,4,0278,train
2,1,4,0281,train
2,1,4,0283,validation
2,1,4,0287,train
2,1,4,0289,train
2,1,4,0296,train
2,1,4,0304,train
2,1,4,0306,train
2,1,4,0309,train
2,1,4,0311,validation
2,1,4,0322,train
2,1,4,0323,train
2,1,4,0330,train
2,1,4,0369,train
2,1,4,0376,train
2,1,4,0379,train
2,1,4,0384,train
2,1,4,0399,train
2,1,4,0406,train
2,1,4,0412,validation
2,1,4,0427,train
2,1,4,0432,train
2,1,4,0459,train
2,1,4,0468,train
2,1,4,0498,validation
2,1,5,0003,train
2,1,5,0008,train
2,1,5,0009,train
2,1,5,0027,train
2,1,5,0029,train
2,1,5,0033,train
2,1,5,0038,train
2,1,5,0041,train
2,1,5,0046,validation
2,1,5,0053,validation
2,1,5,0063,train
2,1,5,0069,train
2,1,5,0079,train
2,1,5,0089,train
2,1,5,0100,train
2,1,5,0106,train
2,1,5,0117,validation
2,1,5,0118,train
2,1,5,0135,train
2,1,5,0144,train
2,1,5,0153,train
2,1,5,0161,train
2,1,5,0170,train
2,1,5,0212,train
2,1,5,0227,train
2,1,5,0242,train
2,1,5,0246,train
2,1,5,0248,train
2,1,5,0256,train
2,1,5,0262,train
2,1,5,0273,train
2,1,5,0278,train
2,1,5,0281,validation
2,1,5,0283,train
2,1,5,0287,validation
2,1,5,0289,train
2,1,5,0296,train
2,1,5,0304,validation
2,1,5,0306,train
2,1,5,0309,train
2,1,5,0311,train
2,1,5,0322,train
2,1,5,0323,validation
2,1,5,0330,train
2,1,5,0369,train
2,1,5,0376,train
2,1,5,0379,validation
2,1,5,0384,train
2,1,5,0399,train
2,1,5,0406,validation
2,1,5,0412,train
2,1,5,0427,train
2,1,5,0432,train
2,1,5,0459,validation
2,1,5,0468,train
2,1,5,0498,train
2,2,1,0003,train
2,2,1,0009,train
2,2,1,0014,validation
2,2,1,0027,train
2,2,1,0029,train
2,2,1,0033,train
2,2,1,0037,train
2,2,1,0038,train
2,2,1,0041,train
2,2,1,0046,train
2,2,1,0054,validation
2,2,1,0063,train
2,2,1,0079,train
2,2,1,0089,train
2,2,1,0095,validation
2,2,1,0106,train
2,2,1,0112,train
2,2,1,0116,train
2,2,1,0118,train
2,2,1,0139,train
2,2,1,0153,train
2,2,1,0161,train
2,2,1,0170,train
2,2,1,0178,train
2,2,1,0202,train
2,2,1,0212,train
2,2,1,0227,validation
2,2,1,0242,train
2,2,1,0246,validation
2,2,1,0248,train
2,2,1,0256,train
2,2,1,0262,validation
2,2,1,0268,train
2,2,1,0273,train
2,2,1,0278,train
2,2,1,0283,train
2,2,1,0289,validation
2,2,1,0296,train
2,2,1,0306,train
2,2,1,0309,train
2,2,1,0311,train
2,2,1,0322,train
2,2,1,0330,train
2,2,1,0346,train
2,2,1,0347,train
2,2,1,0369,validation
2,2,1,0370,train
2,2,1,0376,validation
2,2,1,0399,train
2,2,1,0406,train
2,2,1,0409,validation
2,2,1,0427,validation
2,2,1,0432,validation
2,2,1,0459,train
2,2,1,0468,train
2,2,1,0498,train
2,2,1,0546,train
2,2,2,0003,train
2,2,2,0009,validation
2,2,2,0014,train
2,2,2,0027,validation
2,2,2,0029,train
2,2,2,0033,train
2,2,2,0037,train
2,2,2,0038,train
2,2,2,0041,train
2,2,2,0046,train
2,2,2,0054,train
2,2,2,0063,train
2,2,2,0079,train
2,2,2,0089,validation
2,2,2,0095,train
2,2,2,0106,validation
2,2,2,0112,train
2,2,2,0116,train
2,2,2,0118,train
2,2,2,0139,validation
2,2,2,0153,train
2,2,2,0161,train
2,2,2,0170,validation
2,2,2,0178,train
2,2,2,0202,validation
2,2,2,0212,train
2,2,2,0227,train
2,2,2,0242,validation
2,2,2,0246,train
2,2,2,0248,train
2,2,2,0256,validation
2,2,2,0262,train
2,2,2,0268,train
2,2,2,0273,train
2,2,2,0278,train
2,2,2,0283,validation
2,2,2,0289,train
2,2,2,0296,train
2,2,2,0306,train
2,2,2,0309,train
2,2,2,0311,train
2,2,2,0322,train
2,2,2,0330,train
2,2,2,0346,train
2,2,2,0347,train
2,2,2,0369,train
2,2,2,0370,validation
2,2,2,0376,train
2,2,2,0399,validation
2,2,2,0406,train
2,2,2,0409,train
2,2,2,0427,train
2,2,2,0432,train
2,2,2,0459,train
2,2,2,0468,train
2,2,2,0498,train
2,2,2,0546,train
2,2,3,0003,train
2,2,3,0009,train
2,2,3,0014,train
2,2,3,0027,train
2,2,3,0029,train
2,2,3,0033,train
2,2,3,0037,train
2,2,3,0038,validation
2,2,3,0041,train
2,2,3,0046,train
2,2,3,0054,train
2,2,3,0063,train
2,2,3,0079,train
2,2,3,0089,train
2,2,3,0095,train
2,2,3,0106,train
2,2,3,0112,validation
2,2,3,0116,train
2,2,3,0118,validation
2,2,3,0139,train
2,2,3,0153,train
2,2,3,0161,train
2,2,3,0170,train
2,2,3,0178,train
2,2,3,0202,train
2,2,3,0212,train
2,2,3,0227,train
2,2,3,0242,train
2,2,3,0246,train
2,2,3,0248,train
2,2,3,0256,train
2,2,3,0262,train
2,2,3,0268,train
2,2,3,0273,train
2,2,3,0278,train
2,2,3,0283,train
2,2,3,0289,train
2,2,3,0296,validation
2,2,3,0306,train
2,2,3,0309,validation
2,2,3,0311,train
2,2,3,0322,validation
2,2,3,0330,train
2,2,3,0346,validation
2,2,3,0347,train
2,2,3,0369,train
2,2,3,0370,train
2,2,3,0376,train
2,2,3,0399,train
2,2,3,0406,validation
2,2,3,0409,train
2,2,3,0427,train
2,2,3,0432,train
2,2,3,0459,validation
2,2,3,0468,validation
2,2,3,0498,validation
2,2,3,0546,train
2,2,4,0003,validation
2,2,4,0009,train
2,2,4,0014,train
2,2,4,0027,train
2,2,4,0029,validation
2,2,4,0033,validation
2,2,4,0037,train
2,2,4,0038,train
2,2,4,0041,train
2,2,4,0046,validation
2,2,4,0054,train
2,2,4,0063,train
2,2,4,0079,train
2,2,4,0089,train
2,2,4,0095,train
2,2,4,0106,train
2,2,4,0112,train
2,2,4,0116,train
2,2,4,0118,train
2,2,4,0139,train
2,2,4,0153,validation
2,2,4,0161,train
2,2,4,0170,train
2,2,4,0178,validation
2,2,4,0202,train
2,2,4,0212,validation
2,2,4,0227,train
2,2,4,0242,train
2,2,4,0246,train
2,2,4,0248,train
2,2,4,0256,train
2,2,4,0262,train
2,2,4,0268,validation
2,2,4,0273,validation
2,2,4,0278,train
2,2,4,0283,train
2,2,4,0289,train
2,2,4,0296,train
2,2,4,0306,validation
2,2,4,0309,train
2,2,4,0311,train
2,2,4,0322,train
2,2,4,0330,train
2,2,4,0346,train
2,2,4,0347,train
2,2,4,0369,train
2,2,4,0370,train
2,2,4,0376,train
2,2,4,0399,train
2,2,4,0406,train
2,2,4,0409,train
2,2,4,0427,train
2,2,4,0432,train
2,2,4,0459,train
2,2,4,0468,train
2,2,4,0498,train
2,2,4,0546,validation
2,2,5,0003,train
2,2,5,0009,train
2,2,5,0014,train
2,2,5,0027,train
2,2,5,0029,train
2,2,5,0033,train
2,2,5,0037,validation
2,2,5,0038,train
2,2,5,0041,validation
2,2,5,0046,train
2,2,5,0054,train
2,2,5,0063,validation
2,2,5,0079,validation
2,2,5,0089,train
2,2,5,0095,train
2,2,5,0106,train
2,2,5,0112,train
2,2,5,0116,validation
2,2,5,0118,train
2,2,5,0139,train
2,2,5,0153,train
2,2,5,0161,validation
2,2,5,0170,train
2,2,5,0178,train
2,2,5,0202,train
2,2,5,0212,train
2,2,5,0227,train
2,2,5,0242,train
2,2,5,0246,train
2,2,5,0248,validation
2,2,5,0256,train
2,2,5,0262,train
2,2,5,0268,train
2,2,5,0273,train
2,2,5,0278,validation
2,2,5,0283,train
2,2,5,0289,train
2,2,5,0296,train
2,2,5,0306,train
2,2,5,0309,train
2,2,5,0311,validation
2,2,5,0322,train
2,2,5,0330,validation
2,2,5,0346,train
2,2,5,0347,validation
2,2,5,0369,train
2,2,5,0370,train
2,2,5,0376,train
2,2,5,0399,train
2,2,5,0406,train
2,2,5,0409,train
2,2,5,0427,train
2,2,5,0432,train
2,2,5,0459,train
2,2,5,0468,train
2,2,5,0498,train
2,2,5,0546,train
2,3,1,0003,train
2,3,1,0008,train
2,3,1,0014,train
2,3,1,0027,validation
2,3,1,0033,validation
2,3,1,0037,train
2,3,1,0038,train
2,3,1,0046,train
2,3,1,0053,validation
2,3,1,0054,train
2,3,1,0063,validation
2,3,1,0069,train
2,3,1,0079,train
2,3,1,0089,validation
2,3,1,0095,train
2,3,1,0100,train
2,3,1,0106,validation
2,3,1,0112,train
2,3,1,0116,train
2,3,1,0117,train
2,3,1,0135,train
2,3,1,0139,train
2,3,1,0144,train
2,3,1,0178,train
2,3,1,0202,train
2,3,1,0227,train
2,3,1,0248,train
2,3,1,0256,train
2,3,1,0262,train
2,3,1,0268,validation
2,3,1,0273,train
2,3,1,0278,train
2,3,1,0281,train
2,3,1,0287,validation
2,3,1,0289,train
2,3,1,0296,train
2,3,1,0304,train
2,3,1,0309,train
2,3,1,0311,train
2,3,1,0322,validation
2,3,1,0323,train
2,3,1,0330,validation
2,3,1,0346,train
2,3,1,0347,train
2,3,1,0369,train
2,3,1,0370,validation
2,3,1,0376,train
2,3,1,0379,train
2,3,1,0384,train
2,3,1,0406,train
2,3,1,0409,train
2,3,1,0412,train
2,3,1,0427,train
2,3,1,0432,validation
2,3,1,0459,train
2,3,1,0498,train
2,3,1,0546,train
2,3,2,0003,validation
2,3,2,0008,train
2,3,2,0014,train
2,3,2,0027,train
2,3,2,0033,train
2,3,2,0037,validation
2,3,2,0038,train
2,3,2,0046,train
2,3,2,0053,train
2,3,2,0054,train
2,3,2,0063,train
2,3,2,0069,validation
2,3,2,0079,train
2,3,2,0089,train
2,3,2,0095,validation
2,3,2,0100,train
2,3,2,0106,train
2,3,2,0112,train
2,3,2,0116,train
2,3,2,0117,train
2,3,2,0135,train
2,3,2,0139,train
2,3,2,0144,validation
2,3,2,0178,train
2,3,2,0202,train
2,3,2,0227,train
2,3,2,0248,train
2,3,2,0256,train
2,3,2,0262,validation
2,3,2,0268,train
2,3,2,0273,train
2,3,2,0278,train
2,3,2,0281,train
2,3,2,0287,train
2,3,2,0289,train
2,3,2,0296,train
2,3,2,0304,validation
2,3,2,0309,train
2,3,2,0311,validation
2,3,2,0322,train
2,3,2,0323,train
2,3,2,0330,train
2,3,2,0346,validation
2,3,2,0347,train
2,3,2,0369,validation
2,3,2,0370,train
2,3,2,0376,validation
2,3,2,0379,train
2,3,2,0384,train
2,3,2,0406,train
2,3,2,0409,train
2,3,2,0412,validation
2,3,2,0427,train
2,3,2,0432,train
2,3,2,0459,train
2,3,2,0498,train
2,3,2,0546,train
2,3,3,0003,train
2,3,3,0008,train
2,3,3,0014,validation
2,3,3,0027,train
2,3,3,0033,train
2,3,3,0037,train
2,3,3,0038,train
2,3,3,0046,train
2,3,3,0053,train
2,3,3,0054,validation
2,3,3,0063,train
2,3,3,0069,train
2,3,3,0079,train
2,3,3,0089,train
2,3,3,0095,train
2,3,3,0100,validation
2,3,3,0106,train
2,3,3,0112,train
2,3,3,0116,train
2,3,3,0117,train
2,3,3,0135,train
2,3,3,0139,train
2,3,3,0144,train
2,3,3,0178,train
2,3,3,0202,validation
2,3,3,0227,train
2,3,3,0248,validation
2,3,3,0256,train
2,3,3,0262,train
2,3,3,0268,train
2,3,3,0273,train
2,3,3,0278,train
2,3,3,0281,train
2,3,3,0287,train
2,3,3,0289,train
2,3,3,0296,validation
2,3,3,0304,train
2,3,3,0309,validation
2,3,3,0311,train
2,3,3,0322,train
2,3,3,0323,validation
2,3,3,0330,train
2,3,3,0346,train
2,3,3,0347,validation
2,3,3,0369,train
2,3,3,0370,train
2,3,3,0376,train
2,3,3,0379,train
2,3,3,0384,train
2,3,3,0406,train
2,3,3,0409,validation
2,3,3,0412,train
2,3,3,0427,train
2,3,3,0432,train
2,3,3,0459,train
2,3,3,0498,validation
2,3,3,0546,train
2,3,4,0003,train
2,3,4,0008,train
2,3,4,0014,train
2,3,4,0027,train
2,3,4,0033,train
2,3,4,0037,train
2,3,4,0038,validation
2,3,4,0046,validation
2,3,4,0053,train
2,3,4,0054,train
2,3,4,0063,train
2,3,4,0069,train
2,3,4,0079,validation
2,3,4,0089,train
2,3,4,0095,train
2,3,4,0100,train
2,3,4,0106,train
2,3,4,0112,train
2,3,4,0116,validation
2,3,4,0117,validation
2,3,4,0135,train
2,3,4,0139,validation
2,3,4,0144,train
2,3,4,0178,validation
2,3,4,0202,train
2,3,4,0227,train
2,3,4,0248,train
2,3,4,0256,train
2,3,4,0262,train
2,3,4,0268,train
2,3,4,0273,train
2,3,4,0278,validation
2,3,4,0281,train
2,3,4,0287,train
2,3,4,0289,train
2,3,4,0296,train
2,3,4,0304,train
2,3,4,0309,train
2,3,4,0311,train
2,3,4,0322,train
2,3,4,0323,train
2,3,4,0330,train
2,3,4,0346,train
2,3,4,0347,train
2,3,4,0369,train
2,3,4,0370,train
2,3,4,0376,train
2,3,4,0379,train
2,3,4,0384,train
2,3,4,0406,validation
2,3,4,0409,train
2,3,4,0412,train
2,3,4,0427,validation
2,3,4,0432,train
2,3,4,0459,train
2,3,4,0498,train
2,3,4,0546,validation
2,3,5,0003,train
2,3,5,0008,validation
2,3,5,0014,train
2,3,5,0027,train
2,3,5,0033,train
2,3,5,0037,train
2,3,5,0038,train
2,3,5,0046,train
2,3,5,0053,train
2,3,5,0054,train
2,3,5,0063,train
2,3,5,0069,train
2,3,5,0079,train
2,3,5,0089,train
2,3,5,0095,train
2,3,5,0100,train
2,3,5,0106,train
2,3,5,0112,validation
2,3,5,0116,train
2,3,5,0117,train
2,3,5,0135,validation
2,3,5,0139,train
2,3,5,0144,train
2,3,5,0178,train
2,3,5,0202,train
2,3,5,0227,validation
2,3,5,0248,train
2,3,5,0256,validation
2,3,5,0262,train
2,3,5,0268,train
2,3,5,0273,validation
2,3,5,0278,train
2,3,5,0281,validation
2,3,5,0287,train
2,3,5,0289,validation
2,3,5,0296,train
2,3,5,0304,train
2,3,5,0309,train
2,3,5,0311,train
2,3,5,0322,train
2,3,5,0323,train
2,3,5,0330,train
2,3,5,0346,train
2,3,5,0347,train
2,3,5,0369,train
2,3,5,0370,train
2,3,5,0376,train
2,3,5,0379,validation
2,3,5,0384,validation
2,3,5,0406,train
2,3,5,0409,train
2,3,5,0412,train
2,3,5,0427,train
2,3,5,0432,train
2,3,5,0459,validation
2,3,5,0498,train
2,3,5,0546,train
2,4,1,0008,train
2,4,1,0009,train
2,4,1,0014,train
2,4,1,0029,validation
2,4,1,0033,validation
2,4,1,0037,validation
2,4,1,0041,validation
2,4,1,0053,train
2,4,1,0054,train
2,4,1,0069,validation
2,4,1,0095,train
2,4,1,0100,train
2,4,1,0106,train
2,4,1,0112,validation
2,4,1,0116,train
2,4,1,0117,train
2,4,1,0118,validation
2,4,1,0135,train
2,4,1,0139,train
2,4,1,0144,train
2,4,1,0153,train
2,4,1,0161,train
2,4,1,0170,train
2,4,1,0178,train
2,4,1,0202,train
2,4,1,0212,train
2,4,1,0227,train
2,4,1,0242,train
2,4,1,0246,train
2,4,1,0248,train
2,4,1,0256,train
2,4,1,0262,train
2,4,1,0268,train
2,4,1,0281,train
2,4,1,0283,train
2,4,1,0287,train
2,4,1,0296,train
2,4,1,0304,train
2,4,1,0306,train
2,4,1,0309,validation
2,4,1,0322,train
2,4,1,0323,train
2,4,1,0330,train
2,4,1,0346,train
2,4,1,0347,train
2,4,1,0369,train
2,4,1,0370,train
2,4,1,0376,train
2,4,1,0379,train
2,4,1,0384,validation
2,4,1,0399,train
2,4,1,0409,train
2,4,1,0412,train
2,4,1,0459,validation
2,4,1,0468,validation
2,4,1,0498,validation
2,4,1,0546,train
2,4,2,0008,train
2,4,2,0009,train
2,4,2,0014,train
2,4,2,0029,train
2,4,2,0033,train
2,4,2,0037,train
2,4,2,0041,train
2,4,2,0053,train
2,4,2,0054,train
2,4,2,0069,train
2,4,2,0095,train
2,4,2,0100,train
2,4,2,0106,train
2,4,2,0112,train
2,4,2,0116,train
2,4,2,0117,train
2,4,2,0118,train
2,4,2,0135,validation
2,4,2,0139,validation
2,4,2,0144,validation
2,4,2,0153,train
2,4,2,0161,train
2,4,2,0170,train
2,4,2,0178,train
2,4,2,0202,train
2,4,2,0212,train
2,4,2,0227,train
2,4,2,0242,validation
2,4,2,0246,validation
2,4,2,0248,train
2,4,2,0256,validation
2,4,2,0262,train
2,4,2,0268,train
2,4,2,0281,train
2,4,2,0283,validation
2,4,2,0287,validation
2,4,2,0296,train
2,4,2,0304,validation
2,4,2,0306,train
2,4,2,0309,train
2,4,2,0322,train
2,4,2,0323,train
2,4,2,0330,train
2,4,2,0346,train
2,4,2,0347,train
2,4,2,0369,train
2,4,2,0370,train
2,4,2,0376,train
2,4,2,0379,train
2,4,2,0384,train
2,4,2,0399,validation
2,4,2,0409,validation
2,4,2,0412,validation
2,4,2,0459,train
2,4,2,0468,train
2,4,2,0498,train
2,4,2,0546,train
2,4,3,0008,validation
2,4,3,0009,train
2,4,3,0014,train
2,4,3,0029,train
2,4,3,0033,train
2,4,3,0037,train
2,4,3,0041,train
2,4,3,0053,train
2,4,3,0054,validation
2,4,3,0069,train
2,4,3,0095,train
2,4,3,0100,validation
2,4,3,0106,train
2,4,3,0112,train
2,4,3,0116,train
2,4,3,0117,validation
2,4,3,0118,train
2,4,3,0135,train
2,4,3,0139,train
2,4,3,0144,train
2,4,3,0153,train
2,4,3,0161,train
2,4,3,0170,train
2,4,3,0178,train
2,4,3,0202,validation
2,4,3,0212,validation
2,4,3,0227,train
2,4,3,0242,train
2,4,3,0246,train
2,4,3,0248,train
2,4,3,0256,train
2,4,3,0262,train
2,4,3,0268,validation
2,4,3,0281,train
2,4,3,0283,train
2,4,3,0287,train
2,4,3,0296,validation
2,4,3,0304,train
2,4,3,0306,validation
2,4,3,0309,train
2,4,3,0322,validation
2,4,3,0323,validation
2,4,3,0330,train
2,4,3,0346,train
2,4,3,0347,train
2,4,3,0369,train
2,4,3,0370,train
2,4,3,0376,train
2,4,3,0379,train
2,4,3,0384,train
2,4,3,0399,train
2,4,3,0409,train
2,4,3,0412,train
2,4,3,0459,train
2,4,3,0468,train
2,4,3,0498,train
2,4,3,0546,train
2,4,4,0008,train
2,4,4,0009,train
2,4,4,0014,validation
2,4,4,0029,train
2,4,4,0033,train
2,4,4,0037,train
2,4,4,0041,train
2,4,4,0053,train
2,4,4,0054,train
2,4,4,0069,train
2,4,4,0095,validation
2,4,4,0100,train
2,4,4,0106,train
2,4,4,0112,train
2,4,4,0116,validation
2,4,4,0117,train
2,4,4,0118,train
2,4,4,0135,train
2,4,4,0139,train
2,4,4,0144,train
2,4,4,0153,train
2,4,4,0161,train
2,4,4,0170,train
2,4,4,0178,train
2,4,4,0202,train
2,4,4,0212,train
2,4,4,0227,train
2,4,4,0242,train
2,4,4,0246,train
2,4,4,0248,train
2,4,4,0256,train
2,4,4,0262,validation
2,4,4,0268,train
2,4,4,0281,train
2,4,4,0283,train
2,4,4,0287,train
2,4,4,0296,train
2,4,4,0304,train
2,4,4,0306,train
2,4,4,0309,train
2,4,4,0322,train
2,4,4,0323,train
2,4,4,0330,validation
2,4,4,0346,validation
2,4,4,0347,validation
2,4,4,0369,train
2,4,4,0370,validation
2,4,4,0376,validation
2,4,4,0379,validation
2,4,4,0384,train
2,4,4,0399,train
2,4,4,0409,train
2,4,4,0412,train
2,4,4,0459,train
2,4,4,0468,train
2,4,4,0498,train
2,4,4,0546,validation
2,4,5,0008,train
2,4,5,0009,validation
2,4,5,0014,train
2,4,5,0029,train
2,4,5,0033,train
2,4,5,0037,train
2,4,5,0041,train
2,4,5,0053,validation
2,4,5,0054,train
2,4,5,0069,train
2,4,5,0095,train
2,4,5,0100,train
2,4,5,0106,validation
2,4,5,0112,train
2,4,5,0116,train
2,4,5,0117,train
2,4,5,0118,train
2,4,5,0135,train
2,4,5,0139,train
2,4,5,0144,train
2,4,5,0153,validation
2,4,5,0161,validation
2,4,5,0170,validation
2,4,5,0178,validation
2,4,5,0202,train
2,4,5,0212,train
2,4,5,0227,validation
2,4,5,0242,train
2,4,5,0246,train
2,4,5,0248,validation
2,4,5,0256,train
2,4,5,0262,train
2,4,5,0268,train
2,4,5,0281,validation
2,4,5,0283,train
2,4,5,0287,train
2,4,5,0296,train
2,4,5,0304,train
2,4,5,0306,train
2,4,5,0309,train
2,4,5,0322,train
2,4,5,0323,train
2,4,5,0330,train
2,4,5,0346,train
2,4,5,0347,train
2,4,5,0369,validation
2,4,5,0370,train
2,4,5,0376,train
2,4,5,0379,train
2,4,5,0384,train
2,4,5,0399,train
2,4,5,0409,train
2,4,5,0412,train
2,4,5,0459,train
2,4,5,0468,train
2,4,5,0498,train
2,4,5,0546,train
2,5,1,0003,train
2,5,1,0008,train
2,5,1,0009,train
2,5,1,0014,train
2,5,1,0027,validation
2,5,1,0029,train
2,5,1,0037,validation
2,5,1,0038,train
2,5,1,0041,train
2,5,1,0046,train
2,5,1,0053,train
2,5,1,0054,train
2,5,1,0063,train
2,5,1,0069,validation
2,5,1,0079,train
2,5,1,0089,train
2,5,1,0095,validation
2,5,1,0100,train
2,5,1,0112,train
2,5,1,0116,train
2,5,1,0117,train
2,5,1,0118,validation
2,5,1,0135,train
2,5,1,0139,validation
2,5,1,0144,train
2,5,1,0153,train
2,5,1,0161,train
2,5,1,0170,train
2,5,1,0178,train
2,5,1,0202,train
2,5,1,0212,train
2,5,1,0242,validation
2,5,1,0246,train
2,5,1,0268,train
2,5,1,0273,train
2,5,1,0278,train
2,5,1,0281,train
2,5,1,0283,train
2,5,1,0287,train
2,5,1,0289,train
2,5,1,0304,train
2,5,1,0306,validation
2,5,1,0311,train
2,5,1,0323,train
2,5,1,0346,train
2,5,1,0347,train
2,5,1,0370,train
2,5,1,0379,train
2,5,1,0384,validation
2,5,1,0399,validation
2,5,1,0406,train
2,5,1,0409,train
2,5,1,0412,train
2,5,1,0427,train
2,5,1,0432,validation
2,5,1,0468,train
2,5,1,0546,validation
2,5,2,0003,train
2,5,2,0008,validation
2,5,2,0009,train
2,5,2,0014,validation
2,5,2,0027,train
2,5,2,0029,train
2,5,2,0037,train
2,5,2,0038,train
2,5,2,0041,train
2,5,2,0046,train
2,5,2,0053,train
2,5,2,0054,train
2,5,2,0063,train
2,5,2,0069,train
2,5,2,0079,validation
2,5,2,0089,train
2,5,2,0095,train
2,5,2,0100,train
2,5,2,0112,train
2,5,2,0116,train
2,5,2,0117,train
2,5,2,0118,train
2,5,2,0135,validation
2,5,2,0139,train
2,5,2,0144,train
2,5,2,0153,train
2,5,2,0161,train
2,5,2,0170,train
2,5,2,0178,train
2,5,2,0202,train
2,5,2,0212,validation
2,5,2,0242,train
2,5,2,0246,validation
2,5,2,0268,train
2,5,2,0273,train
2,5,2,0278,train
2,5,2,0281,validation
2,5,2,0283,train
2,5,2,0287,train
2,5,2,0289,validation
2,5,2,0304,train
2,5,2,0306,train
2,5,2,0311,validation
2,5,2,0323,train
2,5,2,0346,train
2,5,2,0347,train
2,5,2,0370,train
2,5,2,0379,train
2,5,2,0384,train
2,5,2,0399,train
2,5,2,0406,validation
2,5,2,0409,train
2,5,2,0412,train
2,5,2,0427,validation
2,5,2,0432,train
2,5,2,0468,validation
2,5,2,0546,train
2,5,3,0003,train
2,5,3,0008,train
2,5,3,0009,validation
2,5,3,0014,train
2,5,3,0027,train
2,5,3,0029,train
2,5,3,0037,train
2,5,3,0038,validation
2,5,3,0041,validation
2,5,3,0046,train
2,5,3,0053,train
2,5,3,0054,train
2,5,3,0063,train
2,5,3,0069,train
2,5,3,0079,train
2,5,3,0089,train
2,5,3,0095,train
2,5,3,0100,train
2,5,3,0112,train
2,5,3,0116,train
2,5,3,0117,train
2,5,3,0118,train
2,5,3,0135,train
2,5,3,0139,train
2,5,3,0144,validation
2,5,3,0153,train
2,5,3,0161,train
2,5,3,0170,validation
2,5,3,0178,validation
2,5,3,0202,train
2,5,3,0212,train
2,5,3,0242,train
2,5,3,0246,train
2,5,3,0268,train
2,5,3,0273,train
2,5,3,0278,validation
2,5,3,0281,train
2,5,3,0283,train
2,5,3,0287,validation
2,5,3,0289,train
2,5,3,0304,train
2,5,3,0306,train
2,5,3,0311,train
2,5,3,0323,train
2,5,3,0346,train
2,5,3,0347,validation
2,5,3,0370,train
2,5,3,0379,validation
2,5,3,0384,train
2,5,3,0399,train
2,5,3,0406,train
2,5,3,0409,validation
2,5,3,0412,train
2,5,3,0427,train
2,5,3,0432,train
2,5,3,0468,train
2,5,3,0546,train
2,5,4,0003,validation
2,5,4,0008,train
2,5,4,0009,train
2,5,4,0014,train
2,5,4,0027,train
2,5,4,0029,validation
2,5,4,0037,train
2,5,4,0038,train
2,5,4,0041,train
2,5,4,0046,validation
2,5,4,0053,validation
2,5,4,0054,train
2,5,4,0063,validation
2,5,4,0069,train
2,5,4,0079,train
2,5,4,0089,train
2,5,4,0095,train
2,5,4,0100,train
2,5,4,0112,validation
2,5,4,0116,validation
2,5,4,0117,train
2,5,4,0118,train
2,5,4,0135,train
2,5,4,0139,train
2,5,4,0144,train
2,5,4,0153,train
2,5,4,0161,validation
2,5,4,0170,train
2,5,4,0178,train
2,5,4,0202,train
2,5,4,0212,train
2,5,4,0242,train
2,5,4,0246,train
2,5,4,0268,train
2,5,4,0273,train
2,5,4,0278,train
2,5,4,0281,train
2,5,4,0283,train
2,5,4,0287,train
2,5,4,0289,train
2,5,4,0304,validation
2,5,4,0306,train
2,5,4,0311,train
2,5,4,0323,validation
2,5,4,0346,validation
2,5,4,0347,train
2,5,4,0370,train
2,5,4,0379,train
2,5,4,0384,train
2,5,4,0399,train
2,5,4,0406,train
2,5,4,0409,train
2,5,4,0412,train
2,5,4,0427,train
2,5,4,0432,train
2,5,4,0468,train
2,5,4,0546,train
2,5,5,0003,train
2,5,5,0008,train
2,5,5,0009,train
2,5,5,0014,train
2,5,5,0027,train
2,5,5,0029,train
2,5,5,0037,train
2,5,5,0038,train
2,5,5,0041,train
2,5,5,0046,train
2,5,5,0053,train
2,5,5,0054,validation
2,5,5,0063,train
2,5,5,0069,train
2,5,5,0079,train
2,5,5,0089,validation
2,5,5,0095,train
2,5,5,0100,validation
2,5,5,0112,train
2,5,5,0116,train
2,5,5,0117,validation
2,5,5,0118,train
2,5,5,0135,train
2,5,5,0139,train
2,5,5,0144,train
2,5,5,0153,validation
2,5,5,0161,train
2,5,5,0170,train
2,5,5,0178,train
2,5,5,0202,validation
2,5,5,0212,train
2,5,5,0242,train
2,5,5,0246,train
2,5,5,0268,validation
2,5,5,0273,validation
2,5,5,0278,train
2,5,5,0281,train
2,5,5,0283,validation
2,5,5,0287,train
2,5,5,0289,train
2,5,5,0304,train
2,5,5,0306,train
2,5,5,0311,train
2,5,5,0323,train
2,5,5,0346,train
2,5,5,0347,train
2,5,5,0370,validation
2,5,5,0379,train
2,5,5,0384,train
2,5,5,0399,train
2,5,5,0406,train
2,5,5,0409,train
2,5,5,0412,validation
2,5,5,0427,train
2,5,5,0432,train
2,5,5,0468,train
2,5,5,0546,train
3,1,1,0003,validation
3,1,1,0009,validation
3,1,1,0014,validation
3,1,1,0027,train
3,1,1,0033,validation
3,1,1,0037,train
3,1,1,0038,train
3,1,1,0046,train
3,1,1,0053,train
3,1,1,0063,validation
3,1,1,0069,train
3,1,1,0079,train
3,1,1,0089,train
3,1,1,0095,train
3,1,1,0100,train
3,1,1,0106,train
3,1,1,0112,train
3,1,1,0116,train
3,1,1,0117,validation
3,1,1,0118,train
3,1,1,0139,train
3,1,1,0144,train
3,1,1,0153,train
3,1,1,0161,train
3,1,1,0170,train
3,1,1,0202,train
3,1,1,0212,train
3,1,1,0227,train
3,1,1,0242,train
3,1,1,0256,train
3,1,1,0262,train
3,1,1,0268,train
3,1,1,0278,train
3,1,1,0281,train
3,1,1,0287,train
3,1,1,0296,train
3,1,1,0304,validation
3,1,1,0306,train
3,1,1,0311,validation
3,1,1,0322,train
3,1,1,0323,train
3,1,1,0330,train
3,1,1,0346,train
3,1,1,0347,train
3,1,1,0369,validation
3,1,1,0370,train
3,1,1,0376,train
3,1,1,0379,validation
3,1,1,0384,train
3,1,1,0399,train
3,1,1,0406,train
3,1,1,0432,train
3,1,1,0459,validation
3,1,1,0468,train
3,1,1,0498,train
3,1,1,0546,validation
3,1,2,0003,train
3,1,2,0009,train
3,1,2,0014,train
3,1,2,0027,train
3,1,2,0033,train
3,1,2,0037,train
3,1,2,0038,train
3,1,2,0046,train
3,1,2,0053,validation
3,1,2,0063,train
3,1,2,0069,train
3,1,2,0079,train
3,1,2,0089,validation
3,1,2,0095,validation
3,1,2,0100,validation
3,1,2,0106,validation
3,1,2,0112,train
3,1,2,0116,train
3,1,2,0117,train
3,1,2,0118,train
3,1,2,0139,train
3,1,2,0144,train
3,1,2,0153,train
3,1,2,0161,train
3,1,2,0170,train
3,1,2,0202,train
3,1,2,0212,train
3,1,2,0227,validation
3,1,2,0242,train
3,1,2,0256,train
3,1,2,0262,train
3,1,2,0268,train
3,1,2,0278,train
3,1,2,0281,train
3,1,2,0287,validation
3,1,2,0296,train
3,1,2,0304,train
3,1,2,0306,validation
3,1,2,0311,train
3,1,2,0322,validation
3,1,2,0323,train
3,1,2,0330,validation
3,1,2,0346,train
3,1,2,0347,train
3,1,2,0369,train
3,1,2,0370,validation
3,1,2,0376,train
3,1,2,0379,train
3,1,2,0384,validation
3,1,2,0399,train
3,1,2,0406,train
3,1,2,0432,train
3,1,2,0459,train
3,1,2,0468,train
3,1,2,0498,train
3,1,2,0546,train
3,1,3,0003,train
3,1,3,0009,train
3,1,3,0014,train
3,1,3,0027,train
3,1,3,0033,train
3,1,3,0037,train
3,1,3,0038,validation
3,1,3,0046,train
3,1,3,0053,train
3,1,3,0063,train
3,1,3,0069,train
3,1,3,0079,validation
3,1,3,0089,train
3,1,3,0095,train
3,1,3,0100,train
3,1,3,0106,train
3,1,3,0112,train
3,1,3,0116,train
3,1,3,0117,train
3,1,3,0118,train
3,1,3,0139,validation
3,1,3,0144,train
3,1,3,0153,train
3,1,3,0161,validation
3,1,3,0170,validation
3,1,3,0202,validation
3,1,3,0212,train
3,1,3,0227,train
3,1,3,0242,validation
3,1,3,0256,train
3,1,3,0262,train
3,1,3,0268,train
3,1,3,0278,train
3,1,3,0281,validation
3,1,3,0287,train
3,1,3,0296,train
3,1,3,0304,train
3,1,3,0306,train
3,1,3,0311,train
3,1,3,0322,train
3,1,3,0323,train
3,1,3,0330,train
3,1,3,0346,validation
3,1,3,0347,train
3,1,3,0369,train
3,1,3,0370,train
3,1,3,0376,train
3,1,3,0379,train
3,1,3,0384,train
3,1,3,0399,validation
3,1,3,0406,train
3,1,3,0432,train
3,1,3,0459,train
3,1,3,0468,validation
3,1,3,0498,train
3,1,3,0546,train
3,1,4,0003,train
3,1,4,0009,train
3,1,4,0014,train
3,1,4,0027,validation
3,1,4,0033,train
3,1,4,0037,train
3,1,4,0038,train
3,1,4,0046,train
3,1,4,0053,train
3,1,4,0063,train
3,1,4,0069,train
3,1,4,0079,train
3,1,4,0089,train
3,1,4,0095,train
3,1,4,0100,train
3,1,4,0106,train
3,1,4,0112,train
3,1,4,0116,validation
3,1,4,0117,train
3,1,4,0118,train
3,1,4,0139,train
3,1,4,0144,validation
3,1,4,0153,validation
3,1,4,0161,train
3,1,4,0170,train
3,1,4,0202,train
3,1,4,0212,validation
3,1,4,0227,train
3,1,4,0242,train
3,1,4,0256,validation
3,1,4,0262,train
3,1,4,0268,train
3,1,4,0278,validation
3,1,4,0281,train
3,1,4,0287,train
3,1,4,0296,train
3,1,4,0304,train
3,1,4,0306,train
3,1,4,0311,train
3,1,4,0322,train
3,1,4,0323,validation
3,1,4,0330,train
3,1,4,0346,train
3,1,4,0347,train
3,1,4,0369,train
3,1,4,0370,train
3,1,4,0376,train
3,1,4,0379,train
3,1,4,0384,train
3,1,4,0399,train
3,1,4,0406,validation
3,1,4,0432,validation
3,1,4,0459,train
3,1,4,0468,train
3,1,4,0498,validation
3,1,4,0546,train
3,1,5,0003,train
3,1,5,0009,train
3,1,5,0014,train
3,1,5,0027,train
3,1,5,0033,train
3,1,5,0037,validation
3,1,5,0038,train
3,1,5,0046,validation
3,1,5,0053,train
3,1,5,0063,train
3,1,5,0069,validation
3,1,5,0079,train
3,1,5,0089,train
3,1,5,0095,train
3,1,5,0100,train
3,1,5,0106,train
3,1,5,0112,validation
3,1,5,0116,train
3,1,5,0117,train
3,1,5,0118,validation
3,1,5,0139,train
3,1,5,0144,train
3,1,5,0153,train
3,1,5,0161,train
3,1,5,0170,train
3,1,5,0202,train
3,1,5,0212,train
3,1,5,0227,train
3,1,5,0242,train
3,1,5,0256,train
3,1,5,0262,validation
3,1,5,0268,validation
3,1,5,0278,train
3,1,5,0281,train
3,1,5,0287,train
3,1,5,0296,validation
3,1,5,0304,train
3,1,5,0306,train
3,1,5,0311,train
3,1,5,0322,train
3,1,5,0323,train
3,1,5,0330,train
3,1,5,0346,train
3,1,5,0347,validation
3,1,5,0369,train
3,1,5,0370,train
3,1,5,0376,validation
3,1,5,0379,train
3,1,5,0384,train
3,1,5,0399,train
3,1,5,0406,train
3,1,5,0432,train
3,1,5,0459,train
3,1,5,0468,train
3,1,5,0498,train
3,1,5,0546,train
3,2,1,0003,train
3,2,1,0008,train
3,2,1,0009,train
3,2,1,0014,train
3,2,1,0027,train
3,2,1,0029,validation
3,2,1,0037,validation
3,2,1,0038,train
3,2,1,0041,validation
3,2,1,0046,train
3,2,1,0053,validation
3,2,1,0054,train
3,2,1,0063,train
3,2,1,0089,train
3,2,1,0106,train
3,2,1,0112,train
3,2,1,0116,train
3,2,1,0117,validation
3,2,1,0118,validation
3,2,1,0135,train
3,2,1,0139,train
3,2,1,0144,train
3,2,1,0178,train
3,2,1,0212,train
3,2,1,0227,train
3,2,1,0242,train
3,2,1,0246,train
3,2,1,0248,train
3,2,1,0262,train
3,2,1,0268,train
3,2,1,0273,train
3,2,1,0278,train
3,2,1,0281,train
3,2,1,0283,validation
3,2,1,0289,train
3,2,1,0296,train
3,2,1,0304,train
3,2,1,0306,train
3,2,1,0309,validation
3,2,1,0311,validation
3,2,1,0322,train
3,2,1,0323,train
3,2,1,0346,validation
3,2,1,0347,train
3,2,1,0369,train
3,2,1,0370,train
3,2,1,0376,train
3,2,1,0379,train
3,2,1,0384,train
3,2,1,0399,train
3,2,1,0409,validation
3,2,1,0412,train
3,2,1,0427,train
3,2,1,0432,train
3,2,1,0459,validation
3,2,1,0468,train
3,2,1,0498,train
3,2,2,0003,validation
3,2,2,0008,validation
3,2,2,0009,train
3,2,2,0014,train
3,2,2,0027,train
3,2,2,0029,train
3,2,2,0037,train
3,2,2,0038,train
3,2,2,0041,train
3,2,2,0046,train
3,2,2,0053,train
3,2,2,0054,validation
3,2,2,0063,train
3,2,2,0089,train
3,2,2,0106,train
3,2,2,0112,train
3,2,2,0116,train
3,2,2,0117,train
3,2,2,0118,train
3,2,2,0135,train
3,2,2,0139,train
3,2,2,0144,validation
3,2,2,0178,train
3,2,2,0212,train
3,2,2,0227,validation
3,2,2,0242,train
3,2,2,0246,train
3,2,2,0248,train
3,2,2,0262,train
3,2,2,0268,train
3,2,2,0273,train
3,2,2,0278,train
3,2,2,0281,train
3,2,2,0283,train
3,2,2,0289,validation
3,2,2,0296,train
3,2,2,0304,train
3,2,2,0306,train
3,2,2,0309,train
3,2,2,0311,train
3,2,2,0322,validation
3,2,2,0323,train
3,2,2,0346,train
3,2,2,0347,validation
3,2,2,0369,train
3,2,2,0370,train
3,2,2,0376,validation
3,2,2,0379,validation
3,2,2,0384,train
3,2,2,0399,validation
3,2,2,0409,train
3,2,2,0412,train
3,2,2,0427,train
3,2,2,0432,train
3,2,2,0459,train
3,2,2,0468,validation
3,2,2,0498,train
3,2,3,0003,train
3,2,3,0008,train
3,2,3,0009,train
3,2,3,0014,train
3,2,3,0027,validation
3,2,3,0029,train
3,2,3,0037,train
3,2,3,0038,train
3,2,3,0041,train
3,2,3,0046,train
3,2,3,0053,train
3,2,3,0054,train
3,2,3,0063,train
3,2,3,0089,train
3,2,3,0106,train
3,2,3,0112,validation
3,2,3,0116,train
3,2,3,0117,train
3,2,3,0118,train
3,2,3,0135,train
3,2,3,0139,train
3,2,3,0144,train
3,2,3,0178,validation
3,2,3,0212,validation
3,2,3,0227,train
3,2,3,0242,train
3,2,3,0246,train
3,2,3,0248,train
3,2,3,0262,train
3,2,3,0268,validation
3,2,3,0273,train
3,2,3,0278,train
3,2,3,0281,train
3,2,3,0283,train
3,2,3,0289,train
3,2,3,0296,validation
3,2,3,0304,train
3,2,3,0306,train
3,2,3,0309,train
3,2,3,0311,train
3,2,3,0322,train
3,2,3,0323,validation
3,2,3,0346,train
3,2,3,0347,train
3,2,3,0369,validation
3,2,3,0370,train
3,2,3,0376,train
3,2,3,0379,train
3,2,3,0384,validation
3,2,3,0399,train
3,2,3,0409,train
3,2,3,0412,validation
3,2,3,0427,train
3,2,3,0432,validation
3,2,3,0459,train
3,2,3,0468,train
3,2,3,0498,train
3,2,4,0003,train
3,2,4,0008,train
3,2,4,0009,validation
3,2,4,0014,validation
3,2,4,0027,train
3,2,4,0029,train
3,2,4,0037,train
3,2,4,0038,train
3,2,4,0041,train
3,2,4,0046,validation
3,2,4,0053,train
3,2,4,0054,train
3,2,4,0063,train
3,2,4,0089,validation
3,2,4,0106,train
3,2,4,0112,train
3,2,4,0116,validation
3,2,4,0117,train
3,2,4,0118,train
3,2,4,0135,train
3,2,4,0139,validation
3,2,4,0144,train
3,2,4,0178,train
3,2,4,0212,train
3,2,4,0227,train
3,2,4,0242,train
3,2,4,0246,validation
3,2,4,0248,validation
3,2,4,0262,validation
3,2,4,0268,train
3,2,4,0273,train
3,2,4,0278,validation
3,2,4,0281,validation
3,2,4,0283,train
3,2,4,0289,train
3,2,4,0296,train
3,2,4,0304,train
3,2,4,0306,train
3,2,4,0309,train
3,2,4,0311,train
3,2,4,0322,train
3,2,4,0323,train
3,2,4,0346,train
3,2,4,0347,train
3,2,4,0369,train
3,2,4,0370,train
3,2,4,0376,train
3,2,4,0379,train
3,2,4,0384,train
3,2,4,0399,train
3,2,4,0409,train
3,2,4,0412,train
3,2,4,0427,train
3,2,4,0432,train
3,2,4,0459,train
3,2,4,0468,train
3,2,4,0498,train
3,2,5,0003,train
3,2,5,0008,train
3,2,5,0009,train
3,2,5,0014,train
3,2,5,0027,train
3,2,5,0029,train
3,2,5,0037,train
3,2,5,0038,validation
3,2,5,0041,train
3,2,5,0046,train
3,2,5,0053,train
3,2,5,0054,train
3,2,5,0063,validation
3,2,5,0089,train
3,2,5,0106,validation
3,2,5,0112,train
3,2,5,0116,train
3,2,5,0117,train
3,2,5,0118,train
3,2,5,0135,validation
3,2,5,0139,train
3,2,5,0144,train
3,2,5,0178,train
3,2,5,0212,train
3,2,5,0227,train
3,2,5,0242,validation
3,2,5,0246,train
3,2,5,0248,train
3,2,5,0262,train
3,2,5,0268,train
3,2,5,0273,validation
3,2,5,0278,train
3,2,5,0281,train
3,2,5,0283,train
3,2,5,0289,train
3,2,5,0296,train
3,2,5,0304,validation
3,2,5,0306,validation
3,2,5,0309,train
3,2,5,0311,train
3,2,5,0322,train
3,2,5,0323,train
3,2,5,0346,train
3,2,5,0347,train
3,2,5,0369,train
3,2,5,0370,validation
3,2,5,0376,train
3,2,5,0379,train
3,2,5,0384,train
3,2,5,0399,train
3,2,5,0409,train
3,2,5,0412,train
3,2,5,0427,validation
3,2,5,0432,train
3,2,5,0459,train
3,2,5,0468,train
3,2,5,0498,validation
3,3,1,0003,train
3,3,1,0008,train
3,3,1,0009,validation
3,3,1,0014,train
3,3,1,0029,train
3,3,1,0033,validation
3,3,1,0037,train
3,3,1,0041,train
3,3,1,0046,train
3,3,1,0053,train
3,3,1,0054,train
3,3,1,0063,train
3,3,1,0069,train
3,3,1,0079,train
3,3,1,0089,train
3,3,1,0095,train
3,3,1,0100,train
3,3,1,0106,train
3,3,1,0112,train
3,3,1,0117,validation
3,3,1,0118,train
3,3,1,0135,validation
3,3,1,0139,validation
3,3,1,0144,train
3,3,1,0153,train
3,3,1,0161,train
3,3,1,0170,train
3,3,1,0178,train
3,3,1,0202,validation
3,3,1,0227,train
3,3,1,0242,train
3,3,1,0246,train
3,3,1,0248,train
3,3,1,0256,train
3,3,1,0273,validation
3,3,1,0281,validation
3,3,1,0283,validation
3,3,1,0287,train
3,3,1,0289,validation
3,3,1,0306,train
3,3,1,0309,train
3,3,1,0322,train
3,3,1,0330,train
3,3,1,0346,train
3,3,1,0347,train
3,3,1,0369,train
3,3,1,0370,train
3,3,1,0384,train
3,3,1,0406,train
3,3,1,0409,validation
3,3,1,0412,train
3,3,1,0427,train
3,3,1,0432,validation
3,3,1,0459,train
3,3,1,0468,train
3,3,1,0498,train
3,3,1,0546,train
3,3,2,0003,validation
3,3,2,0008,validation
3,3,2,0009,train
3,3,2,0014,train
3,3,2,0029,train
3,3,2,0033,train
3,3,2,0037,validation
3,3,2,0041,train
3,3,2,0046,train
3,3,2,0053,train
3,3,2,0054,train
3,3,2,0063,train
3,3,2,0069,train
3,3,2,0079,train
3,3,2,0089,train
3,3,2,0095,train
3,3,2,0100,train
3,3,2,0106,train
3,3,2,0112,train
3,3,2,0117,train
3,3,2,0118,train
3,3,2,0135,train
3,3,2,0139,train
3,3,2,0144,validation
3,3,2,0153,train
3,3,2,0161,validation
3,3,2,0170,validation
3,3,2,0178,train
3,3,2,0202,train
3,3,2,0227,validation
3,3,2,0242,validation
3,3,2,0246,train
3,3,2,0248,train
3,3,2,0256,train
3,3,2,0273,train
3,3,2,0281,train
3,3,2,0283,train
3,3,2,0287,train
3,3,2,0289,train
3,3,2,0306,train
3,3,2,0309,train
3,3,2,0322,train
3,3,2,0330,train
3,3,2,0346,train
3,3,2,0347,train
3,3,2,0369,train
3,3,2,0370,train
3,3,2,0384,train
3,3,2,0406,train
3,3,2,0409,train
3,3,2,0412,validation
3,3,2,0427,train
3,3,2,0432,train
3,3,2,0459,train
3,3,2,0468,validation
3,3,2,0498,validation
3,3,2,0546,validation
3,3,3,0003,train
3,3,3,0008,train
3,3,3,0009,train
3,3,3,0014,validation
3,3,3,0029,train
3,3,3,0033,train
3,3,3,0037,train
3,3,3,0041,train
3,3,3,0046,validation
3,3,3,0053,validation
3,3,3,0054,train
3,3,3,0063,train
3,3,3,0069,validation
3,3,3,0079,validation
3,3,3,0089,train
3,3,3,0095,train
3,3,3,0100,validation
3,3,3,0106,validation
3,3,3,0112,validation
3,3,3,0117,train
3,3,3,0118,train
3,3,3,0135,train
3,3,3,0139,train
3,3,3,0144,train
3,3,3,0153,train
3,3,3,0161,train
3,3,3,0170,train
3,3,3,0178,train
3,3,3,0202,train
3,3,3,0227,train
3,3,3,0242,train
3,3,3,0246,validation
3,3,3,0248,train
3,3,3,0256,train
3,3,3,0273,train
3,3,3,0281,train
3,3,3,0283,train
3,3,3,0287,train
3,3,3,0289,train
3,3,3,0306,train
3,3,3,0309,validation
3,3,3,0322,train
3,3,3,0330,train
3,3,3,0346,train
3,3,3,0347,train
3,3,3,0369,train
3,3,3,0370,train
3,3,3,0384,validation
3,3,3,0406,train
3,3,3,0409,train
3,3,3,0412,train
3,3,3,0427,train
3,3,3,0432,train
3,3,3,0459,train
3,3,3,0468,train
3,3,3,0498,train
3,3,3,0546,train
3,3,4,0003,train
3,3,4,0008,train
3,3,4,0009,train
3,3,4,0014,train
3,3,4,0029,train
3,3,4,0033,train
3,3,4,0037,train
3,3,4,0041,validation
3,3,4,0046,train
3,3,4,0053,train
3,3,4,0054,validation
3,3,4,0063,validation
3,3,4,0069,train
3,3,4,0079,train
3,3,4,0089,validation
3,3,4,0095,train
3,3,4,0100,train
3,3,4,0106,train
3,3,4,0112,train
3,3,4,0117,train
3,3,4,0118,validation
3,3,4,0135,train
3,3,4,0139,train
3,3,4,0144,train
3,3,4,0153,train
3,3,4,0161,train
3,3,4,0170,train
3,3,4,0178,train
3,3,4,0202,train
3,3,4,0227,train
3,3,4,0242,train
3,3,4,0246,train
3,3,4,0248,train
3,3,4,0256,validation
3,3,4,0273,train
3,3,4,0281,train
3,3,4,0283,train
3,3,4,0287,validation
3,3,4,0289,train
3,3,4,0306,train
3,3,4,0309,train
3,3,4,0322,train
3,3,4,0330,validation
3,3,4,0346,validation
3,3,4,0347,train
3,3,4,0369,train
3,3,4,0370,validation
3,3,4,0384,train
3,3,4,0406,train
3,3,4,0409,train
3,3,4,0412,train
3,3,4,0427,validation
3,3,4,0432,train
3,3,4,0459,train
3,3,4,0468,train
3,3,4,0498,train
3,3,4,0546,train
3,3,5,0003,train
3,3,5,0008,train
3,3,5,0009,train
3,3,5,0014,train
3,3,5,0029,validation
3,3,5,0033,train
3,3,5,0037,train
3,3,5,0041,train
3,3,5,0046,train
3,3,5,0053,train
3,3,5,0054,train
3,3,5,0063,train
3,3,5,0069,train
3,3,5,0079,train
3,3,5,0089,train
3,3,5,0095,validation
3,3,5,0100,train
3,3,5,0106,train
3,3,5,0112,train
3,3,5,0117,train
3,3,5,0118,train
3,3,5,0135,train
3,3,5,0139,train
3,3,5,0144,train
3,3,5,0153,validation
3,3,5,0161,train
3,3,5,0170,train
3,3,5,0178,validation
3,3,5,0202,train
3,3,5,0227,train
3,3,5,0242,train
3,3,5,0246,train
3,3,5,0248,validation
3,3,5,0256,train
3,3,5,0273,train
3,3,5,0281,train
3,3,5,0283,train
3,3,5,0287,train
3,3,5,0289,train
3,3,5,0306,validation
3,3,5,0309,train
3,3,5,0322,validation
3,3,5,0330,train
3,3,5,0346,train
3,3,5,0347,validation
3,3,5,0369,validation
3,3,5,0370,train
3,3,5,0384,train
3,3,5,0406,validation
3,3,5,0409,train
3,3,5,0412,train
3,3,5,0427,train
3,3,5,0432,train
3,3,5,0459,validation
3,3,5,0468,train
3,3,5,0498,train
3,3,5,0546,train
3,4,1,0003,train
3,4,1,0008,train
3,4,1,0014,train
3,4,1,0027,train
3,4,1,0029,train
3,4,1,0033,validation
3,4,1,0038,train
3,4,1,0041,validation
3,4,1,0046,train
3,4,1,0053,train
3,4,1,0054,train
3,4,1,0063,train
3,4,1,0069,validation
3,4,1,0079,train
3,4,1,0095,train
3,4,1,0100,train
3,4,1,0116,train
3,4,1,0118,train
3,4,1,0135,validation
3,4,1,0144,train
3,4,1,0153,train
3,4,1,0161,train
3,4,1,0170,train
3,4,1,0178,validation
3,4,1,0202,train
3,4,1,0212,train
3,4,1,0227,train
3,4,1,0246,train
3,4,1,0248,train
3,4,1,0256,validation
3,4,1,0262,validation
3,4,1,0268,train
3,4,1,0273,train
3,4,1,0278,train
3,4,1,0281,train
3,4,1,0283,validation
3,4,1,0287,train
3,4,1,0289,train
3,4,1,0296,train
3,4,1,0304,train
3,4,1,0309,train
3,4,1,0311,train
3,4,1,0322,train
3,4,1,0323,train
3,4,1,0330,train
3,4,1,0369,validation
3,4,1,0376,train
3,4,1,0379,train
3,4,1,0399,train
3,4,1,0406,validation
3,4,1,0409,train
3,4,1,0412,validation
3,4,1,0427,validation
3,4,1,0432,train
3,4,1,0459,train
3,4,1,0468,train
3,4,1,0546,train
3,4,2,0003,train
3,4,2,0008,validation
3,4,2,0014,validation
3,4,2,0027,train
3,4,2,0029,validation
3,4,2,0033,train
3,4,2,0038,validation
3,4,2,0041,train
3,4,2,0046,train
3,4,2,0053,train
3,4,2,0054,train
3,4,2,0063,train
3,4,2,0069,train
3,4,2,0079,validation
3,4,2,0095,validation
3,4,2,0100,validation
3,4,2,0116,train
3,4,2,0118,train
3,4,2,0135,train
3,4,2,0144,train
3,4,2,0153,train
3,4,2,0161,validation
3,4,2,0170,train
3,4,2,0178,train
3,4,2,0202,train
3,4,2,0212,train
3,4,2,0227,train
3,4,2,0246,train
3,4,2,0248,train
3,4,2,0256,train
3,4,2,0262,train
3,4,2,0268,train
3,4,2,0273,train
3,4,2,0278,train
3,4,2,0281,validation
3,4,2,0283,train
3,4,2,0287,train
3,4,2,0289,validation
3,4,2,0296,train
3,4,2,0304,train
3,4,2,0309,train
3,4,2,0311,validation
3,4,2,0322,train
3,4,2,0323,train
3,4,2,0330,validation
3,4,2,0369,train
3,4,2,0376,train
3,4,2,0379,train
3,4,2,0399,train
3,4,2,0406,train
3,4,2,0409,train
3,4,2,0412,train
3,4,2,0427,train
3,4,2,0432,train
3,4,2,0459,train
3,4,2,0468,train
3,4,2,0546,train
3,4,3,0003,train
3,4,3,0008,train
3,4,3,0014,train
3,4,3,0027,train
3,4,3,0029,train
3,4,3,0033,train
3,4,3,0038,train
3,4,3,0041,train
3,4,3,0046,validation
3,4,3,0053,train
3,4,3,0054,train
3,4,3,0063,validation
3,4,3,0069,train
3,4,3,0079,train
3,4,3,0095,train
3,4,3,0100,train
3,4,3,0116,train
3,4,3,0118,validation
3,4,3,0135,train
3,4,3,0144,train
3,4,3,0153,train
3,4,3,0161,train
3,4,3,0170,train
3,4,3,0178,train
3,4,3,0202,train
3,4,3,0212,train
3,4,3,0227,validation
3,4,3,0246,validation
3,4,3,0248,train
3,4,3,0256,train
3,4,3,0262,train
3,4,3,0268,train
3,4,3,0273,train
3,4,3,0278,validation
3,4,3,0281,train
3,4,3,0283,train
3,4,3,0287,train
3,4,3,0289,train
3,4,3,0296,train
3,4,3,0304,train
3,4,3,0309,validation
3,4,3,0311,train
3,4,3,0322,validation
3,4,3,0323,train
3,4,3,0330,train
3,4,3,0369,train
3,4,3,0376,validation
3,4,3,0379,validation
3,4,3,0399,train
3,4,3,0406,train
3,4,3,0409,train
3,4,3,0412,train
3,4,3,0427,train
3,4,3,0432,validation
3,4,3,0459,train
3,4,3,0468,train
3,4,3,0546,train
3,4,4,0003,train
3,4,4,0008,train
3,4,4,0014,train
3,4,4,0027,validation
3,4,4,0029,train
3,4,4,0033,train
3,4,4,0038,train
3,4,4,0041,train
3,4,4,0046,train
3,4,4,0053,validation
3,4,4,0054,train
3,4,4,0063,train
3,4,4,0069,train
3,4,4,0079,train
3,4,4,0095,train
3,4,4,0100,train
3,4,4,0116,validation
3,4,4,0118,train
3,4,4,0135,train
3,4,4,0144,train
3,4,4,0153,validation
3,4,4,0161,train
3,4,4,0170,train
3,4,4,0178,train
3,4,4,0202,train
3,4,4,0212,validation
3,4,4,0227,train
3,4,4,0246,train
3,4,4,0248,validation
3,4,4,0256,train
3,4,4,0262,train
3,4,4,0268,train
3,4,4,0273,validation
3,4,4,0278,train
3,4,4,0281,train
3,4,4,0283,train
3,4,4,0287,train
3,4,4,0289,train
3,4,4,0296,validation
3,4,4,0304,train
3,4,4,0309,train
3,4,4,0311,train
3,4,4,0322,train
3,4,4,0323,validation
3,4,4,0330,train
3,4,4,0369,train
3,4,4,0376,train
3,4,4,0379,train
3,4,4,0399,train
3,4,4,0406,train
3,4,4,0409,train
3,4,4,0412,train
3,4,4,0427,train
3,4,4,0432,train
3,4,4,0459,validation
3,4,4,0468,train
3,4,4,0546,validation
3,4,5,0003,validation
3,4,5,0008,train
3,4,5,0014,train
3,4,5,0027,train
3,4,5,0029,train
3,4,5,0033,train
3,4,5,0038,train
3,4,5,0041,train
3,4,5,0046,train
3,4,5,0053,train
3,4,5,0054,validation
3,4,5,0063,train
3,4,5,0069,train
3,4,5,0079,train
3,4,5,0095,train
3,4,5,0100,train
3,4,5,0116,train
3,4,5,0118,train
3,4,5,0135,train
3,4,5,0144,validation
3,4,5,0153,train
3,4,5,0161,train
3,4,5,0170,validation
3,4,5,0178,train
3,4,5,0202,validation
3,4,5,0212,train
3,4,5,0227,train
3,4,5,0246,train
3,4,5,0248,train
3,4,5,0256,train
3,4,5,0262,train
3,4,5,0268,validation
3,4,5,0273,train
3,4,5,0278,train
3,4,5,0281,train
3,4,5,0283,train
3,4,5,0287,validation
3,4,5,0289,train
3,4,5,0296,train
3,4,5,0304,validation
3,4,5,0309,train
3,4,5,0311,train
3,4,5,0322,train
3,4,5,0323,train
3,4,5,0330,train
3,4,5,0369,train
3,4,5,0376,train
3,4,5,0379,train
3,4,5,0399,validation
3,4,5,0406,train
3,4,5,0409,validation
3,4,5,0412,train
3,4,5,0427,train
3,4,5,0432,train
3,4,5,0459,train
3,4,5,0468,validation
3,4,5,0546,train
3,5,1,0008,train
3,5,1,0009,train
3,5,1,0027,validation
3,5,1,0029,train
3,5,1,0033,validation
3,5,1,0037,train
3,5,1,0038,train
3,5,1,0041,validation
3,5,1,0054,train
3,5,1,0069,train
3,5,1,0079,train
3,5,1,0089,train
3,5,1,0095,validation
3,5,1,0100,train
3,5,1,0106,train
3,5,1,0112,train
3,5,1,0116,train
3,5,1,0117,train
3,5,1,0135,train
3,5,1,0139,train
3,5,1,0153,train
3,5,1,0161,train
3,5,1,0170,train
3,5,1,0178,train
3,5,1,0202,validation
3,5,1,0212,train
3,5,1,0242,train
3,5,1,0246,train
3,5,1,0248,validation
3,5,1,0256,train
3,5,1,0262,train
3,5,1,0268,validation
3,5,1,0273,train
3,5,1,0278,train
3,5,1,0283,validation
3,5,1,0287,train
3,5,1,0289,train
3,5,1,0296,train
3,5,1,0304,train
3,5,1,0306,train
3,5,1,0309,train
3,5,1,0311,validation
3,5,1,0323,train
3,5,1,0330,train
3,5,1,0346,validation
3,5,1,0347,train
3,5,1,0370,train
3,5,1,0376,train
3,5,1,0379,train
3,5,1,0384,train
3,5,1,0399,train
3,5,1,0406,train
3,5,1,0409,train
3,5,1,0412,validation
3,5,1,0427,train
3,5,1,0498,train
3,5,1,0546,validation
3,5,2,0008,train
3,5,2,0009,train
3,5,2,0027,train
3,5,2,0029,train
3,5,2,0033,train
3,5,2,0037,train
3,5,2,0038,train
3,5,2,0041,train
3,5,2,0054,train
3,5,2,0069,train
3,5,2,0079,train
3,5,2,0089,train
3,5,2,0095,train
3,5,2,0100,validation
3,5,2,0106,train
3,5,2,0112,train
3,5,2,0116,train
3,5,2,0117,validation
3,5,2,0135,train
3,5,2,0139,validation
3,5,2,0153,train
3,5,2,0161,validation
3,5,2,0170,train
3,5,2,0178,train
3,5,2,0202,train
3,5,2,0212,train
3,5,2,0242,train
3,5,2,0246,train
3,5,2,0248,train
3,5,2,0256,validation
3,5,2,0262,validation
3,5,2,0268,train
3,5,2,0273,validation
3,5,2,0278,train
3,5,2,0283,train
3,5,2,0287,train
3,5,2,0289,train
3,5,2,0296,train
3,5,2,0304,train
3,5,2,0306,train
3,5,2,0309,validation
3,5,2,0311,train
3,5,2,0323,train
3,5,2,0330,train
3,5,2,0346,train
3,5,2,0347,train
3,5,2,0370,train
3,5,2,0376,train
3,5,2,0379,validation
3,5,2,0384,train
3,5,2,0399,validation
3,5,2,0406,validation
3,5,2,0409,train
3,5,2,0412,train
3,5,2,0427,train
3,5,2,0498,validation
3,5,2,0546,train
3,5,3,0008,train
3,5,3,0009,validation
3,5,3,0027,train
3,5,3,0029,train
3,5,3,0033,train
3,5,3,0037,train
3,5,3,0038,validation
3,5,3,0041,train
3,5,3,0054,train
3,5,3,0069,validation
3,5,3,0079,train
3,5,3,0089,train
3,5,3,0095,train
3,5,3,0100,train
3,5,3,0106,train
3,5,3,0112,validation
3,5,3,0116,validation
3,5,3,0117,train
3,5,3,0135,train
3,5,3,0139,train
3,5,3,0153,train
3,5,3,0161,train
3,5,3,0170,train
3,5,3,0178,train
3,5,3,0202,train
3,5,3,0212,train
3,5,3,0242,train
3,5,3,0246,train
3,5,3,0248,train
3,5,3,0256,train
3,5,3,0262,train
3,5,3,0268,train
3,5,3,0273,train
3,5,3,0278,validation
3,5,3,0283,train
3,5,3,0287,train
3,5,3,0289,validation
3,5,3,0296,validation
3,5,3,0304,validation
3,5,3,0306,train
3,5,3,0309,train
3,5,3,0311,train
3,5,3,0323,train
3,5,3,0330,validation
3,5,3,0346,train
3,5,3,0347,validation
3,5,3,0370,train
3,5,3,0376,train
3,5,3,0379,train
3,5,3,0384,train
3,5,3,0399,train
3,5,3,0406,train
3,5,3,0409,train
3,5,3,0412,train
3,5,3,0427,train
3,5,3,0498,train
3,5,3,0546,train
3,5,4,0008,validation
3,5,4,0009,train
3,5,4,0027,train
3,5,4,0029,validation
3,5,4,0033,train
3,5,4,0037,validation
3,5,4,0038,train
3,5,4,0041,train
3,5,4,0054,validation
3,5,4,0069,train
3,5,4,0079,validation
3,5,4,0089,validation
3,5,4,0095,train
3,5,4,0100,train
3,5,4,0106,train
3,5,4,0112,train
3,5,4,0116,train
3,5,4,0117,train
3,5,4,0135,train
3,5,4,0139,train
3,5,4,0153,train
3,5,4,0161,train
3,5,4,0170,validation
3,5,4,0178,validation
3,5,4,0202,train
3,5,4,0212,train
3,5,4,0242,validation
3,5,4,0246,train
3,5,4,0248,train
3,5,4,0256,train
3,5,4,0262,train
3,5,4,0268,train
3,5,4,0273,train
3,5,4,0278,train
3,5,4,0283,train
3,5,4,0287,train
3,5,4,0289,train
3,5,4,0296,train
3,5,4,0304,train
3,5,4,0306,train
3,5,4,0309,train
3,5,4,0311,train
3,5,4,0323,validation
3,5,4,0330,train
3,5,4,0346,train
3,5,4,0347,train
3,5,4,0370,train
3,5,4,0376,train
3,5,4,0379,train
3,5,4,0384,validation
3,5,4,0399,train
3,5,4,0406,train
3,5,4,0409,train
3,5,4,0412,train
3,5,4,0427,train
3,5,4,0498,train
3,5,4,0546,train
3,5,5,0008,train
3,5,5,0009,train
3,5,5,0027,train
3,5,5,0029,train
3,5,5,0033,train
3,5,5,0037,train
3,5,5,0038,train
3,5,5,0041,train
3,5,5,0054,train
3,5,5,0069,train
3,5,5,0079,train
3,5,5,0089,train
3,5,5,0095,train
3,5,5,0100,train
3,5,5,0106,validation
3,5,5,0112,train
3,5,5,0116,train
3,5,5,0117,train
3,5,5,0135,validation
3,5,5,0139,train
3,5,5,0153,validation
3,5,5,0161,train
3,5,5,0170,train
3,5,5,0178,train
3,5,5,0202,train
3,5,5,0212,validation
3,5,5,0242,train
3,5,5,0246,validation
3,5,5,0248,train
3,5,5,0256,train
3,5,5,0262,train
3,5,5,0268,train
3,5,5,0273,train
3,5,5,0278,train
3,5,5,0283,train
3,5,5,0287,validation
3,5,5,0289,train
3,5,5,0296,train
3,5,5,0304,train
3,5,5,0306,validation
3,5,5,0309,train
3,5,5,0311,train
3,5,5,0323,train
3,5,5,0330,train
3,5,5,0346,train
3,5,5,0347,train
3,5,5,0370,validation
3,5,5,0376,validation
3,5,5,0379,train
3,5,5,0384,train
3,5,5,0399,train
3,5,5,0406,train
3,5,5,0409,validation
3,5,5,0412,train
3,5,5,0427,validation
3,5,5,0498,train
3,5,5,0546,train
4,1,1,0003,train
4,1,1,0008,train
4,1,1,0009,validation
4,1,1,0014,train
4,1,1,0027,validation
4,1,1,0029,train
4,1,1,0033,train
4,1,1,0037,train
4,1,1,0038,train
4,1,1,0041,train
4,1,1,0046,train
4,1,1,0053,train
4,1,1,0054,train
4,1,1,0063,train
4,1,1,0069,train
4,1,1,0079,train
4,1,1,0089,train
4,1,1,0100,train
4,1,1,0112,train
4,1,1,0116,train
4,1,1,0117,train
4,1,1,0118,validation
4,1,1,0135,train
4,1,1,0139,validation
4,1,1,0170,validation
4,1,1,0178,train
4,1,1,0202,train
4,1,1,0212,train
4,1,1,0242,train
4,1,1,0248,train
4,1,1,0262,validation
4,1,1,0268,train
4,1,1,0273,train
4,1,1,0278,validation
4,1,1,0281,train
4,1,1,0283,train
4,1,1,0287,train
4,1,1,0289,train
4,1,1,0296,train
4,1,1,0304,validation
4,1,1,0306,train
4,1,1,0311,validation
4,1,1,0322,validation
4,1,1,0323,validation
4,1,1,0346,train
4,1,1,0347,train
4,1,1,0370,train
4,1,1,0376,validation
4,1,1,0384,train
4,1,1,0399,train
4,1,1,0409,train
4,1,1,0412,train
4,1,1,0427,train
4,1,1,0432,train
4,1,1,0468,train
4,1,1,0498,train
4,1,2,0003,validation
4,1,2,0008,validation
4,1,2,0009,train
4,1,2,0014,train
4,1,2,0027,train
4,1,2,0029,train
4,1,2,0033,train
4,1,2,0037,train
4,1,2,0038,train
4,1,2,0041,train
4,1,2,0046,train
4,1,2,0053,train
4,1,2,0054,validation
4,1,2,0063,validation
4,1,2,0069,validation
4,1,2,0079,train
4,1,2,0089,train
4,1,2,0100,validation
4,1,2,0112,train
4,1,2,0116,validation
4,1,2,0117,train
4,1,2,0118,train
4,1,2,0135,train
4,1,2,0139,train
4,1,2,0170,train
4,1,2,0178,validation
4,1,2,0202,train
4,1,2,0212,train
4,1,2,0242,validation
4,1,2,0248,train
4,1,2,0262,train
4,1,2,0268,train
4,1,2,0273,validation
4,1,2,0278,train
4,1,2,0281,train
4,1,2,0283,train
4,1,2,0287,validation
4,1,2,0289,train
4,1,2,0296,train
4,1,2,0304,train
4,1,2,0306,train
4,1,2,0311,train
4,1,2,0322,train
4,1,2,0323,train
4,1,2,0346,train
4,1,2,0347,train
4,1,2,0370,train
4,1,2,0376,train
4,1,2,0384,train
4,1,2,0399,train
4,1,2,0409,train
4,1,2,0412,train
4,1,2,0427,train
4,1,2,0432,train
4,1,2,0468,train
4,1,2,0498,validation
4,1,3,0003,train
4,1,3,0008,train
4,1,3,0009,train
4,1,3,0014,validation
4,1,3,0027,train
4,1,3,0029,train
4,1,3,0033,train
4,1,3,0037,train
4,1,3,0038,validation
4,1,3,0041,validation
4,1,3,0046,train
4,1,3,0053,train
4,1,3,0054,train
4,1,3,0063,train
4,1,3,0069,train
4,1,3,0079,train
4,1,3,0089,train
4,1,3,0100,train
4,1,3,0112,train
4,1,3,0116,train
4,1,3,0117,train
4,1,3,0118,train
4,1,3,0135,train
4,1,3,0139,train
4,1,3,0170,train
4,1,3,0178,train
4,1,3,0202,train
4,1,3,0212,validation
4,1,3,0242,train
4,1,3,0248,train
4,1,3,0262,train
4,1,3,0268,train
4,1,3,0273,train
4,1,3,0278,train
4,1,3,0281,train
4,1,3,0283,validation
4,1,3,0287,train
4,1,3,0289,validation
4,1,3,0296,train
4,1,3,0304,train
4,1,3,0306,train
4,1,3,0311,train
4,1,3,0322,train
4,1,3,0323,train
4,1,3,0346,train
4,1,3,0347,validation
4,1,3,0370,validation
4,1,3,0376,train
4,1,3,0384,train
4,1,3,0399,train
4,1,3,0409,train
4,1,3,0412,validation
4,1,3,0427,validation
4,1,3,0432,train
4,1,3,0468,validation
4,1,3,0498,train
4,1,4,0003,train
4,1,4,0008,train
4,1,4,0009,train
4,1,4,0014,train
4,1,4,0027,train
4,1,4,0029,validation
4,1,4,0033,validation
4,1,4,0037,train
4,1,4,0038,train
4,1,4,0041,train
4,1,4,0046,train
4,1,4,0053,validation
4,1,4,0054,train
4,1,4,0063,train
4,1,4,0069,train
4,1,4,0079,train
4,1,4,0089,train
4,1,4,0100,train
4,1,4,0112,validation
4,1,4,0116,train
4,1,4,0117,validation
4,1,4,0118,train
4,1,4,0135,validation
4,1,4,0139,train
4,1,4,0170,train
4,1,4,0178,train
4,1,4,0202,validation
4,1,4,0212,train
4,1,4,0242,train
4,1,4,0248,train
4,1,4,0262,train
4,1,4,0268,train
4,1,4,0273,train
4,1,4,0278,train
4,1,4,0281,validation
4,1,4,0283,train
4,1,4,0287,train
4,1,4,0289,train
4,1,4,0296,train
4,1,4,0304,train
4,1,4,0306,validation
4,1,4,0311,train
4,1,4,0322,train
4,1,4,0323,train
4,1,4,0346,validation
4,1,4,0347,train
4,1,4,0370,train
4,1,4,0376,train
4,1,4,0384,train
4,1,4,0399,train
4,1,4,0409,train
4,1,4,0412,train
4,1,4,0427,train
4,1,4,0432,validation
4,1,4,0468,train
4,1,4,0498,train
4,1,5,0003,train
4,1,5,0008,train
4,1,5,0009,train
4,1,5,0014,train
4,1,5,0027,train
4,1,5,0029,train
4,1,5,0033,train
4,1,5,0037,validation
4,1,5,0038,train
4,1,5,0041,train
4,1,5,0046,validation
4,1,5,0053,train
4,1,5,0054,train
4,1,5,0063,train
4,1,5,0069,train
4,1,5,0079,validation
4,1,5,0089,validation
4,1,5,0100,train
4,1,5,0112,train
4,1,5,0116,train
4,1,5,0117,train
4,1,5,0118,train
4,1,5,0135,train
4,1,5,0139,train
4,1,5,0170,train
4,1,5,0178,train
4,1,5,0202,train
4,1,5,0212,train
4,1,5,0242,train
4,1,5,0248,validation
4,1,5,0262,train
4,1,5,0268,validation
4,1,5,0273,train
4,1,5,0278,train
4,1,5,0281,train
4,1,5,0283,train
4,1,5,0287,train
4,1,5,0289,train
4,1,5,0296,validation
4,1,5,0304,train
4,1,5,0306,train
4,1,5,0311,train
4,1,5,0322,train
4,1,5,0323,train
4,1,5,0346,train
4,1,5,0347,train
4,1,5,0370,train
4,1,5,0376,train
4,1,5,0384,validation
4,1,5,0399,validation
4,1,5,0409,validation
4,1,5,0412,train
4,1,5,0427,train
4,1,5,0432,train
4,1,5,0468,train
4,1,5,0498,train
4,2,1,0003,train
4,2,1,0008,train
4,2,1,0009,train
4,2,1,0027,train
4,2,1,0029,train
4,2,1,0038,train
4,2,1,0041,train
4,2,1,0046,train
4,2,1,0054,train
4,2,1,0063,validation
4,2,1,0069,train
4,2,1,0079,validation
4,2,1,0095,validation
4,2,1,0100,validation
4,2,1,0106,train
4,2,1,0118,train
4,2,1,0135,train
4,2,1,0139,train
4,2,1,0144,train
4,2,1,0153,validation
4,2,1,0161,validation
4,2,1,0170,train
4,2,1,0202,validation
4,2,1,0212,train
4,2,1,0227,train
4,2,1,0242,train
4,2,1,0246,train
4,2,1,0256,train
4,2,1,0262,train
4,2,1,0268,train
4,2,1,0273,train
4,2,1,0278,train
4,2,1,0281,validation
4,2,1,0283,train
4,2,1,0287,train
4,2,1,0289,train
4,2,1,0304,train
4,2,1,0309,train
4,2,1,0311,validation
4,2,1,0322,train
4,2,1,0330,train
4,2,1,0346,train
4,2,1,0347,train
4,2,1,0369,train
4,2,1,0370,train
4,2,1,0376,train
4,2,1,0379,train
4,2,1,0384,validation
4,2,1,0399,train
4,2,1,0406,train
4,2,1,0409,train
4,2,1,0412,train
4,2,1,0427,validation
4,2,1,0432,train
4,2,1,0459,train
4,2,1,0468,validation
4,2,1,0546,train
4,2,2,0003,train
4,2,2,0008,validation
4,2,2,0009,train
4,2,2,0027,train
4,2,2,0029,train
4,2,2,0038,validation
4,2,2,0041,train
4,2,2,0046,train
4,2,2,0054,validation
4,2,2,0063,train
4,2,2,0069,train
4,2,2,0079,train
4,2,2,0095,train
4,2,2,0100,train
4,2,2,0106,train
4,2,2,0118,train
4,2,2,0135,validation
4,2,2,0139,train
4,2,2,0144,train
4,2,2,0153,train
4,2,2,0161,train
4,2,2,0170,train
4,2,2,0202,train
4,2,2,0212,validation
4,2,2,0227,validation
4,2,2,0242,train
4,2,2,0246,train
4,2,2,0256,train
4,2,2,0262,train
4,2,2,0268,train
4,2,2,0273,train
4,2,2,0278,validation
4,2,2,0281,train
4,2,2,0283,validation
4,2,2,0287,train
4,2,2,0289,train
4,2,2,0304,train
4,2,2,0309,validation
4,2,2,0311,train
4,2,2,0322,train
4,2,2,0330,train
4,2,2,0346,train
4,2,2,0347,validation
4,2,2,0369,train
4,2,2,0370,train
4,2,2,0376,validation
4,2,2,0379,train
4,2,2,0384,train
4,2,2,0399,train
4,2,2,0406,train
4,2,2,0409,train
4,2,2,0412,train
4,2,2,0427,train
4,2,2,0432,train
4,2,2,0459,validation
4,2,2,0468,train
4,2,2,0546,train
4,2,3,0003,validation
4,2,3,0008,train
4,2,3,0009,train
4,2,3,0027,train
4,2,3,0029,validation
4,2,3,0038,train
4,2,3,0041,train
4,2,3,0046,train
4,2,3,0054,train
4,2,3,0063,train
4,2,3,0069,validation
4,2,3,0079,train
4,2,3,0095,train
4,2,3,0100,train
4,2,3,0106,train
4,2,3,0118,validation
4,2,3,0135,train
4,2,3,0139,train
4,2,3,0144,validation
4,2,3,0153,train
4,2,3,0161,train
4,2,3,0170,train
4,2,3,0202,train
4,2,3,0212,train
4,2,3,0227,train
4,2,3,0242,train
4,2,3,0246,train
4,2,3,0256,train
4,2,3,0262,validation
4,2,3,0268,train
4,2,3,0273,train
4,2,3,0278,train
4,2,3,0281,train
4,2,3,0283,train
4,2,3,0287,validation
4,2,3,0289,validation
4,2,3,0304,validation
4,2,3,0309,train
4,2,3,0311,train
4,2,3,0322,train
4,2,3,0330,validation
4,2,3,0346,train
4,2,3,0347,train
4,2,3,0369,train
4,2,3,0370,train
4,2,3,0376,train
4,2,3,0379,train
4,2,3,0384,train
4,2,3,0399,validation
4,2,3,0406,train
4,2,3,0409,train
4,2,3,0412,train
4,2,3,0427,train
4,2,3,0432,train
4,2,3,0459,train
4,2,3,0468,train
4,2,3,0546,train
4,2,4,0003,train
4,2,4,0008,train
4,2,4,0009,train
4,2,4,0027,validation
4,2,4,0029,train
4,2,4,0038,train
4,2,4,0041,validation
4,2,4,0046,validation
4,2,4,0054,train
4,2,4,0063,train
4,2,4,0069,train
4,2,4,0079,train
4,2,4,0095,train
4,2,4,0100,train
4,2,4,0106,validation
4,2,4,0118,train
4,2,4,0135,train
4,2,4,0139,validation
4,2,4,0144,train
4,2,4,0153,train
4,2,4,0161,train
4,2,4,0170,train
4,2,4,0202,train
4,2,4,0212,train
4,2,4,0227,train
4,2,4,0242,train
4,2,4,0246,train
4,2,4,0256,train
4,2,4,0262,train
4,2,4,0268,validation
4,2,4,0273,validation
4,2,4,0278,train
4,2,4,0281,train
4,2,4,0283,train
4,2,4,0287,train
4,2,4,0289,train
4,2,4,0304,train
4,2,4,0309,train
4,2,4,0311,train
4,2,4,0322,train
4,2,4,0330,train
4,2,4,0346,train
4,2,4,0347,train
4,2,4,0369,train
4,2,4,0370,train
4,2,4,0376,train
4,2,4,0379,validation
4,2,4,0384,train
4,2,4,0399,train
4,2,4,0406,validation
4,2,4,0409,train
4,2,4,0412,validation
4,2,4,0427,train
4,2,4,0432,train
4,2,4,0459,train
4,2,4,0468,train
4,2,4,0546,validation
4,2,5,0003,train
4,2,5,0008,train
4,2,5,0009,validation
4,2,5,0027,train
4,2,5,0029,train
4,2,5,0038,train
4,2,5,0041,train
4,2,5,0046,train
4,2,5,0054,train
4,2,5,0063,train
4,2,5,0069,train
4,2,5,0079,train
4,2,5,0095,train
4,2,5,0100,train
4,2,5,0106,train
4,2,5,0118,train
4,2,5,0135,train
4,2,5,0139,train
4,2,5,0144,train
4,2,5,0153,train
4,2,5,0161,train
4,2,5,0170,validation
4,2,5,0202,train
4,2,5,0212,train
4,2,5,0227,train
4,2,5,0242,validation
4,2,5,0246,validation
4,2,5,0256,validation
4,2,5,0262,train
4,2,5,0268,train
4,2,5,0273,train
4,2,5,0278,train
4,2,5,0281,train
4,2,5,0283,train
4,2,5,0287,train
4,2,5,0289,train
4,2,5,0304,train
4,2,5,0309,train
4,2,5,0311,train
4,2,5,0322,validation
4,2,5,0330,train
4,2,5,0346,validation
4,2,5,0347,train
4,2,5,0369,validation
4,2,5,0370,validation
4,2,5,0376,train
4,2,5,0379,train
4,2,5,0384,train
4,2,5,0399,train
4,2,5,0406,train
4,2,5,0409,validation
4,2,5,0412,train
4,2,5,0427,train
4,2,5,0432,validation
4,2,5,0459,train
4,2,5,0468,train
4,2,5,0546,train
4,3,1,0009,train
4,3,1,0014,train
4,3,1,0027,train
4,3,1,0029,train
4,3,1,0033,train
4,3,1,0037,train
4,3,1,0046,train
4,3,1,0053,train
4,3,1,0054,train
4,3,1,0079,train
4,3,1,0089,validation
4,3,1,0095,train
4,3,1,0100,train
4,3,1,0106,train
4,3,1,0112,validation
4,3,1,0116,train
4,3,1,0117,validation
4,3,1,0118,train
4,3,1,0135,train
4,3,1,0139,validation
4,3,1,0144,train
4,3,1,0153,train
4,3,1,0161,train
4,3,1,0170,validation
4,3,1,0178,train
4,3,1,0202,train
4,3,1,0227,train
4,3,1,0242,train
4,3,1,0246,validation
4,3,1,0248,train
4,3,1,0256,train
4,3,1,0262,train
4,3,1,0273,train
4,3,1,0281,train
4,3,1,0283,validation
4,3,1,0296,validation
4,3,1,0304,train
4,3,1,0306,validation
4,3,1,0309,validation
4,3,1,0323,validation
4,3,1,0330,train
4,3,1,0346,train
4,3,1,0347,train
4,3,1,0369,train
4,3,1,0370,train
4,3,1,0379,train
4,3,1,0384,train
4,3,1,0399,train
4,3,1,0406,train
4,3,1,0409,train
4,3,1,0412,train
4,3,1,0427,train
4,3,1,0432,train
4,3,1,0459,train
4,3,1,0468,train
4,3,1,0498,train
4,3,1,0546,validation
4,3,2,0009,train
4,3,2,0014,train
4,3,2,0027,train
4,3,2,0029,train
4,3,2,0033,train
4,3,2,0037,validation
4,3,2,0046,train
4,3,2,0053,train
4,3,2,0054,train
4,3,2,0079,train
4,3,2,0089,train
4,3,2,0095,train
4,3,2,0100,validation
4,3,2,0106,validation
4,3,2,0112,train
4,3,2,0116,train
4,3,2,0117,train
4,3,2,0118,train
4,3,2,0135,validation
4,3,2,0139,train
4,3,2,0144,train
4,3,2,0153,train
4,3,2,0161,validation
4,3,2,0170,train
4,3,2,0178,train
4,3,2,0202,train
4,3,2,0227,train
4,3,2,0242,validation
4,3,2,0246,train
4,3,2,0248,train
4,3,2,0256,train
4,3,2,0262,train
4,3,2,0273,train
4,3,2,0281,train
4,3,2,0283,train
4,3,2,0296,train
4,3,2,0304,train
4,3,2,0306,train
4,3,2,0309,train
4,3,2,0323,train
4,3,2,0330,validation
4,3,2,0346,train
4,3,2,0347,validation
4,3,2,0369,train
4,3,2,0370,validation
4,3,2,0379,train
4,3,2,0384,validation
4,3,2,0399,validation
4,3,2,0406,train
4,3,2,0409,validation
4,3,2,0412,train
4,3,2,0427,train
4,3,2,0432,train
4,3,2,0459,train
4,3,2,0468,train
4,3,2,0498,train
4,3,2,0546,train
4,3,3,0009,train
4,3,3,0014,train
4,3,3,0027,train
4,3,3,0029,validation
4,3,3,0033,train
4,3,3,0037,train
4,3,3,0046,train
4,3,3,0053,train
4,3,3,0054,validation
4,3,3,0079,train
4,3,3,0089,train
4,3,3,0095,train
4,3,3,0100,train
4,3,3,0106,train
4,3,3,0112,train
4,3,3,0116,validation
4,3,3,0117,train
4,3,3,0118,validation
4,3,3,0135,train
4,3,3,0139,train
4,3,3,0144,train
4,3,3,0153,train
4,3,3,0161,train
4,3,3,0170,train
4,3,3,0178,validation
4,3,3,0202,train
4,3,3,0227,train
4,3,3,0242,train
4,3,3,0246,train
4,3,3,0248,train
4,3,3,0256,train
4,3,3,0262,validation
4,3,3,0273,train
4,3,3,0281,train
4,3,3,0283,train
4,3,3,0296,train
4,3,3,0304,validation
4,3,3,0306,train
4,3,3,0309,train
4,3,3,0323,train
4,3,3,0330,train
4,3,3,0346,validation
4,3,3,0347,train
4,3,3,0369,train
4,3,3,0370,train
4,3,3,0379,train
4,3,3,0384,train
4,3,3,0399,train
4,3,3,0406,train
4,3,3,0409,train
4,3,3,0412,validation
4,3,3,0427,validation
4,3,3,0432,train
4,3,3,0459,validation
4,3,3,0468,train
4,3,3,0498,train
4,3,3,0546,train
4,3,4,0009,train
4,3,4,0014,train
4,3,4,0027,validation
4,3,4,0029,train
4,3,4,0033,train
4,3,4,0037,train
4,3,4,0046,validation
4,3,4,0053,validation
4,3,4,0054,train
4,3,4,0079,validation
4,3,4,0089,train
4,3,4,0095,validation
4,3,4,0100,train
4,3,4,0106,train
4,3,4,0112,train
4,3,4,0116,train
4,3,4,0117,train
4,3,4,0118,train
4,3,4,0135,train
4,3,4,0139,train
4,3,4,0144,validation
4,3,4,0153,validation
4,3,4,0161,train
4,3,4,0170,train
4,3,4,0178,train
4,3,4,0202,train
4,3,4,0227,train
4,3,4,0242,train
4,3,4,0246,train
4,3,4,0248,train
4,3,4,0256,train
4,3,4,0262,train
4,3,4,0273,train
4,3,4,0281,validation
4,3,4,0283,train
4,3,4,0296,train
4,3,4,0304,train
4,3,4,0306,train
4,3,4,0309,train
4,3,4,0323,train
4,3,4,0330,train
4,3,4,0346,train
4,3,4,0347,train
4,3,4,0369,train
4,3,4,0370,train
4,3,4,0379,train
4,3,4,0384,train
4,3,4,0399,train
4,3,4,0406,validation
4,3,4,0409,train
4,3,4,0412,train
4,3,4,0427,train
4,3,4,0432,validation
4,3,4,0459,train
4,3,4,0468,validation
4,3,4,0498,train
4,3,4,0546,train
4,3,5,0009,validation
4,3,5,0014,validation
4,3,5,0027,train
4,3,5,0029,train
4,3,5,0033,validation
4,3,5,0037,train
4,3,5,0046,train
4,3,5,0053,train
4,3,5,0054,train
4,3,5,0079,train
4,3,5,0089,train
4,3,5,0095,train
4,3,5,0100,train
4,3,5,0106,train
4,3,5,0112,train
4,3,5,0116,train
4,3,5,0117,train
4,3,5,0118,train
4,3,5,0135,train
4,3,5,0139,train
4,3,5,0144,train
4,3,5,0153,train
4,3,5,0161,train
4,3,5,0170,train
4,3,5,0178,train
4,3,5,0202,validation
4,3,5,0227,validation
4,3,5,0242,train
4,3,5,0246,train
4,3,5,0248,validation
4,3,5,0256,validation
4,3,5,0262,train
4,3,5,0273,validation
4,3,5,0281,train
4,3,5,0283,train
4,3,5,0296,train
4,3,5,0304,train
4,3,5,0306,train
4,3,5,0309,train
4,3,5,0323,train
4,3,5,0330,train
4,3,5,0346,train
4,3,5,0347,train
4,3,5,0369,validation
4,3,5,0370,train
4,3,5,0379,validation
4,3,5,0384,train
4,3,5,0399,train
4,3,5,0406,train
4,3,5,0409,train
4,3,5,0412,train
4,3,5,0427,train
4,3,5,0432,train
4,3,5,0459,train
4,3,5,0468,train
4,3,5,0498,validation
4,3,5,0546,train
4,4,1,0003,train
4,4,1,0008,train
4,4,1,0009,train
4,4,1,0014,train
4,4,1,0027,validation
4,4,1,0029,train
4,4,1,0033,train
4,4,1,0037,validation
4,4,1,0038,train
4,4,1,0041,train
4,4,1,0053,train
4,4,1,0054,train
4,4,1,0063,validation
4,4,1,0069,validation
4,4,1,0089,train
4,4,1,0095,train
4,4,1,0106,train
4,4,1,0112,train
4,4,1,0116,train
4,4,1,0117,train
4,4,1,0139,validation
4,4,1,0144,train
4,4,1,0153,validation
4,4,1,0161,train
4,4,1,0178,train
4,4,1,0212,train
4,4,1,0227,validation
4,4,1,0242,train
4,4,1,0246,train
4,4,1,0248,train
4,4,1,0256,train
4,4,1,0268,train
4,4,1,0278,train
4,4,1,0281,train
4,4,1,0283,train
4,4,1,0287,train
4,4,1,0289,train
4,4,1,0296,train
4,4,1,0304,train
4,4,1,0306,train
4,4,1,0309,train
4,4,1,0311,train
4,4,1,0322,train
4,4,1,0323,validation
4,4,1,0330,train
4,4,1,0346,train
4,4,1,0347,train
4,4,1,0369,validation
4,4,1,0370,validation
4,4,1,0376,validation
4,4,1,0379,train
4,4,1,0406,train
4,4,1,0409,train
4,4,1,0412,train
4,4,1,0459,validation
4,4,1,0498,train
4,4,1,0546,train
4,4,2,0003,validation
4,4,2,0008,train
4,4,2,0009,train
4,4,2,0014,train
4,4,2,0027,train
4,4,2,0029,validation
4,4,2,0033,train
4,4,2,0037,train
4,4,2,0038,validation
4,4,2,0041,train
4,4,2,0053,train
4,4,2,0054,train
4,4,2,0063,train
4,4,2,0069,train
4,4,2,0089,train
4,4,2,0095,train
4,4,2,0106,train
4,4,2,0112,train
4,4,2,0116,train
4,4,2,0117,train
4,4,2,0139,train
4,4,2,0144,train
4,4,2,0153,train
4,4,2,0161,train
4,4,2,0178,train
4,4,2,0212,train
4,4,2,0227,train
4,4,2,0242,train
4,4,2,0246,train
4,4,2,0248,validation
4,4,2,0256,train
4,4,2,0268,train
4,4,2,0278,train
4,4,2,0281,train
4,4,2,0283,validation
4,4,2,0287,validation
4,4,2,0289,validation
4,4,2,0296,validation
4,4,2,0304,train
4,4,2,0306,train
4,4,2,0309,validation
4,4,2,0311,train
4,4,2,0322,validation
4,4,2,0323,train
4,4,2,0330,train
4,4,2,0346,train
4,4,2,0347,train
4,4,2,0369,train
4,4,2,0370,train
4,4,2,0376,train
4,4,2,0379,train
4,4,2,0406,train
4,4,2,0409,validation
4,4,2,0412,train
4,4,2,0459,train
4,4,2,0498,train
4,4,2,0546,validation
4,4,3,0003,train
4,4,3,0008,validation
4,4,3,0009,train
4,4,3,0014,train
4,4,3,0027,train
4,4,3,0029,train
4,4,3,0033,train
4,4,3,0037,train
4,4,3,0038,train
4,4,3,0041,validation
4,4,3,0053,train
4,4,3,0054,train
4,4,3,0063,train
4,4,3,0069,train
4,4,3,0089,train
4,4,3,0095,validation
4,4,3,0106,train
4,4,3,0112,train
4,4,3,0116,validation
4,4,3,0117,validation
4,4,3,0139,train
4,4,3,0144,train
4,4,3,0153,train
4,4,3,0161,train
4,4,3,0178,train
4,4,3,0212,train
4,4,3,0227,train
4,4,3,0242,train
4,4,3,0246,train
4,4,3,0248,train
4,4,3,0256,train
4,4,3,0268,validation
4,4,3,0278,validation
4,4,3,0281,train
4,4,3,0283,train
4,4,3,0287,train
4,4,3,0289,train
4,4,3,0296,train
4,4,3,0304,validation
4,4,3,0306,validation
4,4,3,0309,train
4,4,3,0311,train
4,4,3,0322,train
4,4,3,0323,train
4,4,3,0330,validation
4,4,3,0346,train
4,4,3,0347,train
4,4,3,0369,train
4,4,3,0370,train
4,4,3,0376,train
4,4,3,0379,validation
4,4,3,0406,train
4,4,3,0409,train
4,4,3,0412,train
4,4,3,0459,train
4,4,3,0498,train
4,4,3,0546,train
4,4,4,0003,train
4,4,4,0008,train
4,4,4,0009,train
4,4,4,0014,validation
4,4,4,0027,train
4,4,4,0029,train
4,4,4,0033,validation
4,4,4,0037,train
4,4,4,0038,train
4,4,4,0041,train
4,4,4,0053,validation
4,4,4,0054,train
4,4,4,0063,train
4,4,4,0069,train
4,4,4,0089,validation
4,4,4,0095,train
4,4,4,0106,validation
4,4,4,0112,validation
4,4,4,0116,train
4,4,4,0117,train
4,4,4,0139,train
4,4,4,0144,validation
4,4,4,0153,train
4,4,4,0161,validation
4,4,4,0178,train
4,4,4,0212,train
4,4,4,0227,train
4,4,4,0242,train
4,4,4,0246,validation
4,4,4,0248,train
4,4,4,0256,train
4,4,4,0268,train
4,4,4,0278,train
4,4,4,0281,validation
4,4,4,0283,train
4,4,4,0287,train
4,4,4,0289,train
4,4,4,0296,train
4,4,4,0304,train
4,4,4,0306,train
4,4,4,0309,train
4,4,4,0311,train
4,4,4,0322,train
4,4,4,0323,train
4,4,4,0330,train
4,4,4,0346,train
4,4,4,0347,train
4,4,4,0369,train
4,4,4,0370,train
4,4,4,0376,train
4,4,4,0379,train
4,4,4,0406,validation
4,4,4,0409,train
4,4,4,0412,train
4,4,4,0459,train
4,4,4,0498,train
4,4,4,0546,train
4,4,5,0003,train
4,4,5,0008,train
4,4,5,0009,validation
4,4,5,0014,train
4,4,5,0027,train
4,4,5,0029,train
4,4,5,0033,train
4,4,5,0037,train
4,4,5,0038,train
4,4,5,0041,train
4,4,5,0053,train
4,4,5,0054,validation
4,4,5,0063,train
4,4,5,0069,train
4,4,5,0089,train
4,4,5,0095,train
4,4,5,0106,train
4,4,5,0112,train
4,4,5,0116,train
4,4,5,0117,train
4,4,5,0139,train
4,4,5,0144,train
4,4,5,0153,train
4,4,5,0161,train
4,4,5,0178,validation
4,4,5,0212,validation
4,4,5,0227,train
4,4,5,0242,validation
4,4,5,0246,train
4,4,5,0248,train
4,4,5,0256,validation
4,4,5,0268,train
4,4,5,0278,train
4,4,5,0281,train
4,4,5,0283,train
4,4,5,0287,train
4,4,5,0289,train
4,4,5,0296,train
4,4,5,0304,train
4,4,5,0306,train
4,4,5,0309,train
4,4,5,0311,validation
4,4,5,0322,train
4,4,5,0323,train
4,4,5,0330,train
4,4,5,0346,validation
4,4,5,0347,validation
4,4,5,0369,train
4,4,5,0370,train
4,4,5,0376,train
4,4,5,0379,train
4,4,5,0406,train
4,4,5,0409,train
4,4,5,0412,validation
4,4,5,0459,train
4,4,5,0498,validation
4,4,5,0546,train
4,5,1,0003,train
4,5,1,0008,train
4,5,1,0014,train
4,5,1,0033,train
4,5,1,0037,train
4,5,1,0038,train
4,5,1,0041,train
4,5,1,0046,validation
4,5,1,0053,train
4,5,1,0063,train
4,5,1,0069,train
4,5,1,0079,train
4,5,1,0089,train
4,5,1,0095,train
4,5,1,0100,validation
4,5,1,0106,train
4,5,1,0112,train
4,5,1,0116,train
4,5,1,0117,validation
4,5,1,0118,train
4,5,1,0135,train
4,5,1,0144,train
4,5,1,0153,train
4,5,1,0161,train
4,5,1,0170,train
4,5,1,0178,train
4,5,1,0202,train
4,5,1,0212,validation
4,5,1,0227,train
4,5,1,0246,train
4,5,1,0248,validation
4,5,1,0256,validation
4,5,1,0262,train
4,5,1,0268,train
4,5,1,0273,validation
4,5,1,0278,train
4,5,1,0287,train
4,5,1,0289,validation
4,5,1,0296,validation
4,5,1,0306,validation
4,5,1,0309,train
4,5,1,0311,train
4,5,1,0322,train
4,5,1,0323,train
4,5,1,0330,train
4,5,1,0369,train
4,5,1,0376,train
4,5,1,0379,train
4,5,1,0384,train
4,5,1,0399,validation
4,5,1,0406,train
4,5,1,0427,train
4,5,1,0432,validation
4,5,1,0459,train
4,5,1,0468,train
4,5,1,0498,train
4,5,1,0546,train
4,5,2,0003,validation
4,5,2,0008,train
4,5,2,0014,train
4,5,2,0033,train
4,5,2,0037,train
4,5,2,0038,validation
4,5,2,0041,train
4,5,2,0046,train
4,5,2,0053,train
4,5,2,0063,train
4,5,2,0069,train
4,5,2,0079,validation
4,5,2,0089,train
4,5,2,0095,train
4,5,2,0100,train
4,5,2,0106,train
4,5,2,0112,train
4,5,2,0116,validation
4,5,2,0117,train
4,5,2,0118,train
4,5,2,0135,train
4,5,2,0144,train
4,5,2,0153,train
4,5,2,0161,train
4,5,2,0170,train
4,5,2,0178,train
4,5,2,0202,train
4,5,2,0212,train
4,5,2,0227,validation
4,5,2,0246,train
4,5,2,0248,train
4,5,2,0256,train
4,5,2,0262,train
4,5,2,0268,train
4,5,2,0273,train
4,5,2,0278,train
4,5,2,0287,validation
4,5,2,0289,train
4,5,2,0296,train
4,5,2,0306,train
4,5,2,0309,validation
4,5,2,0311,validation
4,5,2,0322,validation
4,5,2,0323,validation
4,5,2,0330,train
4,5,2,0369,train
4,5,2,0376,train
4,5,2,0379,validation
4,5,2,0384,train
4,5,2,0399,train
4,5,2,0406,train
4,5,2,0427,validation
4,5,2,0432,train
4,5,2,0459,train
4,5,2,0468,train
4,5,2,0498,train
4,5,2,0546,train
4,5,3,0003,train
4,5,3,0008,train
4,5,3,0014,train
4,5,3,0033,validation
4,5,3,0037,train
4,5,3,0038,train
4,5,3,0041,train
4,5,3,0046,train
4,5,3,0053,validation
4,5,3,0063,train
4,5,3,0069,train
4,5,3,0079,train
4,5,3,0089,train
4,5,3,0095,train
4,5,3,0100,train
4,5,3,0106,train
4,5,3,0112,train
4,5,3,0116,train
4,5,3,0117,train
4,5,3,0118,validation
4,5,3,0135,validation
4,5,3,0144,validation
4,5,3,0153,train
4,5,3,0161,train
4,5,3,0170,train
4,5,3,0178,train
4,5,3,0202,train
4,5,3,0212,train
4,5,3,0227,train
4,5,3,0246,validation
4,5,3,0248,train
4,5,3,0256,train
4,5,3,0262,train
4,5,3,0268,validation
4,5,3,0273,train
4,5,3,0278,validation
4,5,3,0287,train
4,5,3,0289,train
4,5,3,0296,train
4,5,3,0306,train
4,5,3,0309,train
4,5,3,0311,train
4,5,3,0322,train
4,5,3,0323,train
4,5,3,0330,train
4,5,3,0369,validation
4,5,3,0376,train
4,5,3,0379,train
4,5,3,0384,train
4,5,3,0399,train
4,5,3,0406,train
4,5,3,0427,train
4,5,3,0432,train
4,5,3,0459,train
4,5,3,0468,validation
4,5,3,0498,train
4,5,3,0546,validation
4,5,4,0003,train
4,5,4,0008,train
4,5,4,0014,train
4,5,4,0033,train
4,5,4,0037,validation
4,5,4,0038,train
4,5,4,0041,train
4,5,4,0046,train
4,5,4,0053,train
4,5,4,0063,train
4,5,4,0069,validation
4,5,4,0079,train
4,5,4,0089,train
4,5,4,0095,train
4,5,4,0100,train
4,5,4,0106,validation
4,5,4,0112,validation
4,5,4,0116,train
4,5,4,0117,train
4,5,4,0118,train
4,5,4,0135,train
4,5,4,0144,train
4,5,4,0153,train
4,5,4,0161,validation
4,5,4,0170,train
4,5,4,0178,train
4,5,4,0202,validation
4,5,4,0212,train
4,5,4,0227,train
4,5,4,0246,train
4,5,4,0248,train
4,5,4,0256,train
4,5,4,0262,validation
4,5,4,0268,train
4,5,4,0273,train
4,5,4,0278,train
4,5,4,0287,train
4,5,4,0289,train
4,5,4,0296,train
4,5,4,0306,train
4,5,4,0309,train
4,5,4,0311,train
4,5,4,0322,train
4,5,4,0323,train
4,5,4,0330,train
4,5,4,0369,train
4,5,4,0376,validation
4,5,4,0379,train
4,5,4,0384,validation
4,5,4,0399,train
4,5,4,0406,validation
4,5,4,0427,train
4,5,4,0432,train
4,5,4,0459,train
4,5,4,0468,train
4,5,4,0498,validation
4,5,4,0546,train
4,5,5,0003,train
4,5,5,0008,validation
4,5,5,0014,validation
4,5,5,0033,train
4,5,5,0037,train
4,5,5,0038,train
4,5,5,0041,validation
4,5,5,0046,train
4,5,5,0053,train
4,5,5,0063,validation
4,5,5,0069,train
4,5,5,0079,train
4,5,5,0089,validation
4,5,5,0095,validation
4,5,5,0100,train
4,5,5,0106,train
4,5,5,0112,train
4,5,5,0116,train
4,5,5,0117,train
4,5,5,0118,train
4,5,5,0135,train
4,5,5,0144,train
4,5,5,0153,validation
4,5,5,0161,train
4,5,5,0170,validation
4,5,5,0178,validation
4,5,5,0202,train
4,5,5,0212,train
4,5,5,0227,train
4,5,5,0246,train
4,5,5,0248,train
4,5,5,0256,train
4,5,5,0262,train
4,5,5,0268,train
4,5,5,0273,train
4,5,5,0278,train
4,5,5,0287,train
4,5,5,0289,train
4,5,5,0296,train
4,5,5,0306,train
4,5,5,0309,train
4,5,5,0311,train
4,5,5,0322,train
4,5,5,0323,train
4,5,5,0330,validation
4,5,5,0369,train
4,5,5,0376,train
4,5,5,0379,train
4,5,5,0384,train
4,5,5,0399,train
4,5,5,0406,train
4,5,5,0427,train
4,5,5,0432,train
4,5,5,0459,validation
4,5,5,0468,train
4,5,5,0498,train
4,5,5,0546,train
5,1,1,0008,train
5,1,1,0009,validation
5,1,1,0027,train
5,1,1,0033,train
5,1,1,0037,train
5,1,1,0038,train
5,1,1,0041,validation
5,1,1,0054,train
5,1,1,0063,train
5,1,1,0069,train
5,1,1,0079,validation
5,1,1,0089,train
5,1,1,0095,train
5,1,1,0100,train
5,1,1,0106,validation
5,1,1,0116,train
5,1,1,0117,validation
5,1,1,0118,train
5,1,1,0135,train
5,1,1,0144,validation
5,1,1,0153,train
5,1,1,0170,validation
5,1,1,0178,train
5,1,1,0212,train
5,1,1,0227,train
5,1,1,0242,train
5,1,1,0246,train
5,1,1,0248,train
5,1,1,0256,train
5,1,1,0262,train
5,1,1,0268,train
5,1,1,0278,train
5,1,1,0281,train
5,1,1,0283,train
5,1,1,0287,train
5,1,1,0289,train
5,1,1,0296,train
5,1,1,0306,train
5,1,1,0309,validation
5,1,1,0311,train
5,1,1,0330,train
5,1,1,0346,train
5,1,1,0347,train
5,1,1,0369,validation
5,1,1,0370,validation
5,1,1,0376,train
5,1,1,0384,train
5,1,1,0399,train
5,1,1,0406,train
5,1,1,0412,train
5,1,1,0427,train
5,1,1,0432,train
5,1,1,0459,validation
5,1,1,0468,train
5,1,1,0498,train
5,1,1,0546,validation
5,1,2,0008,train
5,1,2,0009,train
5,1,2,0027,validation
5,1,2,0033,train
5,1,2,0037,train
5,1,2,0038,train
5,1,2,0041,train
5,1,2,0054,train
5,1,2,0063,train
5,1,2,0069,validation
5,1,2,0079,train
5,1,2,0089,validation
5,1,2,0095,train
5,1,2,0100,train
5,1,2,0106,train
5,1,2,0116,validation
5,1,2,0117,train
5,1,2,0118,validation
5,1,2,0135,validation
5,1,2,0144,train
5,1,2,0153,validation
5,1,2,0170,train
5,1,2,0178,train
5,1,2,0212,train
5,1,2,0227,train
5,1,2,0242,validation
5,1,2,0246,train
5,1,2,0248,train
5,1,2,0256,validation
5,1,2,0262,validation
5,1,2,0268,train
5,1,2,0278,train
5,1,2,0281,train
5,1,2,0283,train
5,1,2,0287,validation
5,1,2,0289,train
5,1,2,0296,train
5,1,2,0306,train
5,1,2,0309,train
5,1,2,0311,train
5,1,2,0330,train
5,1,2,0346,train
5,1,2,0347,train
5,1,2,0369,train
5,1,2,0370,train
5,1,2,0376,train
5,1,2,0384,train
5,1,2,0399,validation
5,1,2,0406,train
5,1,2,0412,train
5,1,2,0427,train
5,1,2,0432,train
5,1,2,0459,train
5,1,2,0468,train
5,1,2,0498,train
5,1,2,0546,train
5,1,3,0008,train
5,1,3,0009,train
5,1,3,0027,train
5,1,3,0033,validation
5,1,3,0037,train
5,1,3,0038,train
5,1,3,0041,train
5,1,3,0054,train
5,1,3,0063,validation
5,1,3,0069,train
5,1,3,0079,train
5,1,3,0089,train
5,1,3,0095,validation
5,1,3,0100,train
5,1,3,0106,train
5,1,3,0116,train
5,1,3,0117,train
5,1,3,0118,train
5,1,3,0135,train
5,1,3,0144,train
5,1,3,0153,train
5,1,3,0170,train
5,1,3,0178,train
5,1,3,0212,validation
5,1,3,0227,validation
5,1,3,0242,train
5,1,3,0246,train
5,1,3,0248,train
5,1,3,0256,train
5,1,3,0262,train
5,1,3,0268,train
5,1,3,0278,validation
5,1,3,0281,train
5,1,3,0283,train
5,1,3,0287,train
5,1,3,0289,train
5,1,3,0296,train
5,1,3,0306,train
5,1,3,0309,train
5,1,3,0311,validation
5,1,3,0330,validation
5,1,3,0346,validation
5,1,3,0347,train
5,1,3,0369,train
5,1,3,0370,train
5,1,3,0376,validation
5,1,3,0384,train
5,1,3,0399,train
5,1,3,0406,train
5,1,3,0412,train
5,1,3,0427,validation
5,1,3,0432,train
5,1,3,0459,train
5,1,3,0468,train
5,1,3,0498,train
5,1,3,0546,train
5,1,4,0008,validation
5,1,4,0009,train
5,1,4,0027,train
5,1,4,0033,train
5,1,4,0037,train
5,1,4,0038,train
5,1,4,0041,train
5,1,4,0054,train
5,1,4,0063,train
5,1,4,0069,train
5,1,4,0079,train
5,1,4,0089,train
5,1,4,0095,train
5,1,4,0100,train
5,1,4,0106,train
5,1,4,0116,train
5,1,4,0117,train
5,1,4,0118,train
5,1,4,0135,train
5,1,4,0144,train
5,1,4,0153,train
5,1,4,0170,train
5,1,4,0178,validation
5,1,4,0212,train
5,1,4,0227,train
5,1,4,0242,train
5,1,4,0246,validation
5,1,4,0248,validation
5,1,4,0256,train
5,1,4,0262,train
5,1,4,0268,train
5,1,4,0278,train
5,1,4,0281,validation
5,1,4,0283,validation
5,1,4,0287,train
5,1,4,0289,validation
5,1,4,0296,validation
5,1,4,0306,validation
5,1,4,0309,train
5,1,4,0311,train
5,1,4,0330,train
5,1,4,0346,train
5,1,4,0347,train
5,1,4,0369,train
5,1,4,0370,train
5,1,4,0376,train
5,1,4,0384,validation
5,1,4,0399,train
5,1,4,0406,train
5,1,4,0412,train
5,1,4,0427,train
5,1,4,0432,train
5,1,4,0459,train
5,1,4,0468,validation
5,1,4,0498,train
5,1,4,0546,train
5,1,5,0008,train
5,1,5,0009,train
5,1,5,0027,train
5,1,5,0033,train
5,1,5,0037,validation
5,1,5,0038,validation
5,1,5,0041,train
5,1,5,0054,validation
5,1,5,0063,train
5,1,5,0069,train
5,1,5,0079,train
5,1,5,0089,train
5,1,5,0095,train
5,1,5,0100,validation
5,1,5,0106,train
5,1,5,0116,train
5,1,5,0117,train
5,1,5,0118,train
5,1,5,0135,train
5,1,5,0144,train
5,1,5,0153,train
5,1,5,0170,train
5,1,5,0178,train
5,1,5,0212,train
5,1,5,0227,train
5,1,5,0242,train
5,1,5,0246,train
5,1,5,0248,train
5,1,5,0256,train
5,1,5,0262,train
5,1,5,0268,validation
5,1,5,0278,train
5,1,5,0281,train
5,1,5,0283,train
5,1,5,0287,train
5,1,5,0289,train
5,1,5,0296,train
5,1,5,0306,train
5,1,5,0309,train
5,1,5,0311,train
5,1,5,0330,train
5,1,5,0346,train
5,1,5,0347,validation
5,1,5,0369,train
5,1,5,0370,train
5,1,5,0376,train
5,1,5,0384,train
5,1,5,0399,train
5,1,5,0406,validation
5,1,5,0412,validation
5,1,5,0427,train
5,1,5,0432,validation
5,1,5,0459,train
5,1,5,0468,train
5,1,5,0498,validation
5,1,5,0546,train
5,2,1,0003,train
5,2,1,0008,train
5,2,1,0009,train
5,2,1,0014,train
5,2,1,0027,train
5,2,1,0029,train
5,2,1,0033,train
5,2,1,0037,train
5,2,1,0038,validation
5,2,1,0046,train
5,2,1,0053,train
5,2,1,0054,train
5,2,1,0069,train
5,2,1,0079,train
5,2,1,0089,validation
5,2,1,0095,train
5,2,1,0100,validation
5,2,1,0106,train
5,2,1,0112,validation
5,2,1,0116,train
5,2,1,0117,train
5,2,1,0118,train
5,2,1,0139,train
5,2,1,0144,train
5,2,1,0153,validation
5,2,1,0161,train
5,2,1,0170,train
5,2,1,0178,train
5,2,1,0202,train
5,2,1,0212,train
5,2,1,0242,train
5,2,1,0246,train
5,2,1,0248,validation
5,2,1,0268,train
5,2,1,0273,validation
5,2,1,0278,train
5,2,1,0281,train
5,2,1,0287,train
5,2,1,0289,train
5,2,1,0296,train
5,2,1,0304,validation
5,2,1,0309,train
5,2,1,0311,train
5,2,1,0322,train
5,2,1,0323,train
5,2,1,0330,train
5,2,1,0347,validation
5,2,1,0379,train
5,2,1,0399,train
5,2,1,0406,validation
5,2,1,0409,train
5,2,1,0412,train
5,2,1,0427,validation
5,2,1,0432,validation
5,2,1,0459,train
5,2,1,0468,train
5,2,1,0498,train
5,2,2,0003,train
5,2,2,0008,train
5,2,2,0009,train
5,2,2,0014,validation
5,2,2,0027,train
5,2,2,0029,train
5,2,2,0033,validation
5,2,2,0037,train
5,2,2,0038,train
5,2,2,0046,validation
5,2,2,0053,train
5,2,2,0054,train
5,2,2,0069,train
5,2,2,0079,validation
5,2,2,0089,train
5,2,2,0095,validation
5,2,2,0100,train
5,2,2,0106,validation
5,2,2,0112,train
5,2,2,0116,train
5,2,2,0117,train
5,2,2,0118,train
5,2,2,0139,train
5,2,2,0144,validation
5,2,2,0153,train
5,2,2,0161,train
5,2,2,0170,train
5,2,2,0178,train
5,2,2,0202,train
5,2,2,0212,train
5,2,2,0242,train
5,2,2,0246,train
5,2,2,0248,train
5,2,2,0268,train
5,2,2,0273,train
5,2,2,0278,train
5,2,2,0281,train
5,2,2,0287,train
5,2,2,0289,train
5,2,2,0296,validation
5,2,2,0304,train
5,2,2,0309,validation
5,2,2,0311,train
5,2,2,0322,train
5,2,2,0323,train
5,2,2,0330,train
5,2,2,0347,train
5,2,2,0379,validation
5,2,2,0399,train
5,2,2,0406,train
5,2,2,0409,train
5,2,2,0412,train
5,2,2,0427,train
5,2,2,0432,train
5,2,2,0459,validation
5,2,2,0468,train
5,2,2,0498,validation
5,2,3,0003,validation
5,2,3,0008,train
5,2,3,0009,train
5,2,3,0014,train
5,2,3,0027,validation
5,2,3,0029,validation
5,2,3,0033,train
5,2,3,0037,validation
5,2,3,0038,train
5,2,3,0046,train
5,2,3,0053,train
5,2,3,0054,train
5,2,3,0069,train
5,2,3,0079,train
5,2,3,0089,train
5,2,3,0095,train
5,2,3,0100,train
5,2,3,0106,train
5,2,3,0112,train
5,2,3,0116,train
5,2,3,0117,train
5,2,3,0118,train
5,2,3,0139,train
5,2,3,0144,train
5,2,3,0153,train
5,2,3,0161,train
5,2,3,0170,validation
5,2,3,0178,train
5,2,3,0202,validation
5,2,3,0212,validation
5,2,3,0242,train
5,2,3,0246,validation
5,2,3,0248,train
5,2,3,0268,train
5,2,3,0273,train
5,2,3,0278,train
5,2,3,0281,validation
5,2,3,0287,train
5,2,3,0289,validation
5,2,3,0296,train
5,2,3,0304,train
5,2,3,0309,train
5,2,3,0311,train
5,2,3,0322,train
5,2,3,0323,train
5,2,3,0330,train
5,2,3,0347,train
5,2,3,0379,train
5,2,3,0399,train
5,2,3,0406,train
5,2,3,0409,train
5,2,3,0412,validation
5,2,3,0427,train
5,2,3,0432,train
5,2,3,0459,train
5,2,3,0468,train
5,2,3,0498,train
5,2,4,0003,train
5,2,4,0008,validation
5,2,4,0009,train
5,2,4,0014,train
5,2,4,0027,train
5,2,4,0029,train
5,2,4,0033,train
5,2,4,0037,train
5,2,4,0038,train
5,2,4,0046,train
5,2,4,0053,train
5,2,4,0054,validation
5,2,4,0069,validation
5,2,4,0079,train
5,2,4,0089,train
5,2,4,0095,train
5,2,4,0100,train
5,2,4,0106,train
5,2,4,0112,train
5,2,4,0116,validation
5,2,4,0117,validation
5,2,4,0118,train
5,2,4,0139,validation
5,2,4,0144,train
5,2,4,0153,train
5,2,4,0161,validation
5,2,4,0170,train
5,2,4,0178,validation
5,2,4,0202,train
5,2,4,0212,train
5,2,4,0242,validation
5,2,4,0246,train
5,2,4,0248,train
5,2,4,0268,validation
5,2,4,0273,train
5,2,4,0278,train
5,2,4,0281,train
5,2,4,0287,train
5,2,4,0289,train
5,2,4,0296,train
5,2,4,0304,train
5,2,4,0309,train
5,2,4,0311,train
5,2,4,0322,train
5,2,4,0323,train
5,2,4,0330,train
5,2,4,0347,train
5,2,4,0379,train
5,2,4,0399,validation
5,2,4,0406,train
5,2,4,0409,train
5,2,4,0412,train
5,2,4,0427,train
5,2,4,0432,train
5,2,4,0459,train
5,2,4,0468,train
5,2,4,0498,train
5,2,5,0003,train
5,2,5,0008,train
5,2,5,0009,validation
5,2,5,0014,train
5,2,5,0027,train
5,2,5,0029,train
5,2,5,0033,train
5,2,5,0037,train
5,2,5,0038,train
5,2,5,0046,train
5,2,5,0053,validation
5,2,5,0054,train
5,2,5,0069,train
5,2,5,0079,train
5,2,5,0089,train
5,2,5,0095,train
5,2,5,0100,train
5,2,5,0106,train
5,2,5,0112,train
5,2,5,0116,train
5,2,5,0117,train
5,2,5,0118,validation
5,2,5,0139,train
5,2,5,0144,train
5,2,5,0153,train
5,2,5,0161,train
5,2,5,0170,train
5,2,5,0178,train
5,2,5,0202,train
5,2,5,0212,train
5,2,5,0242,train
5,2,5,0246,train
5,2,5,0248,train
5,2,5,0268,train
5,2,5,0273,train
5,2,5,0278,validation
5,2,5,0281,train
5,2,5,0287,validation
5,2,5,0289,train
5,2,5,0296,train
5,2,5,0304,train
5,2,5,0309,train
5,2,5,0311,validation
5,2,5,0322,validation
5,2,5,0323,validation
5,2,5,0330,validation
5,2,5,0347,train
5,2,5,0379,train
5,2,5,0399,train
5,2,5,0406,train
5,2,5,0409,validation
5,2,5,0412,train
5,2,5,0427,train
5,2,5,0432,train
5,2,5,0459,train
5,2,5,0468,validation
5,2,5,0498,train
5,3,1,0003,train
5,3,1,0014,validation
5,3,1,0027,validation
5,3,1,0029,train
5,3,1,0033,validation
5,3,1,0037,train
5,3,1,0038,train
5,3,1,0041,train
5,3,1,0046,train
5,3,1,0053,train
5,3,1,0054,train
5,3,1,0063,train
5,3,1,0079,validation
5,3,1,0089,train
5,3,1,0095,train
5,3,1,0100,train
5,3,1,0112,validation
5,3,1,0116,train
5,3,1,0118,validation
5,3,1,0135,train
5,3,1,0139,train
5,3,1,0144,train
5,3,1,0161,train
5,3,1,0202,train
5,3,1,0212,validation
5,3,1,0227,train
5,3,1,0246,train
5,3,1,0248,train
5,3,1,0256,train
5,3,1,0262,train
5,3,1,0273,train
5,3,1,0281,train
5,3,1,0283,train
5,3,1,0287,validation
5,3,1,0289,train
5,3,1,0296,train
5,3,1,0304,train
5,3,1,0306,train
5,3,1,0309,validation
5,3,1,0311,train
5,3,1,0322,train
5,3,1,0323,train
5,3,1,0330,train
5,3,1,0346,validation
5,3,1,0347,train
5,3,1,0369,train
5,3,1,0370,train
5,3,1,0376,validation
5,3,1,0379,train
5,3,1,0384,train
5,3,1,0399,train
5,3,1,0409,train
5,3,1,0427,validation
5,3,1,0432,train
5,3,1,0459,train
5,3,1,0468,train
5,3,1,0546,train
5,3,2,0003,validation
5,3,2,0014,train
5,3,2,0027,train
5,3,2,0029,train
5,3,2,0033,train
5,3,2,0037,train
5,3,2,0038,train
5,3,2,0041,train
5,3,2,0046,train
5,3,2,0053,validation
5,3,2,0054,validation
5,3,2,0063,train
5,3,2,0079,train
5,3,2,0089,train
5,3,2,0095,train
5,3,2,0100,train
5,3,2,0112,train
5,3,2,0116,train
5,3,2,0118,train
5,3,2,0135,train
5,3,2,0139,train
5,3,2,0144,train
5,3,2,0161,train
5,3,2,0202,train
5,3,2,0212,train
5,3,2,0227,validation
5,3,2,0246,train
5,3,2,0248,validation
5,3,2,0256,validation
5,3,2,0262,train
5,3,2,0273,validation
5,3,2,0281,train
5,3,2,0283,validation
5,3,2,0287,train
5,3,2,0289,train
5,3,2,0296,train
5,3,2,0304,validation
5,3,2,0306,train
5,3,2,0309,train
5,3,2,0311,train
5,3,2,0322,train
5,3,2,0323,train
5,3,2,0330,train
5,3,2,0346,train
5,3,2,0347,train
5,3,2,0369,train
5,3,2,0370,validation
5,3,2,0376,train
5,3,2,0379,validation
5,3,2,0384,train
5,3,2,0399,train
5,3,2,0409,train
5,3,2,0427,train
5,3,2,0432,train
5,3,2,0459,train
5,3,2,0468,train
5,3,2,0546,validation
5,3,3,0003,train
5,3,3,0014,train
5,3,3,0027,train
5,3,3,0029,validation
5,3,3,0033,train
5,3,3,0037,train
5,3,3,0038,validation
5,3,3,0041,validation
5,3,3,0046,train
5,3,3,0053,train
5,3,3,0054,train
5,3,3,0063,train
5,3,3,0079,train
5,3,3,0089,validation
5,3,3,0095,train
5,3,3,0100,train
5,3,3,0112,train
5,3,3,0116,train
5,3,3,0118,train
5,3,3,0135,train
5,3,3,0139,train
5,3,3,0144,train
5,3,3,0161,train
5,3,3,0202,validation
5,3,3,0212,train
5,3,3,0227,train
5,3,3,0246,train
5,3,3,0248,train
5,3,3,0256,train
5,3,3,0262,train
5,3,3,0273,train
5,3,3,0281,train
5,3,3,0283,train
5,3,3,0287,train
5,3,3,0289,train
5,3,3,0296,train
5,3,3,0304,train
5,3,3,0306,train
5,3,3,0309,train
5,3,3,0311,validation
5,3,3,0322,train
5,3,3,0323,train
5,3,3,0330,train
5,3,3,0346,train
5,3,3,0347,validation
5,3,3,0369,train
5,3,3,0370,train
5,3,3,0376,train
5,3,3,0379,train
5,3,3,0384,validation
5,3,3,0399,train
5,3,3,0409,validation
5,3,3,0427,train
5,3,3,0432,train
5,3,3,0459,validation
5,3,3,0468,validation
5,3,3,0546,train
5,3,4,0003,train
5,3,4,0014,train
5,3,4,0027,train
5,3,4,0029,train
5,3,4,0033,train
5,3,4,0037,validation
5,3,4,0038,train
5,3,4,0041,train
5,3,4,0046,validation
5,3,4,0053,train
5,3,4,0054,train
5,3,4,0063,train
5,3,4,0079,train
5,3,4,0089,train
5,3,4,0095,validation
5,3,4,0100,train
5,3,4,0112,train
5,3,4,0116,train
5,3,4,0118,train
5,3,4,0135,train
5,3,4,0139,validation
5,3,4,0144,train
5,3,4,0161,train
5,3,4,0202,train
5,3,4,0212,train
5,3,4,0227,train
5,3,4,0246,validation
5,3,4,0248,train
5,3,4,0256,train
5,3,4,0262,validation
5,3,4,0273,train
5,3,4,0281,train
5,3,4,0283,train
5,3,4,0287,train
5,3,4,0289,validation
5,3,4,0296,validation
5,3,4,0304,train
5,3,4,0306,validation
5,3,4,0309,train
5,3,4,0311,train
5,3,4,0322,train
5,3,4,0323,train
5,3,4,0330,train
5,3,4,0346,train
5,3,4,0347,train
5,3,4,0369,train
5,3,4,0370,train
5,3,4,0376,train
5,3,4,0379,train
5,3,4,0384,train
5,3,4,0399,validation
5,3,4,0409,train
5,3,4,0427,train
5,3,4,0432,validation
5,3,4,0459,train
5,3,4,0468,train
5,3,4,0546,train
5,3,5,0003,train
5,3,5,0014,train
5,3,5,0027,train
5,3,5,0029,train
5,3,5,0033,train
5,3,5,0037,train
5,3,5,0038,train
5,3,5,0041,train
5,3,5,0046,train
5,3,5,0053,train
5,3,5,0054,train
5,3,5,0063,validation
5,3,5,0079,train
5,3,5,0089,train
5,3,5,0095,train
5,3,5,0100,validation
5,3,5,0112,train
5,3,5,0116,validation
5,3,5,0118,train
5,3,5,0135,validation
5,3,5,0139,train
5,3,5,0144,validation
5,3,5,0161,validation
5,3,5,0202,train
5,3,5,0212,train
5,3,5,0227,train
5,3,5,0246,train
5,3,5,0248,train
5,3,5,0256,train
5,3,5,0262,train
5,3,5,0273,train
5,3,5,0281,validation
5,3,5,0283,train
5,3,5,0287,train
5,3,5,0289,train
5,3,5,0296,train
5,3,5,0304,train
5,3,5,0306,train
5,3,5,0309,train
5,3,5,0311,train
5,3,5,0322,validation
5,3,5,0323,validation
5,3,5,0330,validation
5,3,5,0346,train
5,3,5,0347,train
5,3,5,0369,validation
5,3,5,0370,train
5,3,5,0376,train
5,3,5,0379,train
5,3,5,0384,train
5,3,5,0399,train
5,3,5,0409,train
5,3,5,0427,train
5,3,5,0432,train
5,3,5,0459,train
5,3,5,0468,train
5,3,5,0546,train
5,4,1,0003,train
5,4,1,0008,train
5,4,1,0009,train
5,4,1,0014,train
5,4,1,0027,train
5,4,1,0029,train
5,4,1,0033,train
5,4,1,0038,train
5,4,1,0041,train
5,4,1,0046,train
5,4,1,0053,train
5,4,1,0063,train
5,4,1,0069,train
5,4,1,0079,validation
5,4,1,0089,validation
5,4,1,0095,train
5,4,1,0100,train
5,4,1,0106,train
5,4,1,0112,validation
5,4,1,0117,train
5,4,1,0135,validation
5,4,1,0139,validation
5,4,1,0153,train
5,4,1,0161,train
5,4,1,0170,train
5,4,1,0178,train
5,4,1,0202,validation
5,4,1,0212,train
5,4,1,0227,train
5,4,1,0242,train
5,4,1,0246,train
5,4,1,0256,train
5,4,1,0262,train
5,4,1,0268,train
5,4,1,0273,train
5,4,1,0278,validation
5,4,1,0283,validation
5,4,1,0289,train
5,4,1,0304,train
5,4,1,0306,train
5,4,1,0311,train
5,4,1,0322,validation
5,4,1,0323,train
5,4,1,0330,train
5,4,1,0346,validation
5,4,1,0369,validation
5,4,1,0370,train
5,4,1,0376,train
5,4,1,0379,train
5,4,1,0384,train
5,4,1,0406,train
5,4,1,0409,train
5,4,1,0412,validation
5,4,1,0432,train
5,4,1,0468,train
5,4,1,0498,train
5,4,1,0546,train
5,4,2,0003,validation
5,4,2,0008,train
5,4,2,0009,validation
5,4,2,0014,validation
5,4,2,0027,validation
5,4,2,0029,validation
5,4,2,0033,train
5,4,2,0038,train
5,4,2,0041,validation
5,4,2,0046,validation
5,4,2,0053,validation
5,4,2,0063,train
5,4,2,0069,train
5,4,2,0079,train
5,4,2,0089,train
5,4,2,0095,train
5,4,2,0100,train
5,4,2,0106,train
5,4,2,0112,train
5,4,2,0117,train
5,4,2,0135,train
5,4,2,0139,train
5,4,2,0153,train
5,4,2,0161,train
5,4,2,0170,train
5,4,2,0178,train
5,4,2,0202,train
5,4,2,0212,train
5,4,2,0227,train
5,4,2,0242,validation
5,4,2,0246,train
5,4,2,0256,train
5,4,2,0262,train
5,4,2,0268,train
5,4,2,0273,train
5,4,2,0278,train
5,4,2,0283,train
5,4,2,0289,validation
5,4,2,0304,train
5,4,2,0306,train
5,4,2,0311,train
5,4,2,0322,train
5,4,2,0323,train
5,4,2,0330,train
5,4,2,0346,train
5,4,2,0369,train
5,4,2,0370,train
5,4,2,0376,validation
5,4,2,0379,train
5,4,2,0384,train
5,4,2,0406,validation
5,4,2,0409,train
5,4,2,0412,train
5,4,2,0432,train
5,4,2,0468,train
5,4,2,0498,train
5,4,2,0546,train
5,4,3,0003,train
5,4,3,0008,train
5,4,3,0009,train
5,4,3,0014,train
5,4,3,0027,train
5,4,3,0029,train
5,4,3,0033,train
5,4,3,0038,train
5,4,3,0041,train
5,4,3,0046,train
5,4,3,0053,train
5,4,3,0063,validation
5,4,3,0069,train
5,4,3,0079,train
5,4,3,0089,train
5,4,3,0095,validation
5,4,3,0100,validation
5,4,3,0106,train
5,4,3,0112,train
5,4,3,0117,validation
5,4,3,0135,train
5,4,3,0139,train
5,4,3,0153,train
5,4,3,0161,train
5,4,3,0170,validation
5,4,3,0178,train
5,4,3,0202,train
5,4,3,0212,train
5,4,3,0227,train
5,4,3,0242,train
5,4,3,0246,validation
5,4,3,0256,train
5,4,3,0262,validation
5,4,3,0268,train
5,4,3,0273,train
5,4,3,0278,train
5,4,3,0283,train
5,4,3,0289,train
5,4,3,0304,train
5,4,3,0306,train
5,4,3,0311,train
5,4,3,0322,train
5,4,3,0323,train
5,4,3,0330,train
5,4,3,0346,train
5,4,3,0369,train
5,4,3,0370,train
5,4,3,0376,train
5,4,3,0379,train
5,4,3,0384,validation
5,4,3,0406,train
5,4,3,0409,validation
5,4,3,0412,train
5,4,3,0432,train
5,4,3,0468,validation
5,4,3,0498,train
5,4,3,0546,validation
5,4,4,0003,train
5,4,4,0008,validation
5,4,4,0009,train
5,4,4,0014,train
5,4,4,0027,train
5,4,4,0029,train
5,4,4,0033,train
5,4,4,0038,train
5,4,4,0041,train
5,4,4,0046,train
5,4,4,0053,train
5,4,4,0063,train
5,4,4,0069,validation
5,4,4,0079,train
5,4,4,0089,train
5,4,4,0095,train
5,4,4,0100,train
5,4,4,0106,train
5,4,4,0112,train
5,4,4,0117,train
5,4,4,0135,train
5,4,4,0139,train
5,4,4,0153,validation
5,4,4,0161,validation
5,4,4,0170,train
5,4,4,0178,train
5,4,4,0202,train
5,4,4,0212,train
5,4,4,0227,train
5,4,4,0242,train
5,4,4,0246,train
5,4,4,0256,validation
5,4,4,0262,train
5,4,4,0268,train
5,4,4,0273,validation
5,4,4,0278,train
5,4,4,0283,train
5,4,4,0289,train
5,4,4,0304,train
5,4,4,0306,train
5,4,4,0311,validation
5,4,4,0322,train
5,4,4,0323,validation
5,4,4,0330,validation
5,4,4,0346,train
5,4,4,0369,train
5,4,4,0370,train
5,4,4,0376,train
5,4,4,0379,validation
5,4,4,0384,train
5,4,4,0406,train
5,4,4,0409,train
5,4,4,0412,train
5,4,4,0432,train
5,4,4,0468,train
5,4,4,0498,validation
5,4,4,0546,train
5,4,5,0003,train
5,4,5,0008,train
5,4,5,0009,train
5,4,5,0014,train
5,4,5,0027,train
5,4,5,0029,train
5,4,5,0033,validation
5,4,5,0038,validation
5,4,5,0041,train
5,4,5,0046,train
5,4,5,0053,train
5,4,5,0063,train
5,4,5,0069,train
5,4,5,0079,train
5,4,5,0089,train
5,4,5,0095,train
5,4,5,0100,train
5,4,5,0106,validation
5,4,5,0112,train
5,4,5,0117,train
5,4,5,0135,train
5,4,5,0139,train
5,4,5,0153,train
5,4,5,0161,train
5,4,5,0170,train
5,4,5,0178,validation
5,4,5,0202,train
5,4,5,0212,validation
5,4,5,0227,validation
5,4,5,0242,train
5,4,5,0246,train
5,4,5,0256,train
5,4,5,0262,train
5,4,5,0268,validation
5,4,5,0273,train
5,4,5,0278,train
5,4,5,0283,train
5,4,5,0289,train
5,4,5,0304,validation
5,4,5,0306,validation
5,4,5,0311,train
5,4,5,0322,train
5,4,5,0323,train
5,4,5,0330,train
5,4,5,0346,train
5,4,5,0369,train
5,4,5,0370,validation
5,4,5,0376,train
5,4,5,0379,train
5,4,5,0384,train
5,4,5,0406,train
5,4,5,0409,train
5,4,5,0412,train
5,4,5,0432,validation
5,4,5,0468,train
5,4,5,0498,train
5,4,5,0546,train
5,5,1,0003,validation
5,5,1,0008,train
5,5,1,0009,train
5,5,1,0014,train
5,5,1,0029,train
5,5,1,0037,train
5,5,1,0041,train
5,5,1,0046,train
5,5,1,0053,validation
5,5,1,0054,train
5,5,1,0063,train
5,5,1,0069,validation
5,5,1,0106,train
5,5,1,0112,train
5,5,1,0116,train
5,5,1,0117,train
5,5,1,0118,train
5,5,1,0135,train
5,5,1,0139,train
5,5,1,0144,train
5,5,1,0153,train
5,5,1,0161,train
5,5,1,0170,train
5,5,1,0178,train
5,5,1,0202,train
5,5,1,0227,train
5,5,1,0242,train
5,5,1,0248,validation
5,5,1,0256,validation
5,5,1,0262,train
5,5,1,0268,train
5,5,1,0273,train
5,5,1,0278,train
5,5,1,0281,validation
5,5,1,0283,train
5,5,1,0287,train
5,5,1,0296,train
5,5,1,0304,train
5,5,1,0306,train
5,5,1,0309,validation
5,5,1,0322,train
5,5,1,0323,train
5,5,1,0346,train
5,5,1,0347,validation
5,5,1,0369,train
5,5,1,0370,train
5,5,1,0376,train
5,5,1,0379,validation
5,5,1,0384,validation
5,5,1,0399,train
5,5,1,0406,train
5,5,1,0409,train
5,5,1,0412,train
5,5,1,0427,validation
5,5,1,0459,validation
5,5,1,0498,train
5,5,1,0546,train
5,5,2,0003,train
5,5,2,0008,validation
5,5,2,0009,train
5,5,2,0014,train
5,5,2,0029,train
5,5,2,0037,validation
5,5,2,0041,validation
5,5,2,0046,train
5,5,2,0053,train
5,5,2,0054,validation
5,5,2,0063,train
5,5,2,0069,train
5,5,2,0106,train
5,5,2,0112,train
5,5,2,0116,train
5,5,2,0117,validation
5,5,2,0118,train
5,5,2,0135,train
5,5,2,0139,train
5,5,2,0144,train
5,5,2,0153,train
5,5,2,0161,train
5,5,2,0170,train
5,5,2,0178,train
5,5,2,0202,train
5,5,2,0227,train
5,5,2,0242,train
5,5,2,0248,train
5,5,2,0256,train
5,5,2,0262,validation
5,5,2,0268,train
5,5,2,0273,train
5,5,2,0278,validation
5,5,2,0281,train
5,5,2,0283,train
5,5,2,0287,validation
5,5,2,0296,train
5,5,2,0304,train
5,5,2,0306,train
5,5,2,0309,train
5,5,2,0322,train
5,5,2,0323,train
5,5,2,0346,train
5,5,2,0347,train
5,5,2,0369,train
5,5,2,0370,validation
5,5,2,0376,validation
5,5,2,0379,train
5,5,2,0384,train
5,5,2,0399,train
5,5,2,0406,train
5,5,2,0409,validation
5,5,2,0412,train
5,5,2,0427,train
5,5,2,0459,train
5,5,2,0498,train
5,5,2,0546,validation
5,5,3,0003,train
5,5,3,0008,train
5,5,3,0009,train
5,5,3,0014,validation
5,5,3,0029,train
5,5,3,0037,train
5,5,3,0041,train
5,5,3,0046,validation
5,5,3,0053,train
5,5,3,0054,train
5,5,3,0063,train
5,5,3,0069,train
5,5,3,0106,validation
5,5,3,0112,train
5,5,3,0116,train
5,5,3,0117,train
5,5,3,0118,train
5,5,3,0135,train
5,5,3,0139,validation
5,5,3,0144,validation
5,5,3,0153,train
5,5,3,0161,train
5,5,3,0170,train
5,5,3,0178,train
5,5,3,0202,train
5,5,3,0227,train
5,5,3,0242,train
5,5,3,0248,train
5,5,3,0256,train
5,5,3,0262,train
5,5,3,0268,train
5,5,3,0273,train
5,5,3,0278,train
5,5,3,0281,train
5,5,3,0283,validation
5,5,3,0287,train
5,5,3,0296,train
5,5,3,0304,train
5,5,3,0306,train
5,5,3,0309,train
5,5,3,0322,train
5,5,3,0323,validation
5,5,3,0346,validation
5,5,3,0347,train
5,5,3,0369,validation
5,5,3,0370,train
5,5,3,0376,train
5,5,3,0379,train
5,5,3,0384,train
5,5,3,0399,train
5,5,3,0406,train
5,5,3,0409,train
5,5,3,0412,validation
5,5,3,0427,train
5,5,3,0459,train
5,5,3,0498,validation
5,5,3,0546,train
5,5,4,0003,train
5,5,4,0008,train
5,5,4,0009,validation
5,5,4,0014,train
5,5,4,0029,validation
5,5,4,0037,train
5,5,4,0041,train
5,5,4,0046,train
5,5,4,0053,train
5,5,4,0054,train
5,5,4,0063,validation
5,5,4,0069,train
5,5,4,0106,train
5,5,4,0112,validation
5,5,4,0116,train
5,5,4,0117,train
5,5,4,0118,train
5,5,4,0135,validation
5,5,4,0139,train
5,5,4,0144,train
5,5,4,0153,train
5,5,4,0161,train
5,5,4,0170,train
5,5,4,0178,train
5,5,4,0202,train
5,5,4,0227,train
5,5,4,0242,validation
5,5,4,0248,train
5,5,4,0256,train
5,5,4,0262,train
5,5,4,0268,train
5,5,4,0273,validation
5,5,4,0278,train
5,5,4,0281,train
5,5,4,0283,train
5,5,4,0287,train
5,5,4,0296,validation
5,5,4,0304,validation
5,5,4,0306,validation
5,5,4,0309,train
5,5,4,0322,train
5,5,4,0323,train
5,5,4,0346,train
5,5,4,0347,train
5,5,4,0369,train
5,5,4,0370,train
5,5,4,0376,train
5,5,4,0379,train
5,5,4,0384,train
5,5,4,0399,train
5,5,4,0406,validation
5,5,4,0409,train
5,5,4,0412,train
5,5,4,0427,train
5,5,4,0459,train
5,5,4,0498,train
5,5,4,0546,train
5,5,5,0003,train
5,5,5,0008,train
5,5,5,0009,train
5,5,5,0014,train
5,5,5,0029,train
5,5,5,0037,train
5,5,5,0041,train
5,5,5,0046,train
5,5,5,0053,train
5,5,5,0054,train
5,5,5,0063,train
5,5,5,0069,train
5,5,5,0106,train
5,5,5,0112,train
5,5,5,0116,validation
5,5,5,0117,train
5,5,5,0118,validation
5,5,5,0135,train
5,5,5,0139,train
5,5,5,0144,train
5,5,5,0153,validation
5,5,5,0161,validation
5,5,5,0170,validation
5,5,5,0178,validation
5,5,5,0202,validation
5,5,5,0227,validation
5,5,5,0242,train
5,5,5,0248,train
5,5,5,0256,train
5,5,5,0262,train
5,5,5,0268,validation
5,5,5,0273,train
5,5,5,0278,train
5,5,5,0281,train
5,5,5,0283,train
5,5,5,0287,train
5,5,5,0296,train
5,5,5,0304,train
5,5,5,0306,train
5,5,5,0309,train
5,5,5,0322,validation
5,5,5,0323,train
5,5,5,0346,train
5,5,5,0347,train
5,5,5,0369,train
5,5,5,0370,train
5,5,5,0376,train
5,5,5,0379,train
5,5,5,0384,train
5,5,5,0399,validation
5,5,5,0406,train
5,5,5,0409,train
5,5,5,0412,train
5,5,5,0427,train
5,5,5,0459,train
5,5,5,0498,train
5,5,5,0546,train
6,1,1,0003,train
6,1,1,0008,train
6,1,1,0009,train
6,1,1,0014,validation
6,1,1,0027,train
6,1,1,0029,train
6,1,1,0038,validation
6,1,1,0041,train
6,1,1,0046,validation
6,1,1,0053,train
6,1,1,0063,train
6,1,1,0069,validation
6,1,1,0100,validation
6,1,1,0106,train
6,1,1,0112,train
6,1,1,0116,validation
6,1,1,0135,train
6,1,1,0139,train
6,1,1,0144,train
6,1,1,0161,train
6,1,1,0170,train
6,1,1,0178,validation
6,1,1,0202,train
6,1,1,0212,train
6,1,1,0227,train
6,1,1,0242,train
6,1,1,0246,train
6,1,1,0248,validation
6,1,1,0256,train
6,1,1,0262,train
6,1,1,0273,train
6,1,1,0278,train
6,1,1,0283,train
6,1,1,0287,train
6,1,1,0296,train
6,1,1,0304,train
6,1,1,0306,train
6,1,1,0309,train
6,1,1,0322,validation
6,1,1,0330,train
6,1,1,0346,train
6,1,1,0347,train
6,1,1,0369,validation
6,1,1,0376,validation
6,1,1,0379,train
6,1,1,0384,train
6,1,1,0399,train
6,1,1,0406,train
6,1,1,0409,train
6,1,1,0412,train
6,1,1,0427,validation
6,1,1,0432,train
6,1,1,0459,train
6,1,1,0468,train
6,1,1,0498,train
6,1,1,0546,train
6,1,2,0003,validation
6,1,2,0008,validation
6,1,2,0009,train
6,1,2,0014,train
6,1,2,0027,validation
6,1,2,0029,train
6,1,2,0038,train
6,1,2,0041,train
6,1,2,0046,train
6,1,2,0053,train
6,1,2,0063,train
6,1,2,0069,train
6,1,2,0100,train
6,1,2,0106,train
6,1,2,0112,train
6,1,2,0116,train
6,1,2,0135,validation
6,1,2,0139,validation
6,1,2,0144,train
6,1,2,0161,train
6,1,2,0170,train
6,1,2,0178,train
6,1,2,0202,train
6,1,2,0212,train
6,1,2,0227,train
6,1,2,0242,train
6,1,2,0246,train
6,1,2,0248,train
6,1,2,0256,train
6,1,2,0262,validation
6,1,2,0273,train
6,1,2,0278,train
6,1,2,0283,validation
6,1,2,0287,train
6,1,2,0296,validation
6,1,2,0304,train
6,1,2,0306,validation
6,1,2,0309,train
6,1,2,0322,train
6,1,2,0330,train
6,1,2,0346,train
6,1,2,0347,train
6,1,2,0369,train
6,1,2,0376,train
6,1,2,0379,validation
6,1,2,0384,train
6,1,2,0399,train
6,1,2,0406,train
6,1,2,0409,train
6,1,2,0412,train
6,1,2,0427,train
6,1,2,0432,train
6,1,2,0459,validation
6,1,2,0468,train
6,1,2,0498,train
6,1,2,0546,validation
6,1,3,0003,train
6,1,3,0008,train
6,1,3,0009,validation
6,1,3,0014,train
6,1,3,0027,train
6,1,3,0029,validation
6,1,3,0038,train
6,1,3,0041,train
6,1,3,0046,train
6,1,3,0053,train
6,1,3,0063,validation
6,1,3,0069,train
6,1,3,0100,train
6,1,3,0106,train
6,1,3,0112,train
6,1,3,0116,train
6,1,3,0135,train
6,1,3,0139,train
6,1,3,0144,train
6,1,3,0161,train
6,1,3,0170,validation
6,1,3,0178,train
6,1,3,0202,train
6,1,3,0212,train
6,1,3,0227,train
6,1,3,0242,train
6,1,3,0246,train
6,1,3,0248,train
6,1,3,0256,validation
6,1,3,0262,train
6,1,3,0273,train
6,1,3,0278,validation
6,1,3,0283,train
6,1,3,0287,train
6,1,3,0296,train
6,1,3,0304,train
6,1,3,0306,train
6,1,3,0309,train
6,1,3,0322,train
6,1,3,0330,validation
6,1,3,0346,train
6,1,3,0347,validation
6,1,3,0369,train
6,1,3,0376,train
6,1,3,0379,train
6,1,3,0384,train
6,1,3,0399,train
6,1,3,0406,train
6,1,3,0409,validation
6,1,3,0412,validation
6,1,3,0427,train
6,1,3,0432,train
6,1,3,0459,train
6,1,3,0468,train
6,1,3,0498,validation
6,1,3,0546,train
6,1,4,0003,train
6,1,4,0008,train
6,1,4,0009,train
6,1,4,0014,train
6,1,4,0027,train
6,1,4,0029,train
6,1,4,0038,train
6,1,4,0041,train
6,1,4,0046,train
6,1,4,0053,train
6,1,4,0063,train
6,1,4,0069,train
6,1,4,0100,train
6,1,4,0106,train
6,1,4,0112,validation
6,1,4,0116,train
6,1,4,0135,train
6,1,4,0139,train
6,1,4,0144,validation
6,1,4,0161,train
6,1,4,0170,train
6,1,4,0178,train
6,1,4,0202,validation
6,1,4,0212,train
6,1,4,0227,validation
6,1,4,0242,validation
6,1,4,0246,validation
6,1,4,0248,train
6,1,4,0256,train
6,1,4,0262,train
6,1,4,0273,validation
6,1,4,0278,train
6,1,4,0283,train
6,1,4,0287,validation
6,1,4,0296,train
6,1,4,0304,validation
6,1,4,0306,train
6,1,4,0309,train
6,1,4,0322,train
6,1,4,0330,train
6,1,4,0346,validation
6,1,4,0347,train
6,1,4,0369,train
6,1,4,0376,train
6,1,4,0379,train
6,1,4,0384,train
6,1,4,0399,train
6,1,4,0406,validation
6,1,4,0409,train
6,1,4,0412,train
6,1,4,0427,train
6,1,4,0432,train
6,1,4,0459,train
6,1,4,0468,train
6,1,4,0498,train
6,1,4,0546,train
6,1,5,0003,train
6,1,5,0008,train
6,1,5,0009,train
6,1,5,0014,train
6,1,5,0027,train
6,1,5,0029,train
6,1,5,0038,train
6,1,5,0041,validation
6,1,5,0046,train
6,1,5,0053,validation
6,1,5,0063,train
6,1,5,0069,train
6,1,5,0100,train
6,1,5,0106,validation
6,1,5,0112,train
6,1,5,0116,train
6,1,5,0135,train
6,1,5,0139,train
6,1,5,0144,train
6,1,5,0161,validation
6,1,5,0170,train
6,1,5,0178,train
6,1,5,0202,train
6,1,5,0212,validation
6,1,5,0227,train
6,1,5,0242,train
6,1,5,0246,train
6,1,5,0248,train
6,1,5,0256,train
6,1,5,0262,train
6,1,5,0273,train
6,1,5,0278,train
6,1,5,0283,train
6,1,5,0287,train
6,1,5,0296,train
6,1,5,0304,train
6,1,5,0306,train
6,1,5,0309,validation
6,1,5,0322,train
6,1,5,0330,train
6,1,5,0346,train
6,1,5,0347,train
6,1,5,0369,train
6,1,5,0376,train
6,1,5,0379,train
6,1,5,0384,validation
6,1,5,0399,validation
6,1,5,0406,train
6,1,5,0409,train
6,1,5,0412,train
6,1,5,0427,train
6,1,5,0432,validation
6,1,5,0459,train
6,1,5,0468,validation
6,1,5,0498,train
6,1,5,0546,train
6,2,1,0003,validation
6,2,1,0008,train
6,2,1,0014,train
6,2,1,0027,train
6,2,1,0033,train
6,2,1,0037,validation
6,2,1,0041,validation
6,2,1,0046,train
6,2,1,0054,train
6,2,1,0063,train
6,2,1,0069,train
6,2,1,0079,train
6,2,1,0089,train
6,2,1,0095,train
6,2,1,0100,train
6,2,1,0112,validation
6,2,1,0116,train
6,2,1,0117,validation
6,2,1,0118,train
6,2,1,0135,train
6,2,1,0139,train
6,2,1,0153,train
6,2,1,0170,train
6,2,1,0202,train
6,2,1,0212,train
6,2,1,0227,validation
6,2,1,0246,train
6,2,1,0248,validation
6,2,1,0256,train
6,2,1,0268,train
6,2,1,0273,validation
6,2,1,0278,train
6,2,1,0281,train
6,2,1,0287,train
6,2,1,0289,validation
6,2,1,0296,train
6,2,1,0304,train
6,2,1,0306,validation
6,2,1,0309,train
6,2,1,0311,validation
6,2,1,0322,train
6,2,1,0323,train
6,2,1,0330,train
6,2,1,0347,train
6,2,1,0369,train
6,2,1,0370,train
6,2,1,0376,train
6,2,1,0379,train
6,2,1,0399,train
6,2,1,0406,train
6,2,1,0409,train
6,2,1,0412,train
6,2,1,0427,train
6,2,1,0459,train
6,2,1,0468,train
6,2,1,0498,validation
6,2,1,0546,train
6,2,2,0003,train
6,2,2,0008,validation
6,2,2,0014,train
6,2,2,0027,validation
6,2,2,0033,validation
6,2,2,0037,train
6,2,2,0041,train
6,2,2,0046,train
6,2,2,0054,train
6,2,2,0063,train
6,2,2,0069,train
6,2,2,0079,train
6,2,2,0089,train
6,2,2,0095,train
6,2,2,0100,train
6,2,2,0112,train
6,2,2,0116,train
6,2,2,0117,train
6,2,2,0118,validation
6,2,2,0135,validation
6,2,2,0139,validation
6,2,2,0153,train
6,2,2,0170,train
6,2,2,0202,validation
6,2,2,0212,train
6,2,2,0227,train
6,2,2,0246,train
6,2,2,0248,train
6,2,2,0256,validation
6,2,2,0268,train
6,2,2,0273,train
6,2,2,0278,train
6,2,2,0281,train
6,2,2,0287,validation
6,2,2,0289,train
6,2,2,0296,train
6,2,2,0304,train
6,2,2,0306,train
6,2,2,0309,train
6,2,2,0311,train
6,2,2,0322,train
6,2,2,0323,train
6,2,2,0330,train
6,2,2,0347,validation
6,2,2,0369,train
6,2,2,0370,train
6,2,2,0376,train
6,2,2,0379,train
6,2,2,0399,train
6,2,2,0406,train
6,2,2,0409,train
6,2,2,0412,train
6,2,2,0427,validation
6,2,2,0459,train
6,2,2,0468,validation
6,2,2,0498,train
6,2,2,0546,train
6,2,3,0003,train
6,2,3,0008,train
6,2,3,0014,train
6,2,3,0027,train
6,2,3,0033,train
6,2,3,0037,train
6,2,3,0041,train
6,2,3,0046,validation
6,2,3,0054,validation
6,2,3,0063,validation
6,2,3,0069,train
6,2,3,0079,train
6,2,3,0089,train
6,2,3,0095,train
6,2,3,0100,validation
6,2,3,0112,train
6,2,3,0116,validation
6,2,3,0117,train
6,2,3,0118,train
6,2,3,0135,train
6,2,3,0139,train
6,2,3,0153,train
6,2,3,0170,train
6,2,3,0202,train
6,2,3,0212,train
6,2,3,0227,train
6,2,3,0246,validation
6,2,3,0248,train
6,2,3,0256,train
6,2,3,0268,validation
6,2,3,0273,train
6,2,3,0278,train
6,2,3,0281,train
6,2,3,0287,train
6,2,3,0289,train
6,2,3,0296,validation
6,2,3,0304,train
6,2,3,0306,train
6,2,3,0309,train
6,2,3,0311,train
6,2,3,0322,train
6,2,3,0323,validation
6,2,3,0330,validation
6,2,3,0347,train
6,2,3,0369,train
6,2,3,0370,train
6,2,3,0376,train
6,2,3,0379,train
6,2,3,0399,train
6,2,3,0406,train
6,2,3,0409,train
6,2,3,0412,train
6,2,3,0427,train
6,2,3,0459,train
6,2,3,0468,train
6,2,3,0498,train
6,2,3,0546,validation
6,2,4,0003,train
6,2,4,0008,train
6,2,4,0014,validation
6,2,4,0027,train
6,2,4,0033,train
6,2,4,0037,train
6,2,4,0041,train
6,2,4,0046,train
6,2,4,0054,train
6,2,4,0063,train
6,2,4,0069,validation
6,2,4,0079,train
6,2,4,0089,train
6,2,4,0095,validation
6,2,4,0100,train
6,2,4,0112,train
6,2,4,0116,train
6,2,4,0117,train
6,2,4,0118,train
6,2,4,0135,train
6,2,4,0139,train
6,2,4,0153,train
6,2,4,0170,train
6,2,4,0202,train
6,2,4,0212,validation
6,2,4,0227,train
6,2,4,0246,train
6,2,4,0248,train
6,2,4,0256,train
6,2,4,0268,train
6,2,4,0273,train
6,2,4,0278,train
6,2,4,0281,validation
6,2,4,0287,train
6,2,4,0289,train
6,2,4,0296,train
6,2,4,0304,train
6,2,4,0306,train
6,2,4,0309,train
6,2,4,0311,train
6,2,4,0322,validation
6,2,4,0323,train
6,2,4,0330,train
6,2,4,0347,train
6,2,4,0369,train
6,2,4,0370,validation
6,2,4,0376,train
6,2,4,0379,validation
6,2,4,0399,train
6,2,4,0406,validation
6,2,4,0409,validation
6,2,4,0412,train
6,2,4,0427,train
6,2,4,0459,validation
6,2,4,0468,train
6,2,4,0498,train
6,2,4,0546,train
6,2,5,0003,train
6,2,5,0008,train
6,2,5,0014,train
6,2,5,0027,train
6,2,5,0033,train
6,2,5,0037,train
6,2,5,0041,train
6,2,5,0046,train
6,2,5,0054,train
6,2,5,0063,train
6,2,5,0069,train
6,2,5,0079,validation
6,2,5,0089,validation
6,2,5,0095,train
6,2,5,0100,train
6,2,5,0112,train
6,2,5,0116,train
6,2,5,0117,train
6,2,5,0118,train
6,2,5,0135,train
6,2,5,0139,train
6,2,5,0153,validation
6,2,5,0170,validation
6,2,5,0202,train
6,2,5,0212,train
6,2,5,0227,train
6,2,5,0246,train
6,2,5,0248,train
6,2,5,0256,train
6,2,5,0268,train
6,2,5,0273,train
6,2,5,0278,validation
6,2,5,0281,train
6,2,5,0287,train
6,2,5,0289,train
6,2,5,0296,train
6,2,5,0304,validation
6,2,5,0306,train
6,2,5,0309,validation
6,2,5,0311,train
6,2,5,0322,train
6,2,5,0323,train
6,2,5,0330,train
6,2,5,0347,train
6,2,5,0369,validation
6,2,5,0370,train
6,2,5,0376,validation
6,2,5,0379,train
6,2,5,0399,validation
6,2,5,0406,train
6,2,5,0409,train
6,2,5,0412,validation
6,2,5,0427,train
6,2,5,0459,train
6,2,5,0468,train
6,2,5,0498,train
6,2,5,0546,train
6,3,1,0003,train
6,3,1,0008,train
6,3,1,0009,validation
6,3,1,0014,train
6,3,1,0027,train
6,3,1,0029,train
6,3,1,0033,train
6,3,1,0037,train
6,3,1,0038,train
6,3,1,0041,train
6,3,1,0046,train
6,3,1,0053,validation
6,3,1,0054,train
6,3,1,0063,train
6,3,1,0069,train
6,3,1,0079,validation
6,3,1,0089,train
6,3,1,0095,validation
6,3,1,0100,validation
6,3,1,0106,train
6,3,1,0112,train
6,3,1,0117,train
6,3,1,0118,train
6,3,1,0135,train
6,3,1,0139,validation
6,3,1,0144,train
6,3,1,0153,validation
6,3,1,0161,train
6,3,1,0170,train
6,3,1,0178,train
6,3,1,0202,train
6,3,1,0212,validation
6,3,1,0227,train
6,3,1,0242,train
6,3,1,0246,validation
6,3,1,0262,train
6,3,1,0268,train
6,3,1,0273,train
6,3,1,0281,train
6,3,1,0283,train
6,3,1,0287,train
6,3,1,0289,train
6,3,1,0296,train
6,3,1,0309,validation
6,3,1,0311,train
6,3,1,0322,train
6,3,1,0323,validation
6,3,1,0346,train
6,3,1,0347,train
6,3,1,0370,train
6,3,1,0376,train
6,3,1,0379,train
6,3,1,0384,train
6,3,1,0406,train
6,3,1,0409,train
6,3,1,0432,validation
6,3,1,0459,train
6,3,2,0003,train
6,3,2,0008,validation
6,3,2,0009,train
6,3,2,0014,train
6,3,2,0027,validation
6,3,2,0029,validation
6,3,2,0033,validation
6,3,2,0037,train
6,3,2,0038,train
6,3,2,0041,validation
6,3,2,0046,train
6,3,2,0053,train
6,3,2,0054,train
6,3,2,0063,train
6,3,2,0069,train
6,3,2,0079,train
6,3,2,0089,train
6,3,2,0095,train
6,3,2,0100,train
6,3,2,0106,validation
6,3,2,0112,train
6,3,2,0117,train
6,3,2,0118,train
6,3,2,0135,train
6,3,2,0139,train
6,3,2,0144,train
6,3,2,0153,train
6,3,2,0161,train
6,3,2,0170,train
6,3,2,0178,train
6,3,2,0202,validation
6,3,2,0212,train
6,3,2,0227,validation
6,3,2,0242,train
6,3,2,0246,train
6,3,2,0262,train
6,3,2,0268,train
6,3,2,0273,train
6,3,2,0281,train
6,3,2,0283,train
6,3,2,0287,train
6,3,2,0289,train
6,3,2,0296,train
6,3,2,0309,train
6,3,2,0311,validation
6,3,2,0322,train
6,3,2,0323,train
6,3,2,0346,train
6,3,2,0347,train
6,3,2,0370,validation
6,3,2,0376,validation
6,3,2,0379,train
6,3,2,0384,train
6,3,2,0406,train
6,3,2,0409,train
6,3,2,0432,train
6,3,2,0459,validation
6,3,3,0003,train
6,3,3,0008,train
6,3,3,0009,train
6,3,3,0014,validation
6,3,3,0027,train
6,3,3,0029,train
6,3,3,0033,train
6,3,3,0037,validation
6,3,3,0038,train
6,3,3,0041,train
6,3,3,0046,validation
6,3,3,0053,train
6,3,3,0054,validation
6,3,3,0063,train
6,3,3,0069,train
6,3,3,0079,train
6,3,3,0089,validation
6,3,3,0095,train
6,3,3,0100,train
6,3,3,0106,train
6,3,3,0112,train
6,3,3,0117,train
6,3,3,0118,validation
6,3,3,0135,train
6,3,3,0139,train
6,3,3,0144,train
6,3,3,0153,train
6,3,3,0161,train
6,3,3,0170,train
6,3,3,0178,train
6,3,3,0202,train
6,3,3,0212,train
6,3,3,0227,train
6,3,3,0242,train
6,3,3,0246,train
6,3,3,0262,validation
6,3,3,0268,validation
6,3,3,0273,train
6,3,3,0281,train
6,3,3,0283,train
6,3,3,0287,validation
6,3,3,0289,train
6,3,3,0296,train
6,3,3,0309,train
6,3,3,0311,train
6,3,3,0322,train
6,3,3,0323,train
6,3,3,0346,train
6,3,3,0347,validation
6,3,3,0370,train
6,3,3,0376,train
6,3,3,0379,train
6,3,3,0384,train
6,3,3,0406,train
6,3,3,0409,validation
6,3,3,0432,train
6,3,3,0459,train
6,3,4,0003,train
6,3,4,0008,train
6,3,4,0009,train
6,3,4,0014,train
6,3,4,0027,train
6,3,4,0029,train
6,3,4,0033,train
6,3,4,0037,train
6,3,4,0038,validation
6,3,4,0041,train
6,3,4,0046,train
6,3,4,0053,train
6,3,4,0054,train
6,3,4,0063,train
6,3,4,0069,train
6,3,4,0079,train
6,3,4,0089,train
6,3,4,0095,train
6,3,4,0100,train
6,3,4,0106,train
6,3,4,0112,train
6,3,4,0117,train
6,3,4,0118,train
6,3,4,0135,validation
6,3,4,0139,train
6,3,4,0144,validation
6,3,4,0153,train
6,3,4,0161,train
6,3,4,0170,validation
6,3,4,0178,validation
6,3,4,0202,train
6,3,4,0212,train
6,3,4,0227,train
6,3,4,0242,validation
6,3,4,0246,train
6,3,4,0262,train
6,3,4,0268,train
6,3,4,0273,validation
6,3,4,0281,train
6,3,4,0283,validation
6,3,4,0287,train
6,3,4,0289,train
6,3,4,0296,train
6,3,4,0309,train
6,3,4,0311,train
6,3,4,0322,validation
6,3,4,0323,train
6,3,4,0346,validation
6,3,4,0347,train
6,3,4,0370,train
6,3,4,0376,train
6,3,4,0379,validation
6,3,4,0384,train
6,3,4,0406,train
6,3,4,0409,train
6,3,4,0432,train
6,3,4,0459,train
6,3,5,0003,validation
6,3,5,0008,train
6,3,5,0009,train
6,3,5,0014,train
6,3,5,0027,train
6,3,5,0029,train
6,3,5,0033,train
6,3,5,0037,train
6,3,5,0038,train
6,3,5,0041,train
6,3,5,0046,train
6,3,5,0053,train
6,3,5,0054,train
6,3,5,0063,validation
6,3,5,0069,validation
6,3,5,0079,train
6,3,5,0089,train
6,3,5,0095,train
6,3,5,0100,train
6,3,5,0106,train
6,3,5,0112,validation
6,3,5,0117,validation
6,3,5,0118,train
6,3,5,0135,train
6,3,5,0139,train
6,3,5,0144,train
6,3,5,0153,train
6,3,5,0161,validation
6,3,5,0170,train
6,3,5,0178,train
6,3,5,0202,train
6,3,5,0212,train
6,3,5,0227,train
6,3,5,0242,train
6,3,5,0246,train
6,3,5,0262,train
6,3,5,0268,train
6,3,5,0273,train
6,3,5,0281,validation
6,3,5,0283,train
6,3,5,0287,train
6,3,5,0289,validation
6,3,5,0296,validation
6,3,5,0309,train
6,3,5,0311,train
6,3,5,0322,train
6,3,5,0323,train
6,3,5,0346,train
6,3,5,0347,train
6,3,5,0370,train
6,3,5,0376,train
6,3,5,0379,train
6,3,5,0384,validation
6,3,5,0406,validation
6,3,5,0409,train
6,3,5,0432,train
6,3,5,0459,train
6,4,1,0003,validation
6,4,1,0009,validation
6,4,1,0029,validation
6,4,1,0033,train
6,4,1,0037,train
6,4,1,0038,validation
6,4,1,0041,validation
6,4,1,0046,train
6,4,1,0053,train
6,4,1,0054,validation
6,4,1,0063,train
6,4,1,0069,train
6,4,1,0079,train
6,4,1,0089,train
6,4,1,0095,train
6,4,1,0100,train
6,4,1,0106,train
6,4,1,0116,validation
6,4,1,0117,train
6,4,1,0118,train
6,4,1,0135,train
6,4,1,0139,train
6,4,1,0144,train
6,4,1,0153,train
6,4,1,0161,train
6,4,1,0178,train
6,4,1,0202,train
6,4,1,0212,train
6,4,1,0227,train
6,4,1,0242,train
6,4,1,0248,validation
6,4,1,0256,train
6,4,1,0262,train
6,4,1,0268,train
6,4,1,0278,train
6,4,1,0281,train
6,4,1,0283,train
6,4,1,0289,validation
6,4,1,0304,train
6,4,1,0306,train
6,4,1,0309,train
6,4,1,0311,train
6,4,1,0323,validation
6,4,1,0330,train
6,4,1,0346,train
6,4,1,0347,train
6,4,1,0369,train
6,4,1,0370,train
6,4,1,0384,train
6,4,1,0399,train
6,4,1,0412,train
6,4,1,0427,train
6,4,1,0432,train
6,4,1,0459,validation
6,4,1,0468,validation
6,4,1,0498,train
6,4,1,0546,train
6,4,2,0003,train
6,4,2,0009,train
6,4,2,0029,train
6,4,2,0033,train
6,4,2,0037,train
6,4,2,0038,train
6,4,2,0041,train
6,4,2,0046,train
6,4,2,0053,train
6,4,2,0054,train
6,4,2,0063,train
6,4,2,0069,validation
6,4,2,0079,validation
6,4,2,0089,train
6,4,2,0095,train
6,4,2,0100,train
6,4,2,0106,train
6,4,2,0116,train
6,4,2,0117,train
6,4,2,0118,train
6,4,2,0135,train
6,4,2,0139,train
6,4,2,0144,train
6,4,2,0153,validation
6,4,2,0161,train
6,4,2,0178,train
6,4,2,0202,validation
6,4,2,0212,validation
6,4,2,0227,train
6,4,2,0242,validation
6,4,2,0248,train
6,4,2,0256,validation
6,4,2,0262,train
6,4,2,0268,validation
6,4,2,0278,train
6,4,2,0281,validation
6,4,2,0283,train
6,4,2,0289,train
6,4,2,0304,train
6,4,2,0306,validation
6,4,2,0309,train
6,4,2,0311,train
6,4,2,0323,train
6,4,2,0330,train
6,4,2,0346,train
6,4,2,0347,train
6,4,2,0369,train
6,4,2,0370,train
6,4,2,0384,train
6,4,2,0399,validation
6,4,2,0412,train
6,4,2,0427,train
6,4,2,0432,train
6,4,2,0459,train
6,4,2,0468,train
6,4,2,0498,train
6,4,2,0546,validation
6,4,3,0003,train
6,4,3,0009,train
6,4,3,0029,train
6,4,3,0033,train
6,4,3,0037,train
6,4,3,0038,train
6,4,3,0041,train
6,4,3,0046,train
6,4,3,0053,train
6,4,3,0054,train
6,4,3,0063,train
6,4,3,0069,train
6,4,3,0079,train
6,4,3,0089,train
6,4,3,0095,train
6,4,3,0100,train
6,4,3,0106,train
6,4,3,0116,train
6,4,3,0117,validation
6,4,3,0118,train
6,4,3,0135,train
6,4,3,0139,train
6,4,3,0144,validation
6,4,3,0153,train
6,4,3,0161,train
6,4,3,0178,validation
6,4,3,0202,train
6,4,3,0212,train
6,4,3,0227,validation
6,4,3,0242,train
6,4,3,0248,train
6,4,3,0256,train
6,4,3,0262,train
6,4,3,0268,train
6,4,3,0278,validation
6,4,3,0281,train
6,4,3,0283,validation
6,4,3,0289,train
6,4,3,0304,train
6,4,3,0306,train
6,4,3,0309,validation
6,4,3,0311,train
6,4,3,0323,train
6,4,3,0330,validation
6,4,3,0346,train
6,4,3,0347,train
6,4,3,0369,validation
6,4,3,0370,validation
6,4,3,0384,train
6,4,3,0399,train
6,4,3,0412,train
6,4,3,0427,train
6,4,3,0432,validation
6,4,3,0459,train
6,4,3,0468,train
6,4,3,0498,train
6,4,3,0546,train
6,4,4,0003,train
6,4,4,0009,train
6,4,4,0029,train
6,4,4,0033,validation
6,4,4,0037,validation
6,4,4,0038,train
6,4,4,0041,train
6,4,4,0046,validation
6,4,4,0053,validation
6,4,4,0054,train
6,4,4,0063,train
6,4,4,0069,train
6,4,4,0079,train
6,4,4,0089,train
6,4,4,0095,validation
6,4,4,0100,train
6,4,4,0106,train
6,4,4,0116,train
6,4,4,0117,train
6,4,4,0118,train
6,4,4,0135,train
6,4,4,0139,train
6,4,4,0144,train
6,4,4,0153,train
6,4,4,0161,train
6,4,4,0178,train
6,4,4,0202,train
6,4,4,0212,train
6,4,4,0227,train
6,4,4,0242,train
6,4,4,0248,train
6,4,4,0256,train
6,4,4,0262,validation
6,4,4,0268,train
6,4,4,0278,train
6,4,4,0281,train
6,4,4,0283,train
6,4,4,0289,train
6,4,4,0304,validation
6,4,4,0306,train
6,4,4,0309,train
6,4,4,0311,train
6,4,4,0323,train
6,4,4,0330,train
6,4,4,0346,validation
6,4,4,0347,validation
6,4,4,0369,train
6,4,4,0370,train
6,4,4,0384,validation
6,4,4,0399,train
6,4,4,0412,train
6,4,4,0427,validation
6,4,4,0432,train
6,4,4,0459,train
6,4,4,0468,train
6,4,4,0498,train
6,4,4,0546,train
6,4,5,0003,train
6,4,5,0009,train
6,4,5,0029,train
6,4,5,0033,train
6,4,5,0037,train
6,4,5,0038,train
6,4,5,0041,train
6,4,5,0046,train
6,4,5,0053,train
6,4,5,0054,train
6,4,5,0063,validation
6,4,5,0069,train
6,4,5,0079,train
6,4,5,0089,validation
6,4,5,0095,train
6,4,5,0100,validation
6,4,5,0106,validation
6,4,5,0116,train
6,4,5,0117,train
6,4,5,0118,validation
6,4,5,0135,validation
6,4,5,0139,validation
6,4,5,0144,train
6,4,5,0153,train
6,4,5,0161,validation
6,4,5,0178,train
6,4,5,0202,train
6,4,5,0212,train
6,4,5,0227,train
6,4,5,0242,train
6,4,5,0248,train
6,4,5,0256,train
6,4,5,0262,train
6,4,5,0268,train
6,4,5,0278,train
6,4,5,0281,train
6,4,5,0283,train
6,4,5,0289,train
6,4,5,0304,train
6,4,5,0306,train
6,4,5,0309,train
6,4,5,0311,validation
6,4,5,0323,train
6,4,5,0330,train
6,4,5,0346,train
6,4,5,0347,train
6,4,5,0369,train
6,4,5,0370,train
6,4,5,0384,train
6,4,5,0399,train
6,4,5,0412,validation
6,4,5,0427,train
6,4,5,0432,train
6,4,5,0459,train
6,4,5,0468,train
6,4,5,0498,validation
6,4,5,0546,train
6,5,1,0008,validation
6,5,1,0009,train
6,5,1,0014,train
6,5,1,0027,train
6,5,1,0029,train
6,5,1,0033,train
6,5,1,0037,train
6,5,1,0038,train
6,5,1,0053,train
6,5,1,0054,train
6,5,1,0079,train
6,5,1,0089,train
6,5,1,0095,train
6,5,1,0106,train
6,5,1,0112,train
6,5,1,0116,train
6,5,1,0117,train
6,5,1,0118,validation
6,5,1,0144,train
6,5,1,0153,train
6,5,1,0161,train
6,5,1,0170,train
6,5,1,0178,train
6,5,1,0242,train
6,5,1,0246,validation
6,5,1,0248,validation
6,5,1,0256,train
6,5,1,0262,train
6,5,1,0268,train
6,5,1,0273,train
6,5,1,0278,train
6,5,1,0281,train
6,5,1,0283,validation
6,5,1,0287,train
6,5,1,0289,validation
6,5,1,0296,train
6,5,1,0304,validation
6,5,1,0306,validation
6,5,1,0311,train
6,5,1,0322,train
6,5,1,0323,train
6,5,1,0330,train
6,5,1,0346,train
6,5,1,0369,train
6,5,1,0370,train
6,5,1,0376,validation
6,5,1,0379,train
6,5,1,0384,train
6,5,1,0399,train
6,5,1,0406,train
6,5,1,0409,train
6,5,1,0412,train
6,5,1,0427,validation
6,5,1,0432,validation
6,5,1,0468,validation
6,5,1,0498,train
6,5,1,0546,train
6,5,2,0008,train
6,5,2,0009,train
6,5,2,0014,validation
6,5,2,0027,validation
6,5,2,0029,train
6,5,2,0033,validation
6,5,2,0037,validation
6,5,2,0038,train
6,5,2,0053,validation
6,5,2,0054,train
6,5,2,0079,train
6,5,2,0089,train
6,5,2,0095,train
6,5,2,0106,train
6,5,2,0112,validation
6,5,2,0116,train
6,5,2,0117,validation
6,5,2,0118,train
6,5,2,0144,train
6,5,2,0153,validation
6,5,2,0161,train
6,5,2,0170,train
6,5,2,0178,train
6,5,2,0242,validation
6,5,2,0246,train
6,5,2,0248,train
6,5,2,0256,validation
6,5,2,0262,train
6,5,2,0268,train
6,5,2,0273,train
6,5,2,0278,validation
6,5,2,0281,train
6,5,2,0283,train
6,5,2,0287,train
6,5,2,0289,train
6,5,2,0296,train
6,5,2,0304,train
6,5,2,0306,train
6,5,2,0311,train
6,5,2,0322,validation
6,5,2,0323,train
6,5,2,0330,train
6,5,2,0346,train
6,5,2,0369,train
6,5,2,0370,train
6,5,2,0376,train
6,5,2,0379,train
6,5,2,0384,train
6,5,2,0399,train
6,5,2,0406,train
6,5,2,0409,train
6,5,2,0412,train
6,5,2,0427,train
6,5,2,0432,train
6,5,2,0468,train
6,5,2,0498,train
6,5,2,0546,train
6,5,3,0008,train
6,5,3,0009,validation
6,5,3,0014,train
6,5,3,0027,train
6,5,3,0029,validation
6,5,3,0033,train
6,5,3,0037,train
6,5,3,0038,train
6,5,3,0053,train
6,5,3,0054,train
6,5,3,0079,train
6,5,3,0089,validation
6,5,3,0095,train
6,5,3,0106,validation
6,5,3,0112,train
6,5,3,0116,train
6,5,3,0117,train
6,5,3,0118,train
6,5,3,0144,train
6,5,3,0153,train
6,5,3,0161,train
6,5,3,0170,train
6,5,3,0178,validation
6,5,3,0242,train
6,5,3,0246,train
6,5,3,0248,train
6,5,3,0256,train
6,5,3,0262,validation
6,5,3,0268,train
6,5,3,0273,train
6,5,3,0278,train
6,5,3,0281,train
6,5,3,0283,train
6,5,3,0287,train
6,5,3,0289,train
6,5,3,0296,train
6,5,3,0304,train
6,5,3,0306,train
6,5,3,0311,train
6,5,3,0322,train
6,5,3,0323,train
6,5,3,0330,train
6,5,3,0346,validation
6,5,3,0369,train
6,5,3,0370,train
6,5,3,0376,train
6,5,3,0379,train
6,5,3,0384,validation
6,5,3,0399,train
6,5,3,0406,validation
6,5,3,0409,validation
6,5,3,0412,validation
6,5,3,0427,train
6,5,3,0432,train
6,5,3,0468,train
6,5,3,0498,train
6,5,3,0546,train
6,5,4,0008,train
6,5,4,0009,train
6,5,4,0014,train
6,5,4,0027,train
6,5,4,0029,train
6,5,4,0033,train
6,5,4,0037,train
6,5,4,0038,train
6,5,4,0053,train
6,5,4,0054,validation
6,5,4,0079,validation
6,5,4,0089,train
6,5,4,0095,validation
6,5,4,0106,train
6,5,4,0112,train
6,5,4,0116,validation
6,5,4,0117,train
6,5,4,0118,train
6,5,4,0144,validation
6,5,4,0153,train
6,5,4,0161,train
6,5,4,0170,validation
6,5,4,0178,train
6,5,4,0242,train
6,5,4,0246,train
6,5,4,0248,train
6,5,4,0256,train
6,5,4,0262,train
6,5,4,0268,validation
6,5,4,0273,validation
6,5,4,0278,train
6,5,4,0281,validation
6,5,4,0283,train
6,5,4,0287,train
6,5,4,0289,train
6,5,4,0296,train
6,5,4,0304,train
6,5,4,0306,train
6,5,4,0311,train
6,5,4,0322,train
6,5,4,0323,train
6,5,4,0330,train
6,5,4,0346,train
6,5,4,0369,validation
6,5,4,0370,train
6,5,4,0376,train
6,5,4,0379,train
6,5,4,0384,train
6,5,4,0399,train
6,5,4,0406,train
6,5,4,0409,train
6,5,4,0412,train
6,5,4,0427,train
6,5,4,0432,train
6,5,4,0468,train
6,5,4,0498,validation
6,5,4,0546,train
6,5,5,0008,train
6,5,5,0009,train
6,5,5,0014,train
6,5,5,0027,train
6,5,5,0029,train
6,5,5,0033,train
6,5,5,0037,train
6,5,5,0038,validation
6,5,5,0053,train
6,5,5,0054,train
6,5,5,0079,train
6,5,5,0089,train
6,5,5,0095,train
6,5,5,0106,train
6,5,5,0112,train
6,5,5,0116,train
6,5,5,0117,train
6,5,5,0118,train
6,5,5,0144,train
6,5,5,0153,train
6,5,5,0161,validation
6,5,5,0170,train
6,5,5,0178,train
6,5,5,0242,train
6,5,5,0246,train
6,5,5,0248,train
6,5,5,0256,train
6,5,5,0262,train
6,5,5,0268,train
6,5,5,0273,train
6,5,5,0278,train
6,5,5,0281,train
6,5,5,0283,train
6,5,5,0287,validation
6,5,5,0289,train
6,5,5,0296,validation
6,5,5,0304,train
6,5,5,0306,train
6,5,5,0311,validation
6,5,5,0322,train
6,5,5,0323,validation
6,5,5,0330,validation
6,5,5,0346,train
6,5,5,0369,train
6,5,5,0370,validation
6,5,5,0376,train
6,5,5,0379,validation
6,5,5,0384,train
6,5,5,0399,validation
6,5,5,0406,train
6,5,5,0409,train
6,5,5,0412,train
6,5,5,0427,train
6,5,5,0432,train
6,5,5,0468,train
6,5,5,0498,train
6,5,5,0546,validation
7,1,1,0003,train
7,1,1,0008,train
7,1,1,0009,train
7,1,1,0014,train
7,1,1,0027,train
7,1,1,0029,train
7,1,1,0033,train
7,1,1,0037,validation
7,1,1,0038,train
7,1,1,0041,train
7,1,1,0069,train
7,1,1,0079,train
7,1,1,0095,train
7,1,1,0112,train
7,1,1,0116,train
7,1,1,0117,train
7,1,1,0135,train
7,1,1,0139,train
7,1,1,0144,train
7,1,1,0153,train
7,1,1,0161,train
7,1,1,0170,validation
7,1,1,0178,train
7,1,1,0202,train
7,1,1,0227,validation
7,1,1,0242,train
7,1,1,0246,train
7,1,1,0248,train
7,1,1,0256,validation
7,1,1,0262,validation
7,1,1,0273,train
7,1,1,0283,train
7,1,1,0287,train
7,1,1,0289,validation
7,1,1,0296,train
7,1,1,0304,train
7,1,1,0306,train
7,1,1,0309,train
7,1,1,0311,validation
7,1,1,0322,validation
7,1,1,0323,train
7,1,1,0346,validation
7,1,1,0347,validation
7,1,1,0369,validation
7,1,1,0370,train
7,1,1,0376,train
7,1,1,0379,train
7,1,1,0384,train
7,1,1,0399,validation
7,1,1,0406,train
7,1,1,0409,train
7,1,1,0412,train
7,1,1,0427,train
7,1,1,0432,train
7,1,1,0468,train
7,1,1,0546,train
7,1,2,0003,train
7,1,2,0008,train
7,1,2,0009,validation
7,1,2,0014,validation
7,1,2,0027,validation
7,1,2,0029,validation
7,1,2,0033,train
7,1,2,0037,train
7,1,2,0038,validation
7,1,2,0041,validation
7,1,2,0069,train
7,1,2,0079,train
7,1,2,0095,train
7,1,2,0112,train
7,1,2,0116,train
7,1,2,0117,train
7,1,2,0135,train
7,1,2,0139,validation
7,1,2,0144,validation
7,1,2,0153,train
7,1,2,0161,train
7,1,2,0170,train
7,1,2,0178,train
7,1,2,0202,train
7,1,2,0227,train
7,1,2,0242,train
7,1,2,0246,train
7,1,2,0248,train
7,1,2,0256,train
7,1,2,0262,train
7,1,2,0273,train
7,1,2,0283,validation
7,1,2,0287,train
7,1,2,0289,train
7,1,2,0296,train
7,1,2,0304,validation
7,1,2,0306,validation
7,1,2,0309,validation
7,1,2,0311,train
7,1,2,0322,train
7,1,2,0323,train
7,1,2,0346,train
7,1,2,0347,train
7,1,2,0369,train
7,1,2,0370,train
7,1,2,0376,train
7,1,2,0379,train
7,1,2,0384,train
7,1,2,0399,train
7,1,2,0406,train
7,1,2,0409,train
7,1,2,0412,train
7,1,2,0427,train
7,1,2,0432,train
7,1,2,0468,train
7,1,2,0546,train
7,1,3,0003,train
7,1,3,0008,train
7,1,3,0009,train
7,1,3,0014,train
7,1,3,0027,train
7,1,3,0029,train
7,1,3,0033,validation
7,1,3,0037,train
7,1,3,0038,train
7,1,3,0041,train
7,1,3,0069,train
7,1,3,0079,validation
7,1,3,0095,train
7,1,3,0112,train
7,1,3,0116,train
7,1,3,0117,validation
7,1,3,0135,train
7,1,3,0139,train
7,1,3,0144,train
7,1,3,0153,validation
7,1,3,0161,train
7,1,3,0170,train
7,1,3,0178,train
7,1,3,0202,validation
7,1,3,0227,train
7,1,3,0242,train
7,1,3,0246,validation
7,1,3,0248,validation
7,1,3,0256,train
7,1,3,0262,train
7,1,3,0273,train
7,1,3,0283,train
7,1,3,0287,validation
7,1,3,0289,train
7,1,3,0296,validation
7,1,3,0304,train
7,1,3,0306,train
7,1,3,0309,train
7,1,3,0311,train
7,1,3,0322,train
7,1,3,0323,train
7,1,3,0346,train
7,1,3,0347,train
7,1,3,0369,train
7,1,3,0370,validation
7,1,3,0376,train
7,1,3,0379,train
7,1,3,0384,train
7,1,3,0399,train
7,1,3,0406,train
7,1,3,0409,train
7,1,3,0412,train
7,1,3,0427,train
7,1,3,0432,train
7,1,3,0468,train
7,1,3,0546,validation
7,1,4,0003,train
7,1,4,0008,validation
7,1,4,0009,train
7,1,4,0014,train
7,1,4,0027,train
7,1,4,0029,train
7,1,4,0033,train
7,1,4,0037,train
7,1,4,0038,train
7,1,4,0041,train
7,1,4,0069,train
7,1,4,0079,train
7,1,4,0095,validation
7,1,4,0112,validation
7,1,4,0116,train
7,1,4,0117,train
7,1,4,0135,validation
7,1,4,0139,train
7,1,4,0144,train
7,1,4,0153,train
7,1,4,0161,train
7,1,4,0170,train
7,1,4,0178,validation
7,1,4,0202,train
7,1,4,0227,train
7,1,4,0242,validation
7,1,4,0246,train
7,1,4,0248,train
7,1,4,0256,train
7,1,4,0262,train
7,1,4,0273,train
7,1,4,0283,train
7,1,4,0287,train
7,1,4,0289,train
7,1,4,0296,train
7,1,4,0304,train
7,1,4,0306,train
7,1,4,0309,train
7,1,4,0311,train
7,1,4,0322,train
7,1,4,0323,train
7,1,4,0346,train
7,1,4,0347,train
7,1,4,0369,train
7,1,4,0370,train
7,1,4,0376,train
7,1,4,0379,train
7,1,4,0384,validation
7,1,4,0399,train
7,1,4,0406,train
7,1,4,0409,train
7,1,4,0412,validation
7,1,4,0427,validation
7,1,4,0432,validation
7,1,4,0468,validation
7,1,4,0546,train
7,1,5,0003,validation
7,1,5,0008,train
7,1,5,0009,train
7,1,5,0014,train
7,1,5,0027,train
7,1,5,0029,train
7,1,5,0033,train
7,1,5,0037,train
7,1,5,0038,train
7,1,5,0041,train
7,1,5,0069,validation
7,1,5,0079,train
7,1,5,0095,train
7,1,5,0112,train
7,1,5,0116,validation
7,1,5,0117,train
7,1,5,0135,train
7,1,5,0139,train
7,1,5,0144,train
7,1,5,0153,train
7,1,5,0161,validation
7,1,5,0170,train
7,1,5,0178,train
7,1,5,0202,train
7,1,5,0227,train
7,1,5,0242,train
7,1,5,0246,train
7,1,5,0248,train
7,1,5,0256,train
7,1,5,0262,train
7,1,5,0273,validation
7,1,5,0283,train
7,1,5,0287,train
7,1,5,0289,train
7,1,5,0296,train
7,1,5,0304,train
7,1,5,0306,train
7,1,5,0309,train
7,1,5,0311,train
7,1,5,0322,train
7,1,5,0323,validation
7,1,5,0346,train
7,1,5,0347,train
7,1,5,0369,train
7,1,5,0370,train
7,1,5,0376,validation
7,1,5,0379,validation
7,1,5,0384,train
7,1,5,0399,train
7,1,5,0406,validation
7,1,5,0409,validation
7,1,5,0412,train
7,1,5,0427,train
7,1,5,0432,train
7,1,5,0468,train
7,1,5,0546,train
7,2,1,0003,train
7,2,1,0008,train
7,2,1,0009,train
7,2,1,0014,validation
7,2,1,0027,train
7,2,1,0029,validation
7,2,1,0038,train
7,2,1,0041,validation
7,2,1,0046,validation
7,2,1,0053,train
7,2,1,0054,train
7,2,1,0063,train
7,2,1,0079,validation
7,2,1,0089,train
7,2,1,0095,train
7,2,1,0100,train
7,2,1,0106,train
7,2,1,0112,validation
7,2,1,0116,train
7,2,1,0117,train
7,2,1,0118,train
7,2,1,0139,train
7,2,1,0144,train
7,2,1,0178,train
7,2,1,0202,train
7,2,1,0212,train
7,2,1,0227,train
7,2,1,0242,train
7,2,1,0248,train
7,2,1,0256,train
7,2,1,0262,train
7,2,1,0268,train
7,2,1,0273,validation
7,2,1,0278,train
7,2,1,0281,train
7,2,1,0283,train
7,2,1,0289,validation
7,2,1,0296,validation
7,2,1,0304,train
7,2,1,0306,train
7,2,1,0311,train
7,2,1,0322,train
7,2,1,0323,validation
7,2,1,0330,validation
7,2,1,0346,train
7,2,1,0347,train
7,2,1,0369,train
7,2,1,0379,train
7,2,1,0384,train
7,2,1,0399,train
7,2,1,0406,validation
7,2,1,0412,train
7,2,1,0427,train
7,2,1,0459,train
7,2,1,0468,train
7,2,1,0498,train
7,2,1,0546,train
7,2,2,0003,train
7,2,2,0008,train
7,2,2,0009,validation
7,2,2,0014,train
7,2,2,0027,train
7,2,2,0029,train
7,2,2,0038,train
7,2,2,0041,train
7,2,2,0046,train
7,2,2,0053,train
7,2,2,0054,train
7,2,2,0063,train
7,2,2,0079,train
7,2,2,0089,train
7,2,2,0095,validation
7,2,2,0100,train
7,2,2,0106,validation
7,2,2,0112,train
7,2,2,0116,validation
7,2,2,0117,train
7,2,2,0118,train
7,2,2,0139,train
7,2,2,0144,train
7,2,2,0178,train
7,2,2,0202,validation
7,2,2,0212,train
7,2,2,0227,train
7,2,2,0242,validation
7,2,2,0248,train
7,2,2,0256,train
7,2,2,0262,train
7,2,2,0268,train
7,2,2,0273,train
7,2,2,0278,train
7,2,2,0281,validation
7,2,2,0283,train
7,2,2,0289,train
7,2,2,0296,train
7,2,2,0304,validation
7,2,2,0306,train
7,2,2,0311,train
7,2,2,0322,train
7,2,2,0323,train
7,2,2,0330,train
7,2,2,0346,train
7,2,2,0347,train
7,2,2,0369,train
7,2,2,0379,validation
7,2,2,0384,validation
7,2,2,0399,train
7,2,2,0406,train
7,2,2,0412,train
7,2,2,0427,train
7,2,2,0459,validation
7,2,2,0468,validation
7,2,2,0498,train
7,2,2,0546,train
7,2,3,0003,validation
7,2,3,0008,train
7,2,3,0009,train
7,2,3,0014,train
7,2,3,0027,train
7,2,3,0029,train
7,2,3,0038,train
7,2,3,0041,train
7,2,3,0046,train
7,2,3,0053,validation
7,2,3,0054,train
7,2,3,0063,validation
7,2,3,0079,train
7,2,3,0089,validation
7,2,3,0095,train
7,2,3,0100,train
7,2,3,0106,train
7,2,3,0112,train
7,2,3,0116,train
7,2,3,0117,train
7,2,3,0118,train
7,2,3,0139,validation
7,2,3,0144,validation
7,2,3,0178,train
7,2,3,0202,train
7,2,3,0212,train
7,2,3,0227,train
7,2,3,0242,train
7,2,3,0248,train
7,2,3,0256,train
7,2,3,0262,train
7,2,3,0268,train
7,2,3,0273,train
7,2,3,0278,train
7,2,3,0281,train
7,2,3,0283,validation
7,2,3,0289,train
7,2,3,0296,train
7,2,3,0304,train
7,2,3,0306,validation
7,2,3,0311,train
7,2,3,0322,train
7,2,3,0323,train
7,2,3,0330,train
7,2,3,0346,train
7,2,3,0347,validation
7,2,3,0369,train
7,2,3,0379,train
7,2,3,0384,train
7,2,3,0399,train
7,2,3,0406,train
7,2,3,0412,train
7,2,3,0427,validation
7,2,3,0459,train
7,2,3,0468,train
7,2,3,0498,validation
7,2,3,0546,train
7,2,4,0003,train
7,2,4,0008,validation
7,2,4,0009,train
7,2,4,0014,train
7,2,4,0027,train
7,2,4,0029,train
7,2,4,0038,validation
7,2,4,0041,train
7,2,4,0046,train
7,2,4,0053,train
7,2,4,0054,train
7,2,4,0063,train
7,2,4,0079,train
7,2,4,0089,train
7,2,4,0095,train
7,2,4,0100,validation
7,2,4,0106,train
7,2,4,0112,train
7,2,4,0116,train
7,2,4,0117,train
7,2,4,0118,train
7,2,4,0139,train
7,2,4,0144,train
7,2,4,0178,validation
7,2,4,0202,train
7,2,4,0212,train
7,2,4,0227,validation
7,2,4,0242,train
7,2,4,0248,validation
7,2,4,0256,train
7,2,4,0262,train
7,2,4,0268,validation
7,2,4,0273,train
7,2,4,0278,validation
7,2,4,0281,train
7,2,4,0283,train
7,2,4,0289,train
7,2,4,0296,train
7,2,4,0304,train
7,2,4,0306,train
7,2,4,0311,validation
7,2,4,0322,train
7,2,4,0323,train
7,2,4,0330,train
7,2,4,0346,validation
7,2,4,0347,train
7,2,4,0369,train
7,2,4,0379,train
7,2,4,0384,train
7,2,4,0399,train
7,2,4,0406,train
7,2,4,0412,validation
7,2,4,0427,train
7,2,4,0459,train
7,2,4,0468,train
7,2,4,0498,train
7,2,4,0546,train
7,2,5,0003,train
7,2,5,0008,train
7,2,5,0009,train
7,2,5,0014,train
7,2,5,0027,validation
7,2,5,0029,train
7,2,5,0038,train
7,2,5,0041,train
7,2,5,0046,train
7,2,5,0053,train
7,2,5,0054,validation
7,2,5,0063,train
7,2,5,0079,train
7,2,5,0089,train
7,2,5,0095,train
7,2,5,0100,train
7,2,5,0106,train
7,2,5,0112,train
7,2,5,0116,train
7,2,5,0117,validation
7,2,5,0118,validation
7,2,5,0139,train
7,2,5,0144,train
7,2,5,0178,train
7,2,5,0202,train
7,2,5,0212,validation
7,2,5,0227,train
7,2,5,0242,train
7,2,5,0248,train
7,2,5,0256,validation
7,2,5,0262,validation
7,2,5,0268,train
7,2,5,0273,train
7,2,5,0278,train
7,2,5,0281,train
7,2,5,0283,train
7,2,5,0289,train
7,2,5,0296,train
7,2,5,0304,train
7,2,5,0306,train
7,2,5,0311,train
7,2,5,0322,validation
7,2,5,0323,train
7,2,5,0330,train
7,2,5,0346,train
7,2,5,0347,train
7,2,5,0369,validation
7,2,5,0379,train
7,2,5,0384,train
7,2,5,0399,validation
7,2,5,0406,train
7,2,5,0412,train
7,2,5,0427,train
7,2,5,0459,train
7,2,5,0468,train
7,2,5,0498,train
7,2,5,0546,validation
7,3,1,0008,validation
7,3,1,0009,validation
7,3,1,0027,train
7,3,1,0029,validation
7,3,1,0033,train
7,3,1,0037,validation
7,3,1,0038,validation
7,3,1,0041,train
7,3,1,0046,train
7,3,1,0053,train
7,3,1,0054,train
7,3,1,0063,train
7,3,1,0069,train
7,3,1,0089,train
7,3,1,0095,train
7,3,1,0100,train
7,3,1,0106,train
7,3,1,0112,train
7,3,1,0117,train
7,3,1,0118,train
7,3,1,0135,train
7,3,1,0139,train
7,3,1,0153,validation
7,3,1,0161,train
7,3,1,0170,train
7,3,1,0178,train
7,3,1,0202,train
7,3,1,0212,train
7,3,1,0227,validation
7,3,1,0242,train
7,3,1,0246,train
7,3,1,0256,train
7,3,1,0268,validation
7,3,1,0273,train
7,3,1,0278,train
7,3,1,0281,train
7,3,1,0283,train
7,3,1,0287,validation
7,3,1,0289,validation
7,3,1,0304,train
7,3,1,0306,train
7,3,1,0309,train
7,3,1,0322,train
7,3,1,0323,train
7,3,1,0330,train
7,3,1,0346,train
7,3,1,0369,train
7,3,1,0370,train
7,3,1,0376,train
7,3,1,0384,train
7,3,1,0406,train
7,3,1,0409,train
7,3,1,0412,validation
7,3,1,0432,validation
7,3,1,0459,train
7,3,1,0468,train
7,3,1,0498,train
7,3,2,0008,train
7,3,2,0009,train
7,3,2,0027,train
7,3,2,0029,train
7,3,2,0033,validation
7,3,2,0037,train
7,3,2,0038,train
7,3,2,0041,train
7,3,2,0046,train
7,3,2,0053,validation
7,3,2,0054,train
7,3,2,0063,train
7,3,2,0069,train
7,3,2,0089,validation
7,3,2,0095,validation
7,3,2,0100,train
7,3,2,0106,train
7,3,2,0112,train
7,3,2,0117,validation
7,3,2,0118,train
7,3,2,0135,train
7,3,2,0139,train
7,3,2,0153,train
7,3,2,0161,validation
7,3,2,0170,train
7,3,2,0178,train
7,3,2,0202,train
7,3,2,0212,train
7,3,2,0227,train
7,3,2,0242,train
7,3,2,0246,validation
7,3,2,0256,train
7,3,2,0268,train
7,3,2,0273,train
7,3,2,0278,train
7,3,2,0281,train
7,3,2,0283,train
7,3,2,0287,train
7,3,2,0289,train
7,3,2,0304,validation
7,3,2,0306,train
7,3,2,0309,validation
7,3,2,0322,train
7,3,2,0323,train
7,3,2,0330,validation
7,3,2,0346,train
7,3,2,0369,train
7,3,2,0370,validation
7,3,2,0376,train
7,3,2,0384,train
7,3,2,0406,train
7,3,2,0409,train
7,3,2,0412,train
7,3,2,0432,train
7,3,2,0459,train
7,3,2,0468,validation
7,3,2,0498,train
7,3,3,0008,train
7,3,3,0009,train
7,3,3,0027,train
7,3,3,0029,train
7,3,3,0033,train
7,3,3,0037,train
7,3,3,0038,train
7,3,3,0041,train
7,3,3,0046,validation
7,3,3,0053,train
7,3,3,0054,train
7,3,3,0063,train
7,3,3,0069,validation
7,3,3,0089,train
7,3,3,0095,train
7,3,3,0100,train
7,3,3,0106,train
7,3,3,0112,train
7,3,3,0117,train
7,3,3,0118,train
7,3,3,0135,train
7,3,3,0139,train
7,3,3,0153,train
7,3,3,0161,train
7,3,3,0170,train
7,3,3,0178,train
7,3,3,0202,train
7,3,3,0212,validation
7,3,3,0227,train
7,3,3,0242,train
7,3,3,0246,train
7,3,3,0256,validation
7,3,3,0268,train
7,3,3,0273,train
7,3,3,0278,train
7,3,3,0281,validation
7,3,3,0283,train
7,3,3,0287,train
7,3,3,0289,train
7,3,3,0304,train
7,3,3,0306,validation
7,3,3,0309,train
7,3,3,0322,validation
7,3,3,0323,train
7,3,3,0330,train
7,3,3,0346,validation
7,3,3,0369,validation
7,3,3,0370,train
7,3,3,0376,train
7,3,3,0384,train
7,3,3,0406,train
7,3,3,0409,validation
7,3,3,0412,train
7,3,3,0432,train
7,3,3,0459,validation
7,3,3,0468,train
7,3,3,0498,train
7,3,4,0008,train
7,3,4,0009,train
7,3,4,0027,validation
7,3,4,0029,train
7,3,4,0033,train
7,3,4,0037,train
7,3,4,0038,train
7,3,4,0041,validation
7,3,4,0046,train
7,3,4,0053,train
7,3,4,0054,train
7,3,4,0063,train
7,3,4,0069,train
7,3,4,0089,train
7,3,4,0095,train
7,3,4,0100,train
7,3,4,0106,validation
7,3,4,0112,validation
7,3,4,0117,train
7,3,4,0118,validation
7,3,4,0135,train
7,3,4,0139,validation
7,3,4,0153,train
7,3,4,0161,train
7,3,4,0170,train
7,3,4,0178,validation
7,3,4,0202,validation
7,3,4,0212,train
7,3,4,0227,train
7,3,4,0242,train
7,3,4,0246,train
7,3,4,0256,train
7,3,4,0268,train
7,3,4,0273,validation
7,3,4,0278,train
7,3,4,0281,train
7,3,4,0283,train
7,3,4,0287,train
7,3,4,0289,train
7,3,4,0304,train
7,3,4,0306,train
7,3,4,0309,train
7,3,4,0322,train
7,3,4,0323,train
7,3,4,0330,train
7,3,4,0346,train
7,3,4,0369,train
7,3,4,0370,train
7,3,4,0376,train
7,3,4,0384,validation
7,3,4,0406,train
7,3,4,0409,train
7,3,4,0412,train
7,3,4,0432,train
7,3,4,0459,train
7,3,4,0468,train
7,3,4,0498,validation
7,3,5,0008,train
7,3,5,0009,train
7,3,5,0027,train
7,3,5,0029,train
7,3,5,0033,train
7,3,5,0037,train
7,3,5,0038,train
7,3,5,0041,train
7,3,5,0046,train
7,3,5,0053,train
7,3,5,0054,validation
7,3,5,0063,validation
7,3,5,0069,train
7,3,5,0089,train
7,3,5,0095,train
7,3,5,0100,validation
7,3,5,0106,train
7,3,5,0112,train
7,3,5,0117,train
7,3,5,0118,train
7,3,5,0135,validation
7,3,5,0139,train
7,3,5,0153,train
7,3,5,0161,train
7,3,5,0170,validation
7,3,5,0178,train
7,3,5,0202,train
7,3,5,0212,train
7,3,5,0227,train
7,3,5,0242,validation
7,3,5,0246,train
7,3,5,0256,train
7,3,5,0268,train
7,3,5,0273,train
7,3,5,0278,validation
7,3,5,0281,train
7,3,5,0283,validation
7,3,5,0287,train
7,3,5,0289,train
7,3,5,0304,train
7,3,5,0306,train
7,3,5,0309,train
7,3,5,0322,train
7,3,5,0323,validation
7,3,5,0330,train
7,3,5,0346,train
7,3,5,0369,train
7,3,5,0370,train
7,3,5,0376,validation
7,3,5,0384,train
7,3,5,0406,validation
7,3,5,0409,train
7,3,5,0412,train
7,3,5,0432,train
7,3,5,0459,train
7,3,5,0468,train
7,3,5,0498,train
7,4,1,0003,train
7,4,1,0014,train
7,4,1,0027,train
7,4,1,0029,validation
7,4,1,0033,validation
7,4,1,0037,validation
7,4,1,0038,validation
7,4,1,0046,train
7,4,1,0053,train
7,4,1,0054,train
7,4,1,0063,train
7,4,1,0069,train
7,4,1,0079,train
7,4,1,0089,validation
7,4,1,0095,train
7,4,1,0100,train
7,4,1,0106,train
7,4,1,0112,train
7,4,1,0116,validation
7,4,1,0118,train
7,4,1,0135,train
7,4,1,0139,train
7,4,1,0144,train
7,4,1,0153,train
7,4,1,0161,train
7,4,1,0170,train
7,4,1,0202,train
7,4,1,0212,validation
7,4,1,0227,train
7,4,1,0242,train
7,4,1,0246,train
7,4,1,0248,train
7,4,1,0262,train
7,4,1,0268,validation
7,4,1,0273,train
7,4,1,0278,validation
7,4,1,0281,train
7,4,1,0287,train
7,4,1,0296,train
7,4,1,0304,validation
7,4,1,0309,train
7,4,1,0311,train
7,4,1,0322,train
7,4,1,0323,train
7,4,1,0330,train
7,4,1,0347,train
7,4,1,0370,validation
7,4,1,0376,validation
7,4,1,0379,train
7,4,1,0399,train
7,4,1,0409,train
7,4,1,0412,train
7,4,1,0427,train
7,4,1,0432,train
7,4,1,0459,train
7,4,1,0498,train
7,4,1,0546,train
7,4,2,0003,train
7,4,2,0014,train
7,4,2,0027,validation
7,4,2,0029,train
7,4,2,0033,train
7,4,2,0037,train
7,4,2,0038,train
7,4,2,0046,validation
7,4,2,0053,train
7,4,2,0054,train
7,4,2,0063,validation
7,4,2,0069,train
7,4,2,0079,train
7,4,2,0089,train
7,4,2,0095,validation
7,4,2,0100,train
7,4,2,0106,train
7,4,2,0112,validation
7,4,2,0116,train
7,4,2,0118,train
7,4,2,0135,validation
7,4,2,0139,train
7,4,2,0144,train
7,4,2,0153,validation
7,4,2,0161,train
7,4,2,0170,train
7,4,2,0202,train
7,4,2,0212,train
7,4,2,0227,validation
7,4,2,0242,train
7,4,2,0246,validation
7,4,2,0248,train
7,4,2,0262,train
7,4,2,0268,train
7,4,2,0273,train
7,4,2,0278,train
7,4,2,0281,train
7,4,2,0287,train
7,4,2,0296,train
7,4,2,0304,train
7,4,2,0309,train
7,4,2,0311,validation
7,4,2,0322,train
7,4,2,0323,validation
7,4,2,0330,train
7,4,2,0347,train
7,4,2,0370,train
7,4,2,0376,train
7,4,2,0379,train
7,4,2,0399,validation
7,4,2,0409,train
7,4,2,0412,train
7,4,2,0427,train
7,4,2,0432,train
7,4,2,0459,train
7,4,2,0498,train
7,4,2,0546,train
7,4,3,0003,train
7,4,3,0014,validation
7,4,3,0027,train
7,4,3,0029,train
7,4,3,0033,train
7,4,3,0037,train
7,4,3,0038,train
7,4,3,0046,train
7,4,3,0053,validation
7,4,3,0054,validation
7,4,3,0063,train
7,4,3,0069,train
7,4,3,0079,train
7,4,3,0089,train
7,4,3,0095,train
7,4,3,0100,train
7,4,3,0106,validation
7,4,3,0112,train
7,4,3,0116,train
7,4,3,0118,train
7,4,3,0135,train
7,4,3,0139,validation
7,4,3,0144,train
7,4,3,0153,train
7,4,3,0161,validation
7,4,3,0170,train
7,4,3,0202,train
7,4,3,0212,train
7,4,3,0227,train
7,4,3,0242,train
7,4,3,0246,train
7,4,3,0248,train
7,4,3,0262,train
7,4,3,0268,train
7,4,3,0273,train
7,4,3,0278,train
7,4,3,0281,train
7,4,3,0287,validation
7,4,3,0296,train
7,4,3,0304,train
7,4,3,0309,train
7,4,3,0311,train
7,4,3,0322,validation
7,4,3,0323,train
7,4,3,0330,validation
7,4,3,0347,train
7,4,3,0370,train
7,4,3,0376,train
7,4,3,0379,train
7,4,3,0399,train
7,4,3,0409,train
7,4,3,0412,validation
7,4,3,0427,train
7,4,3,0432,train
7,4,3,0459,train
7,4,3,0498,train
7,4,3,0546,validation
7,4,4,0003,train
7,4,4,0014,train
7,4,4,0027,train
7,4,4,0029,train
7,4,4,0033,train
7,4,4,0037,train
7,4,4,0038,train
7,4,4,0046,train
7,4,4,0053,train
7,4,4,0054,train
7,4,4,0063,train
7,4,4,0069,validation
7,4,4,0079,validation
7,4,4,0089,train
7,4,4,0095,train
7,4,4,0100,train
7,4,4,0106,train
7,4,4,0112,train
7,4,4,0116,train
7,4,4,0118,train
7,4,4,0135,train
7,4,4,0139,train
7,4,4,0144,train
7,4,4,0153,train
7,4,4,0161,train
7,4,4,0170,validation
7,4,4,0202,validation
7,4,4,0212,train
7,4,4,0227,train
7,4,4,0242,validation
7,4,4,0246,train
7,4,4,0248,train
7,4,4,0262,validation
7,4,4,0268,train
7,4,4,0273,train
7,4,4,0278,train
7,4,4,0281,train
7,4,4,0287,train
7,4,4,0296,validation
7,4,4,0304,train
7,4,4,0309,train
7,4,4,0311,train
7,4,4,0322,train
7,4,4,0323,train
7,4,4,0330,train
7,4,4,0347,validation
7,4,4,0370,train
7,4,4,0376,train
7,4,4,0379,validation
7,4,4,0399,train
7,4,4,0409,train
7,4,4,0412,train
7,4,4,0427,validation
7,4,4,0432,train
7,4,4,0459,validation
7,4,4,0498,train
7,4,4,0546,train
7,4,5,0003,validation
7,4,5,0014,train
7,4,5,0027,train
7,4,5,0029,train
7,4,5,0033,train
7,4,5,0037,train
7,4,5,0038,train
7,4,5,0046,train
7,4,5,0053,train
7,4,5,0054,train
7,4,5,0063,train
7,4,5,0069,train
7,4,5,0079,train
7,4,5,0089,train
7,4,5,0095,train
7,4,5,0100,validation
7,4,5,0106,train
7,4,5,0112,train
7,4,5,0116,train
7,4,5,0118,validation
7,4,5,0135,train
7,4,5,0139,train
7,4,5,0144,validation
7,4,5,0153,train
7,4,5,0161,train
7,4,5,0170,train
7,4,5,0202,train
7,4,5,0212,train
7,4,5,0227,train
7,4,5,0242,train
7,4,5,0246,train
7,4,5,0248,validation
7,4,5,0262,train
7,4,5,0268,train
7,4,5,0273,validation
7,4,5,0278,train
7,4,5,0281,validation
7,4,5,0287,train
7,4,5,0296,train
7,4,5,0304,train
7,4,5,0309,validation
7,4,5,0311,train
7,4,5,0322,train
7,4,5,0323,train
7,4,5,0330,train
7,4,5,0347,train
7,4,5,0370,train
7,4,5,0376,train
7,4,5,0379,train
7,4,5,0399,train
7,4,5,0409,validation
7,4,5,0412,train
7,4,5,0427,train
7,4,5,0432,validation
7,4,5,0459,train
7,4,5,0498,validation
7,4,5,0546,train
7,5,1,0003,validation
7,5,1,0008,train
7,5,1,0009,train
7,5,1,0014,train
7,5,1,0033,train
7,5,1,0037,train
7,5,1,0041,train
7,5,1,0046,train
7,5,1,0053,train
7,5,1,0054,train
7,5,1,0063,train
7,5,1,0069,train
7,5,1,0079,train
7,5,1,0089,train
7,5,1,0100,validation
7,5,1,0106,train
7,5,1,0116,train
7,5,1,0117,train
7,5,1,0118,train
7,5,1,0135,train
7,5,1,0144,train
7,5,1,0153,validation
7,5,1,0161,train
7,5,1,0170,train
7,5,1,0178,validation
7,5,1,0212,train
7,5,1,0246,train
7,5,1,0248,train
7,5,1,0256,train
7,5,1,0262,train
7,5,1,0268,train
7,5,1,0278,validation
7,5,1,0281,train
7,5,1,0283,train
7,5,1,0287,train
7,5,1,0289,train
7,5,1,0296,train
7,5,1,0306,validation
7,5,1,0309,validation
7,5,1,0311,train
7,5,1,0330,train
7,5,1,0346,train
7,5,1,0347,train
7,5,1,0369,validation
7,5,1,0370,train
7,5,1,0376,validation
7,5,1,0379,train
7,5,1,0384,train
7,5,1,0399,train
7,5,1,0406,validation
7,5,1,0409,train
7,5,1,0427,validation
7,5,1,0432,validation
7,5,1,0459,train
7,5,1,0468,train
7,5,1,0498,train
7,5,1,0546,train
7,5,2,0003,train
7,5,2,0008,train
7,5,2,0009,train
7,5,2,0014,train
7,5,2,0033,train
7,5,2,0037,train
7,5,2,0041,train
7,5,2,0046,train
7,5,2,0053,train
7,5,2,0054,train
7,5,2,0063,train
7,5,2,0069,train
7,5,2,0079,train
7,5,2,0089,validation
7,5,2,0100,train
7,5,2,0106,validation
7,5,2,0116,train
7,5,2,0117,train
7,5,2,0118,train
7,5,2,0135,train
7,5,2,0144,train
7,5,2,0153,train
7,5,2,0161,validation
7,5,2,0170,train
7,5,2,0178,train
7,5,2,0212,train
7,5,2,0246,train
7,5,2,0248,train
7,5,2,0256,train
7,5,2,0262,train
7,5,2,0268,train
7,5,2,0278,train
7,5,2,0281,train
7,5,2,0283,validation
7,5,2,0287,train
7,5,2,0289,validation
7,5,2,0296,validation
7,5,2,0306,train
7,5,2,0309,train
7,5,2,0311,validation
7,5,2,0330,validation
7,5,2,0346,train
7,5,2,0347,validation
7,5,2,0369,train
7,5,2,0370,train
7,5,2,0376,train
7,5,2,0379,train
7,5,2,0384,validation
7,5,2,0399,train
7,5,2,0406,train
7,5,2,0409,validation
7,5,2,0427,train
7,5,2,0432,train
7,5,2,0459,train
7,5,2,0468,train
7,5,2,0498,train
7,5,2,0546,validation
7,5,3,0003,train
7,5,3,0008,train
7,5,3,0009,train
7,5,3,0014,validation
7,5,3,0033,train
7,5,3,0037,validation
7,5,3,0041,train
7,5,3,0046,train
7,5,3,0053,validation
7,5,3,0054,validation
7,5,3,0063,train
7,5,3,0069,train
7,5,3,0079,train
7,5,3,0089,train
7,5,3,0100,train
7,5,3,0106,train
7,5,3,0116,validation
7,5,3,0117,validation
7,5,3,0118,train
7,5,3,0135,train
7,5,3,0144,train
7,5,3,0153,train
7,5,3,0161,train
7,5,3,0170,train
7,5,3,0178,train
7,5,3,0212,train
7,5,3,0246,train
7,5,3,0248,train
7,5,3,0256,validation
7,5,3,0262,validation
7,5,3,0268,validation
7,5,3,0278,train
7,5,3,0281,train
7,5,3,0283,train
7,5,3,0287,train
7,5,3,0289,train
7,5,3,0296,train
7,5,3,0306,train
7,5,3,0309,train
7,5,3,0311,train
7,5,3,0330,train
7,5,3,0346,train
7,5,3,0347,train
7,5,3,0369,train
7,5,3,0370,train
7,5,3,0376,train
7,5,3,0379,validation
7,5,3,0384,train
7,5,3,0399,validation
7,5,3,0406,train
7,5,3,0409,train
7,5,3,0427,train
7,5,3,0432,train
7,5,3,0459,train
7,5,3,0468,train
7,5,3,0498,train
7,5,3,0546,train
7,5,4,0003,train
7,5,4,0008,validation
7,5,4,0009,validation
7,5,4,0014,train
7,5,4,0033,validation
7,5,4,0037,train
7,5,4,0041,train
7,5,4,0046,validation
7,5,4,0053,train
7,5,4,0054,train
7,5,4,0063,train
7,5,4,0069,train
7,5,4,0079,train
7,5,4,0089,train
7,5,4,0100,train
7,5,4,0106,train
7,5,4,0116,train
7,5,4,0117,train
7,5,4,0118,validation
7,5,4,0135,train
7,5,4,0144,train
7,5,4,0153,train
7,5,4,0161,train
7,5,4,0170,train
7,5,4,0178,train
7,5,4,0212,train
7,5,4,0246,validation
7,5,4,0248,validation
7,5,4,0256,train
7,5,4,0262,train
7,5,4,0268,train
7,5,4,0278,train
7,5,4,0281,validation
7,5,4,0283,train
7,5,4,0287,train
7,5,4,0289,train
7,5,4,0296,train
7,5,4,0306,train
7,5,4,0309,train
7,5,4,0311,train
7,5,4,0330,train
7,5,4,0346,train
7,5,4,0347,train
7,5,4,0369,train
7,5,4,0370,train
7,5,4,0376,train
7,5,4,0379,train
7,5,4,0384,train
7,5,4,0399,train
7,5,4,0406,train
7,5,4,0409,train
7,5,4,0427,train
7,5,4,0432,train
7,5,4,0459,validation
7,5,4,0468,validation
7,5,4,0498,validation
7,5,4,0546,train
7,5,5,0003,train
7,5,5,0008,train
7,5,5,0009,train
7,5,5,0014,train
7,5,5,0033,train
7,5,5,0037,train
7,5,5,0041,validation
7,5,5,0046,train
7,5,5,0053,train
7,5,5,0054,train
7,5,5,0063,validation
7,5,5,0069,validation
7,5,5,0079,validation
7,5,5,0089,train
7,5,5,0100,train
7,5,5,0106,train
7,5,5,0116,train
7,5,5,0117,train
7,5,5,0118,train
7,5,5,0135,validation
7,5,5,0144,validation
7,5,5,0153,train
7,5,5,0161,train
7,5,5,0170,validation
7,5,5,0178,train
7,5,5,0212,validation
7,5,5,0246,train
7,5,5,0248,train
7,5,5,0256,train
7,5,5,0262,train
7,5,5,0268,train
7,5,5,0278,train
7,5,5,0281,train
7,5,5,0283,train
7,5,5,0287,validation
7,5,5,0289,train
7,5,5,0296,train
7,5,5,0306,train
7,5,5,0309,train
7,5,5,0311,train
7,5,5,0330,train
7,5,5,0346,validation
7,5,5,0347,train
7,5,5,0369,train
7,5,5,0370,validation
7,5,5,0376,train
7,5,5,0379,train
7,5,5,0384,train
7,5,5,0399,train
7,5,5,0406,train
7,5,5,0409,train
7,5,5,0427,train
7,5,5,0432,train
7,5,5,0459,train
7,5,5,0468,train
7,5,5,0498,train
7,5,5,0546,train
8,1,1,0003,train
8,1,1,0008,train
8,1,1,0009,validation
8,1,1,0014,train
8,1,1,0027,train
8,1,1,0029,train
8,1,1,0033,train
8,1,1,0037,train
8,1,1,0038,train
8,1,1,0041,train
8,1,1,0046,train
8,1,1,0053,train
8,1,1,0054,train
8,1,1,0063,train
8,1,1,0069,train
8,1,1,0079,train
8,1,1,0100,train
8,1,1,0106,train
8,1,1,0112,train
8,1,1,0118,train
8,1,1,0135,train
8,1,1,0139,train
8,1,1,0161,validation
8,1,1,0170,train
8,1,1,0202,validation
8,1,1,0227,train
8,1,1,0242,validation
8,1,1,0246,validation
8,1,1,0248,train
8,1,1,0256,train
8,1,1,0262,train
8,1,1,0268,validation
8,1,1,0273,validation
8,1,1,0278,train
8,1,1,0281,validation
8,1,1,0283,train
8,1,1,0287,train
8,1,1,0289,train
8,1,1,0304,train
8,1,1,0306,train
8,1,1,0309,train
8,1,1,0311,validation
8,1,1,0322,train
8,1,1,0323,train
8,1,1,0346,train
8,1,1,0376,validation
8,1,1,0379,train
8,1,1,0384,train
8,1,1,0399,train
8,1,1,0406,validation
8,1,1,0409,train
8,1,1,0412,validation
8,1,1,0427,train
8,1,1,0459,train
8,1,1,0468,train
8,1,1,0498,train
8,1,2,0003,train
8,1,2,0008,validation
8,1,2,0009,train
8,1,2,0014,validation
8,1,2,0027,train
8,1,2,0029,validation
8,1,2,0033,validation
8,1,2,0037,train
8,1,2,0038,train
8,1,2,0041,validation
8,1,2,0046,train
8,1,2,0053,train
8,1,2,0054,train
8,1,2,0063,train
8,1,2,0069,train
8,1,2,0079,validation
8,1,2,0100,train
8,1,2,0106,train
8,1,2,0112,train
8,1,2,0118,train
8,1,2,0135,train
8,1,2,0139,train
8,1,2,0161,train
8,1,2,0170,validation
8,1,2,0202,train
8,1,2,0227,train
8,1,2,0242,train
8,1,2,0246,train
8,1,2,0248,train
8,1,2,0256,train
8,1,2,0262,train
8,1,2,0268,train
8,1,2,0273,train
8,1,2,0278,validation
8,1,2,0281,train
8,1,2,0283,train
8,1,2,0287,validation
8,1,2,0289,validation
8,1,2,0304,train
8,1,2,0306,train
8,1,2,0309,train
8,1,2,0311,train
8,1,2,0322,train
8,1,2,0323,train
8,1,2,0346,train
8,1,2,0376,train
8,1,2,0379,validation
8,1,2,0384,train
8,1,2,0399,train
8,1,2,0406,train
8,1,2,0409,train
8,1,2,0412,train
8,1,2,0427,train
8,1,2,0459,validation
8,1,2,0468,train
8,1,2,0498,train
8,1,3,0003,validation
8,1,3,0008,train
8,1,3,0009,train
8,1,3,0014,train
8,1,3,0027,train
8,1,3,0029,train
8,1,3,0033,train
8,1,3,0037,train
8,1,3,0038,validation
8,1,3,0041,train
8,1,3,0046,validation
8,1,3,0053,train
8,1,3,0054,validation
8,1,3,0063,train
8,1,3,0069,validation
8,1,3,0079,train
8,1,3,0100,train
8,1,3,0106,train
8,1,3,0112,train
8,1,3,0118,train
8,1,3,0135,train
8,1,3,0139,validation
8,1,3,0161,train
8,1,3,0170,train
8,1,3,0202,train
8,1,3,0227,validation
8,1,3,0242,train
8,1,3,0246,train
8,1,3,0248,train
8,1,3,0256,train
8,1,3,0262,train
8,1,3,0268,train
8,1,3,0273,train
8,1,3,0278,train
8,1,3,0281,train
8,1,3,0283,validation
8,1,3,0287,train
8,1,3,0289,train
8,1,3,0304,train
8,1,3,0306,validation
8,1,3,0309,train
8,1,3,0311,train
8,1,3,0322,train
8,1,3,0323,train
8,1,3,0346,train
8,1,3,0376,train
8,1,3,0379,train
8,1,3,0384,train
8,1,3,0399,validation
8,1,3,0406,train
8,1,3,0409,train
8,1,3,0412,train
8,1,3,0427,train
8,1,3,0459,train
8,1,3,0468,validation
8,1,3,0498,train
8,1,4,0003,train
8,1,4,0008,train
8,1,4,0009,train
8,1,4,0014,train
8,1,4,0027,validation
8,1,4,0029,train
8,1,4,0033,train
8,1,4,0037,train
8,1,4,0038,train
8,1,4,0041,train
8,1,4,0046,train
8,1,4,0053,validation
8,1,4,0054,train
8,1,4,0063,validation
8,1,4,0069,train
8,1,4,0079,train
8,1,4,0100,train
8,1,4,0106,validation
8,1,4,0112,validation
8,1,4,0118,train
8,1,4,0135,train
8,1,4,0139,train
8,1,4,0161,train
8,1,4,0170,train
8,1,4,0202,train
8,1,4,0227,train
8,1,4,0242,train
8,1,4,0246,train
8,1,4,0248,validation
8,1,4,0256,train
8,1,4,0262,train
8,1,4,0268,train
8,1,4,0273,train
8,1,4,0278,train
8,1,4,0281,train
8,1,4,0283,train
8,1,4,0287,train
8,1,4,0289,train
8,1,4,0304,validation
8,1,4,0306,train
8,1,4,0309,train
8,1,4,0311,train
8,1,4,0322,validation
8,1,4,0323,validation
8,1,4,0346,validation
8,1,4,0376,train
8,1,4,0379,train
8,1,4,0384,validation
8,1,4,0399,train
8,1,4,0406,train
8,1,4,0409,train
8,1,4,0412,train
8,1,4,0427,train
8,1,4,0459,train
8,1,4,0468,train
8,1,4,0498,train
8,1,5,0003,train
8,1,5,0008,train
8,1,5,0009,train
8,1,5,0014,train
8,1,5,0027,train
8,1,5,0029,train
8,1,5,0033,train
8,1,5,0037,validation
8,1,5,0038,train
8,1,5,0041,train
8,1,5,0046,train
8,1,5,0053,train
8,1,5,0054,train
8,1,5,0063,train
8,1,5,0069,train
8,1,5,0079,train
8,1,5,0100,validation
8,1,5,0106,train
8,1,5,0112,train
8,1,5,0118,validation
8,1,5,0135,validation
8,1,5,0139,train
8,1,5,0161,train
8,1,5,0170,train
8,1,5,0202,train
8,1,5,0227,train
8,1,5,0242,train
8,1,5,0246,train
8,1,5,0248,train
8,1,5,0256,validation
8,1,5,0262,validation
8,1,5,0268,train
8,1,5,0273,train
8,1,5,0278,train
8,1,5,0281,train
8,1,5,0283,train
8,1,5,0287,train
8,1,5,0289,train
8,1,5,0304,train
8,1,5,0306,train
8,1,5,0309,validation
8,1,5,0311,train
8,1,5,0322,train
8,1,5,0323,train
8,1,5,0346,train
8,1,5,0376,train
8,1,5,0379,train
8,1,5,0384,train
8,1,5,0399,train
8,1,5,0406,train
8,1,5,0409,validation
8,1,5,0412,train
8,1,5,0427,validation
8,1,5,0459,train
8,1,5,0468,train
8,1,5,0498,validation
8,2,1,0003,train
8,2,1,0008,train
8,2,1,0009,train
8,2,1,0014,train
8,2,1,0027,train
8,2,1,0029,validation
8,2,1,0033,train
8,2,1,0037,validation
8,2,1,0038,train
8,2,1,0041,train
8,2,1,0046,train
8,2,1,0053,train
8,2,1,0054,validation
8,2,1,0069,train
8,2,1,0079,train
8,2,1,0089,train
8,2,1,0095,train
8,2,1,0100,train
8,2,1,0112,train
8,2,1,0116,validation
8,2,1,0117,validation
8,2,1,0118,train
8,2,1,0135,train
8,2,1,0144,train
8,2,1,0153,validation
8,2,1,0170,train
8,2,1,0178,validation
8,2,1,0202,train
8,2,1,0212,train
8,2,1,0227,train
8,2,1,0242,train
8,2,1,0248,validation
8,2,1,0256,validation
8,2,1,0262,train
8,2,1,0268,validation
8,2,1,0273,train
8,2,1,0278,train
8,2,1,0281,validation
8,2,1,0283,train
8,2,1,0287,train
8,2,1,0296,train
8,2,1,0306,train
8,2,1,0311,train
8,2,1,0330,train
8,2,1,0347,train
8,2,1,0369,train
8,2,1,0370,train
8,2,1,0376,train
8,2,1,0384,validation
8,2,1,0399,train
8,2,1,0406,train
8,2,1,0412,train
8,2,1,0427,train
8,2,1,0432,train
8,2,1,0468,train
8,2,1,0498,train
8,2,1,0546,train
8,2,2,0003,validation
8,2,2,0008,train
8,2,2,0009,validation
8,2,2,0014,train
8,2,2,0027,validation
8,2,2,0029,train
8,2,2,0033,train
8,2,2,0037,train
8,2,2,0038,validation
8,2,2,0041,train
8,2,2,0046,train
8,2,2,0053,train
8,2,2,0054,train
8,2,2,0069,train
8,2,2,0079,train
8,2,2,0089,train
8,2,2,0095,train
8,2,2,0100,train
8,2,2,0112,train
8,2,2,0116,train
8,2,2,0117,train
8,2,2,0118,train
8,2,2,0135,train
8,2,2,0144,train
8,2,2,0153,train
8,2,2,0170,train
8,2,2,0178,train
8,2,2,0202,validation
8,2,2,0212,train
8,2,2,0227,validation
8,2,2,0242,train
8,2,2,0248,train
8,2,2,0256,train
8,2,2,0262,validation
8,2,2,0268,train
8,2,2,0273,train
8,2,2,0278,train
8,2,2,0281,train
8,2,2,0283,train
8,2,2,0287,train
8,2,2,0296,validation
8,2,2,0306,validation
8,2,2,0311,train
8,2,2,0330,train
8,2,2,0347,validation
8,2,2,0369,train
8,2,2,0370,validation
8,2,2,0376,train
8,2,2,0384,train
8,2,2,0399,train
8,2,2,0406,train
8,2,2,0412,train
8,2,2,0427,train
8,2,2,0432,train
8,2,2,0468,validation
8,2,2,0498,train
8,2,2,0546,train
8,2,3,0003,train
8,2,3,0008,validation
8,2,3,0009,train
8,2,3,0014,validation
8,2,3,0027,train
8,2,3,0029,train
8,2,3,0033,validation
8,2,3,0037,train
8,2,3,0038,train
8,2,3,0041,train
8,2,3,0046,train
8,2,3,0053,validation
8,2,3,0054,train
8,2,3,0069,train
8,2,3,0079,train
8,2,3,0089,train
8,2,3,0095,validation
8,2,3,0100,train
8,2,3,0112,validation
8,2,3,0116,train
8,2,3,0117,train
8,2,3,0118,train
8,2,3,0135,train
8,2,3,0144,train
8,2,3,0153,train
8,2,3,0170,train
8,2,3,0178,train
8,2,3,0202,train
8,2,3,0212,train
8,2,3,0227,train
8,2,3,0242,train
8,2,3,0248,train
8,2,3,0256,train
8,2,3,0262,train
8,2,3,0268,train
8,2,3,0273,validation
8,2,3,0278,train
8,2,3,0281,train
8,2,3,0283,validation
8,2,3,0287,train
8,2,3,0296,train
8,2,3,0306,train
8,2,3,0311,train
8,2,3,0330,train
8,2,3,0347,train
8,2,3,0369,train
8,2,3,0370,train
8,2,3,0376,train
8,2,3,0384,train
8,2,3,0399,train
8,2,3,0406,train
8,2,3,0412,validation
8,2,3,0427,train
8,2,3,0432,validation
8,2,3,0468,train
8,2,3,0498,validation
8,2,3,0546,train
8,2,4,0003,train
8,2,4,0008,train
8,2,4,0009,train
8,2,4,0014,train
8,2,4,0027,train
8,2,4,0029,train
8,2,4,0033,train
8,2,4,0037,train
8,2,4,0038,train
8,2,4,0041,validation
8,2,4,0046,validation
8,2,4,0053,train
8,2,4,0054,train
8,2,4,0069,validation
8,2,4,0079,validation
8,2,4,0089,train
8,2,4,0095,train
8,2,4,0100,train
8,2,4,0112,train
8,2,4,0116,train
8,2,4,0117,train
8,2,4,0118,validation
8,2,4,0135,validation
8,2,4,0144,train
8,2,4,0153,train
8,2,4,0170,train
8,2,4,0178,train
8,2,4,0202,train
8,2,4,0212,train
8,2,4,0227,train
8,2,4,0242,train
8,2,4,0248,train
8,2,4,0256,train
8,2,4,0262,train
8,2,4,0268,train
8,2,4,0273,train
8,2,4,0278,train
8,2,4,0281,train
8,2,4,0283,train
8,2,4,0287,validation
8,2,4,0296,train
8,2,4,0306,train
8,2,4,0311,validation
8,2,4,0330,train
8,2,4,0347,train
8,2,4,0369,validation
8,2,4,0370,train
8,2,4,0376,train
8,2,4,0384,train
8,2,4,0399,validation
8,2,4,0406,validation
8,2,4,0412,train
8,2,4,0427,train
8,2,4,0432,train
8,2,4,0468,train
8,2,4,0498,train
8,2,4,0546,train
8,2,5,0003,train
8,2,5,0008,train
8,2,5,0009,train
8,2,5,0014,train
8,2,5,0027,train
8,2,5,0029,train
8,2,5,0033,train
8,2,5,0037,train
8,2,5,0038,train
8,2,5,0041,train
8,2,5,0046,train
8,2,5,0053,train
8,2,5,0054,train
8,2,5,0069,train
8,2,5,0079,train
8,2,5,0089,validation
8,2,5,0095,train
8,2,5,0100,validation
8,2,5,0112,train
8,2,5,0116,train
8,2,5,0117,train
8,2,5,0118,train
8,2,5,0135,train
8,2,5,0144,validation
8,2,5,0153,train
8,2,5,0170,validation
8,2,5,0178,train
8,2,5,0202,train
8,2,5,0212,validation
8,2,5,0227,train
8,2,5,0242,validation
8,2,5,0248,train
8,2,5,0256,train
8,2,5,0262,train
8,2,5,0268,train
8,2,5,0273,train
8,2,5,0278,validation
8,2,5,0281,train
8,2,5,0283,train
8,2,5,0287,train
8,2,5,0296,train
8,2,5,0306,train
8,2,5,0311,train
8,2,5,0330,validation
8,2,5,0347,train
8,2,5,0369,train
8,2,5,0370,train
8,2,5,0376,validation
8,2,5,0384,train
8,2,5,0399,train
8,2,5,0406,train
8,2,5,0412,train
8,2,5,0427,validation
8,2,5,0432,train
8,2,5,0468,train
8,2,5,0498,train
8,2,5,0546,validation
8,3,1,0008,validation
8,3,1,0009,train
8,3,1,0014,train
8,3,1,0027,train
8,3,1,0029,train
8,3,1,0033,train
8,3,1,0038,train
8,3,1,0041,train
8,3,1,0053,train
8,3,1,0063,validation
8,3,1,0069,train
8,3,1,0079,train
8,3,1,0089,train
8,3,1,0095,train
8,3,1,0106,train
8,3,1,0116,train
8,3,1,0117,train
8,3,1,0118,train
8,3,1,0135,validation
8,3,1,0139,train
8,3,1,0144,train
8,3,1,0153,validation
8,3,1,0161,train
8,3,1,0178,train
8,3,1,0202,train
8,3,1,0212,train
8,3,1,0246,train
8,3,1,0248,train
8,3,1,0268,train
8,3,1,0273,validation
8,3,1,0278,validation
8,3,1,0281,train
8,3,1,0283,train
8,3,1,0287,validation
8,3,1,0289,train
8,3,1,0296,train
8,3,1,0304,validation
8,3,1,0306,train
8,3,1,0309,train
8,3,1,0311,validation
8,3,1,0322,train
8,3,1,0323,train
8,3,1,0330,validation
8,3,1,0346,train
8,3,1,0347,validation
8,3,1,0369,train
8,3,1,0370,train
8,3,1,0376,validation
8,3,1,0379,train
8,3,1,0384,train
8,3,1,0406,train
8,3,1,0409,train
8,3,1,0412,train
8,3,1,0432,train
8,3,1,0459,train
8,3,1,0468,train
8,3,1,0546,train
8,3,2,0008,train
8,3,2,0009,train
8,3,2,0014,train
8,3,2,0027,train
8,3,2,0029,train
8,3,2,0033,train
8,3,2,0038,validation
8,3,2,0041,validation
8,3,2,0053,train
8,3,2,0063,train
8,3,2,0069,train
8,3,2,0079,train
8,3,2,0089,train
8,3,2,0095,validation
8,3,2,0106,validation
8,3,2,0116,train
8,3,2,0117,train
8,3,2,0118,train
8,3,2,0135,train
8,3,2,0139,validation
8,3,2,0144,train
8,3,2,0153,train
8,3,2,0161,train
8,3,2,0178,train
8,3,2,0202,train
8,3,2,0212,train
8,3,2,0246,train
8,3,2,0248,train
8,3,2,0268,train
8,3,2,0273,train
8,3,2,0278,train
8,3,2,0281,validation
8,3,2,0283,validation
8,3,2,0287,train
8,3,2,0289,validation
8,3,2,0296,train
8,3,2,0304,train
8,3,2,0306,validation
8,3,2,0309,validation
8,3,2,0311,train
8,3,2,0322,validation
8,3,2,0323,train
8,3,2,0330,train
8,3,2,0346,train
8,3,2,0347,train
8,3,2,0369,train
8,3,2,0370,train
8,3,2,0376,train
8,3,2,0379,train
8,3,2,0384,train
8,3,2,0406,train
8,3,2,0409,train
8,3,2,0412,train
8,3,2,0432,validation
8,3,2,0459,train
8,3,2,0468,train
8,3,2,0546,train
8,3,3,0008,train
8,3,3,0009,train
8,3,3,0014,train
8,3,3,0027,train
8,3,3,0029,validation
8,3,3,0033,validation
8,3,3,0038,train
8,3,3,0041,train
8,3,3,0053,validation
8,3,3,0063,train
8,3,3,0069,train
8,3,3,0079,validation
8,3,3,0089,train
8,3,3,0095,train
8,3,3,0106,train
8,3,3,0116,train
8,3,3,0117,validation
8,3,3,0118,train
8,3,3,0135,train
8,3,3,0139,train
8,3,3,0144,train
8,3,3,0153,train
8,3,3,0161,train
8,3,3,0178,validation
8,3,3,0202,train
8,3,3,0212,train
8,3,3,0246,validation
8,3,3,0248,train
8,3,3,0268,train
8,3,3,0273,train
8,3,3,0278,train
8,3,3,0281,train
8,3,3,0283,train
8,3,3,0287,train
8,3,3,0289,train
8,3,3,0296,train
8,3,3,0304,train
8,3,3,0306,train
8,3,3,0309,train
8,3,3,0311,train
8,3,3,0322,train
8,3,3,0323,train
8,3,3,0330,train
8,3,3,0346,train
8,3,3,0347,train
8,3,3,0369,train
8,3,3,0370,train
8,3,3,0376,train
8,3,3,0379,train
8,3,3,0384,validation
8,3,3,0406,train
8,3,3,0409,validation
8,3,3,0412,validation
8,3,3,0432,train
8,3,3,0459,train
8,3,3,0468,validation
8,3,3,0546,train
8,3,4,0008,train
8,3,4,0009,train
8,3,4,0014,train
8,3,4,0027,train
8,3,4,0029,train
8,3,4,0033,train
8,3,4,0038,train
8,3,4,0041,train
8,3,4,0053,train
8,3,4,0063,train
8,3,4,0069,train
8,3,4,0079,train
8,3,4,0089,train
8,3,4,0095,train
8,3,4,0106,train
8,3,4,0116,train
8,3,4,0117,train
8,3,4,0118,validation
8,3,4,0135,train
8,3,4,0139,train
8,3,4,0144,train
8,3,4,0153,train
8,3,4,0161,validation
8,3,4,0178,train
8,3,4,0202,validation
8,3,4,0212,train
8,3,4,0246,train
8,3,4,0248,validation
8,3,4,0268,validation
8,3,4,0273,train
8,3,4,0278,train
8,3,4,0281,train
8,3,4,0283,train
8,3,4,0287,train
8,3,4,0289,train
8,3,4,0296,validation
8,3,4,0304,train
8,3,4,0306,train
8,3,4,0309,train
8,3,4,0311,train
8,3,4,0322,train
8,3,4,0323,validation
8,3,4,0330,train
8,3,4,0346,validation
8,3,4,0347,train
8,3,4,0369,validation
8,3,4,0370,validation
8,3,4,0376,train
8,3,4,0379,train
8,3,4,0384,train
8,3,4,0406,train
8,3,4,0409,train
8,3,4,0412,train
8,3,4,0432,train
8,3,4,0459,validation
8,3,4,0468,train
8,3,4,0546,train
8,3,5,0008,train
8,3,5,0009,validation
8,3,5,0014,validation
8,3,5,0027,validation
8,3,5,0029,train
8,3,5,0033,train
8,3,5,0038,train
8,3,5,0041,train
8,3,5,0053,train
8,3,5,0063,train
8,3,5,0069,validation
8,3,5,0079,train
8,3,5,0089,validation
8,3,5,0095,train
8,3,5,0106,train
8,3,5,0116,validation
8,3,5,0117,train
8,3,5,0118,train
8,3,5,0135,train
8,3,5,0139,train
8,3,5,0144,validation
8,3,5,0153,train
8,3,5,0161,train
8,3,5,0178,train
8,3,5,0202,train
8,3,5,0212,validation
8,3,5,0246,train
8,3,5,0248,train
8,3,5,0268,train
8,3,5,0273,train
8,3,5,0278,train
8,3,5,0281,train
8,3,5,0283,train
8,3,5,0287,train
8,3,5,0289,train
8,3,5,0296,train
8,3,5,0304,train
8,3,5,0306,train
8,3,5,0309,train
8,3,5,0311,train
8,3,5,0322,train
8,3,5,0323,train
8,3,5,0330,train
8,3,5,0346,train
8,3,5,0347,train
8,3,5,0369,train
8,3,5,0370,train
8,3,5,0376,train
8,3,5,0379,validation
8,3,5,0384,train
8,3,5,0406,validation
8,3,5,0409,train
8,3,5,0412,train
8,3,5,0432,train
8,3,5,0459,train
8,3,5,0468,train
8,3,5,0546,validation
8,4,1,0003,train
8,4,1,0008,train
8,4,1,0009,validation
8,4,1,0014,train
8,4,1,0027,train
8,4,1,0029,validation
8,4,1,0037,train
8,4,1,0038,train
8,4,1,0046,train
8,4,1,0053,validation
8,4,1,0054,validation
8,4,1,0063,validation
8,4,1,0069,train
8,4,1,0089,train
8,4,1,0095,train
8,4,1,0100,train
8,4,1,0106,train
8,4,1,0112,train
8,4,1,0116,train
8,4,1,0117,validation
8,4,1,0118,train
8,4,1,0139,train
8,4,1,0144,train
8,4,1,0153,train
8,4,1,0161,train
8,4,1,0170,train
8,4,1,0178,train
8,4,1,0212,train
8,4,1,0227,train
8,4,1,0242,train
8,4,1,0246,train
8,4,1,0256,validation
8,4,1,0262,train
8,4,1,0278,train
8,4,1,0281,train
8,4,1,0289,train
8,4,1,0296,train
8,4,1,0304,train
8,4,1,0309,validation
8,4,1,0311,train
8,4,1,0322,validation
8,4,1,0323,train
8,4,1,0330,validation
8,4,1,0346,train
8,4,1,0347,train
8,4,1,0369,train
8,4,1,0370,train
8,4,1,0376,validation
8,4,1,0379,train
8,4,1,0384,train
8,4,1,0399,train
8,4,1,0409,train
8,4,1,0427,train
8,4,1,0432,train
8,4,1,0459,validation
8,4,1,0498,train
8,4,1,0546,train
8,4,2,0003,validation
8,4,2,0008,train
8,4,2,0009,train
8,4,2,0014,train
8,4,2,0027,train
8,4,2,0029,train
8,4,2,0037,train
8,4,2,0038,train
8,4,2,0046,validation
8,4,2,0053,train
8,4,2,0054,train
8,4,2,0063,train
8,4,2,0069,train
8,4,2,0089,validation
8,4,2,0095,train
8,4,2,0100,train
8,4,2,0106,train
8,4,2,0112,validation
8,4,2,0116,train
8,4,2,0117,train
8,4,2,0118,validation
8,4,2,0139,validation
8,4,2,0144,train
8,4,2,0153,train
8,4,2,0161,validation
8,4,2,0170,train
8,4,2,0178,train
8,4,2,0212,train
8,4,2,0227,train
8,4,2,0242,train
8,4,2,0246,train
8,4,2,0256,train
8,4,2,0262,validation
8,4,2,0278,validation
8,4,2,0281,train
8,4,2,0289,train
8,4,2,0296,validation
8,4,2,0304,train
8,4,2,0309,train
8,4,2,0311,train
8,4,2,0322,train
8,4,2,0323,train
8,4,2,0330,train
8,4,2,0346,train
8,4,2,0347,validation
8,4,2,0369,train
8,4,2,0370,train
8,4,2,0376,train
8,4,2,0379,train
8,4,2,0384,train
8,4,2,0399,train
8,4,2,0409,train
8,4,2,0427,validation
8,4,2,0432,train
8,4,2,0459,train
8,4,2,0498,train
8,4,2,0546,train
8,4,3,0003,train
8,4,3,0008,train
8,4,3,0009,train
8,4,3,0014,validation
8,4,3,0027,train
8,4,3,0029,train
8,4,3,0037,train
8,4,3,0038,validation
8,4,3,0046,train
8,4,3,0053,train
8,4,3,0054,train
8,4,3,0063,train
8,4,3,0069,validation
8,4,3,0089,train
8,4,3,0095,train
8,4,3,0100,train
8,4,3,0106,validation
8,4,3,0112,train
8,4,3,0116,train
8,4,3,0117,train
8,4,3,0118,train
8,4,3,0139,train
8,4,3,0144,train
8,4,3,0153,validation
8,4,3,0161,train
8,4,3,0170,train
8,4,3,0178,train
8,4,3,0212,train
8,4,3,0227,validation
8,4,3,0242,validation
8,4,3,0246,validation
8,4,3,0256,train
8,4,3,0262,train
8,4,3,0278,train
8,4,3,0281,validation
8,4,3,0289,train
8,4,3,0296,train
8,4,3,0304,train
8,4,3,0309,train
8,4,3,0311,validation
8,4,3,0322,train
8,4,3,0323,train
8,4,3,0330,train
8,4,3,0346,train
8,4,3,0347,train
8,4,3,0369,train
8,4,3,0370,train
8,4,3,0376,train
8,4,3,0379,validation
8,4,3,0384,train
8,4,3,0399,train
8,4,3,0409,train
8,4,3,0427,train
8,4,3,0432,train
8,4,3,0459,train
8,4,3,0498,train
8,4,3,0546,train
8,4,4,0003,train
8,4,4,0008,validation
8,4,4,0009,train
8,4,4,0014,train
8,4,4,0027,train
8,4,4,0029,train
8,4,4,0037,validation
8,4,4,0038,train
8,4,4,0046,train
8,4,4,0053,train
8,4,4,0054,train
8,4,4,0063,train
8,4,4,0069,train
8,4,4,0089,train
8,4,4,0095,train
8,4,4,0100,validation
8,4,4,0106,train
8,4,4,0112,train
8,4,4,0116,train
8,4,4,0117,train
8,4,4,0118,train
8,4,4,0139,train
8,4,4,0144,validation
8,4,4,0153,train
8,4,4,0161,train
8,4,4,0170,validation
8,4,4,0178,validation
8,4,4,0212,train
8,4,4,0227,train
8,4,4,0242,train
8,4,4,0246,train
8,4,4,0256,train
8,4,4,0262,train
8,4,4,0278,train
8,4,4,0281,train
8,4,4,0289,train
8,4,4,0296,train
8,4,4,0304,train
8,4,4,0309,train
8,4,4,0311,train
8,4,4,0322,train
8,4,4,0323,validation
8,4,4,0330,train
8,4,4,0346,train
8,4,4,0347,train
8,4,4,0369,validation
8,4,4,0370,validation
8,4,4,0376,train
8,4,4,0379,train
8,4,4,0384,train
8,4,4,0399,validation
8,4,4,0409,train
8,4,4,0427,train
8,4,4,0432,train
8,4,4,0459,train
8,4,4,0498,validation
8,4,4,0546,train
8,4,5,0003,train
8,4,5,0008,train
8,4,5,0009,train
8,4,5,0014,train
8,4,5,0027,validation
8,4,5,0029,train
8,4,5,0037,train
8,4,5,0038,train
8,4,5,0046,train
8,4,5,0053,train
8,4,5,0054,train
8,4,5,0063,train
8,4,5,0069,train
8,4,5,0089,train
8,4,5,0095,validation
8,4,5,0100,train
8,4,5,0106,train
8,4,5,0112,train
8,4,5,0116,validation
8,4,5,0117,train
8,4,5,0118,train
8,4,5,0139,train
8,4,5,0144,train
8,4,5,0153,train
8,4,5,0161,train
8,4,5,0170,train
8,4,5,0178,train
8,4,5,0212,validation
8,4,5,0227,train
8,4,5,0242,train
8,4,5,0246,train
8,4,5,0256,train
8,4,5,0262,train
8,4,5,0278,train
8,4,5,0281,train
8,4,5,0289,validation
8,4,5,0296,train
8,4,5,0304,validation
8,4,5,0309,train
8,4,5,0311,train
8,4,5,0322,train
8,4,5,0323,train
8,4,5,0330,train
8,4,5,0346,validation
8,4,5,0347,train
8,4,5,0369,train
8,4,5,0370,train
8,4,5,0376,train
8,4,5,0379,train
8,4,5,0384,validation
8,4,5,0399,train
8,4,5,0409,validation
8,4,5,0427,train
8,4,5,0432,validation
8,4,5,0459,train
8,4,5,0498,train
8,4,5,0546,validation
8,5,1,0003,train
8,5,1,0033,train
8,5,1,0037,train
8,5,1,0041,train
8,5,1,0046,train
8,5,1,0054,train
8,5,1,0063,train
8,5,1,0079,validation
8,5,1,0089,train
8,5,1,0095,train
8,5,1,0100,train
8,5,1,0106,validation
8,5,1,0112,train
8,5,1,0116,train
8,5,1,0117,validation
8,5,1,0135,validation
8,5,1,0139,train
8,5,1,0144,validation
8,5,1,0153,train
8,5,1,0161,train
8,5,1,0170,train
8,5,1,0178,train
8,5,1,0202,train
8,5,1,0212,train
8,5,1,0227,train
8,5,1,0242,train
8,5,1,0246,train
8,5,1,0248,train
8,5,1,0256,train
8,5,1,0262,validation
8,5,1,0268,validation
8,5,1,0273,validation
8,5,1,0283,validation
8,5,1,0287,train
8,5,1,0289,validation
8,5,1,0296,train
8,5,1,0304,train
8,5,1,0306,train
8,5,1,0309,train
8,5,1,0322,train
8,5,1,0323,train
8,5,1,0330,train
8,5,1,0346,train
8,5,1,0347,train
8,5,1,0369,train
8,5,1,0370,train
8,5,1,0379,train
8,5,1,0399,train
8,5,1,0406,validation
8,5,1,0409,validation
8,5,1,0412,train
8,5,1,0427,train
8,5,1,0432,train
8,5,1,0459,train
8,5,1,0468,train
8,5,1,0498,train
8,5,1,0546,train
8,5,2,0003,validation
8,5,2,0033,train
8,5,2,0037,train
8,5,2,0041,validation
8,5,2,0046,train
8,5,2,0054,train
8,5,2,0063,train
8,5,2,0079,train
8,5,2,0089,validation
8,5,2,0095,train
8,5,2,0100,train
8,5,2,0106,train
8,5,2,0112,train
8,5,2,0116,train
8,5,2,0117,train
8,5,2,0135,train
8,5,2,0139,validation
8,5,2,0144,train
8,5,2,0153,train
8,5,2,0161,validation
8,5,2,0170,validation
8,5,2,0178,train
8,5,2,0202,train
8,5,2,0212,train
8,5,2,0227,train
8,5,2,0242,train
8,5,2,0246,train
8,5,2,0248,validation
8,5,2,0256,train
8,5,2,0262,train
8,5,2,0268,train
8,5,2,0273,train
8,5,2,0283,train
8,5,2,0287,train
8,5,2,0289,train
8,5,2,0296,train
8,5,2,0304,train
8,5,2,0306,train
8,5,2,0309,train
8,5,2,0322,train
8,5,2,0323,train
8,5,2,0330,train
8,5,2,0346,train
8,5,2,0347,train
8,5,2,0369,validation
8,5,2,0370,train
8,5,2,0379,train
8,5,2,0399,train
8,5,2,0406,train
8,5,2,0409,train
8,5,2,0412,validation
8,5,2,0427,validation
8,5,2,0432,validation
8,5,2,0459,train
8,5,2,0468,train
8,5,2,0498,validation
8,5,2,0546,train
8,5,3,0003,train
8,5,3,0033,train
8,5,3,0037,train
8,5,3,0041,train
8,5,3,0046,validation
8,5,3,0054,train
8,5,3,0063,train
8,5,3,0079,train
8,5,3,0089,train
8,5,3,0095,train
8,5,3,0100,validation
8,5,3,0106,train
8,5,3,0112,validation
8,5,3,0116,train
8,5,3,0117,train
8,5,3,0135,train
8,5,3,0139,train
8,5,3,0144,train
8,5,3,0153,validation
8,5,3,0161,train
8,5,3,0170,train
8,5,3,0178,validation
8,5,3,0202,train
8,5,3,0212,validation
8,5,3,0227,train
8,5,3,0242,train
8,5,3,0246,train
8,5,3,0248,train
8,5,3,0256,train
8,5,3,0262,train
8,5,3,0268,train
8,5,3,0273,train
8,5,3,0283,train
8,5,3,0287,train
8,5,3,0289,train
8,5,3,0296,train
8,5,3,0304,train
8,5,3,0306,train
8,5,3,0309,train
8,5,3,0322,validation
8,5,3,0323,validation
8,5,3,0330,train
8,5,3,0346,train
8,5,3,0347,train
8,5,3,0369,train
8,5,3,0370,validation
8,5,3,0379,train
8,5,3,0399,validation
8,5,3,0406,train
8,5,3,0409,train
8,5,3,0412,train
8,5,3,0427,train
8,5,3,0432,train
8,5,3,0459,train
8,5,3,0468,train
8,5,3,0498,train
8,5,3,0546,validation
8,5,4,0003,train
8,5,4,0033,train
8,5,4,0037,validation
8,5,4,0041,train
8,5,4,0046,train
8,5,4,0054,train
8,5,4,0063,train
8,5,4,0079,train
8,5,4,0089,train
8,5,4,0095,train
8,5,4,0100,train
8,5,4,0106,train
8,5,4,0112,train
8,5,4,0116,validation
8,5,4,0117,train
8,5,4,0135,train
8,5,4,0139,train
8,5,4,0144,train
8,5,4,0153,train
8,5,4,0161,train
8,5,4,0170,train
8,5,4,0178,train
8,5,4,0202,validation
8,5,4,0212,train
8,5,4,0227,train
8,5,4,0242,train
8,5,4,0246,validation
8,5,4,0248,train
8,5,4,0256,train
8,5,4,0262,train
8,5,4,0268,train
8,5,4,0273,train
8,5,4,0283,train
8,5,4,0287,validation
8,5,4,0289,train
8,5,4,0296,train
8,5,4,0304,train
8,5,4,0306,validation
8,5,4,0309,train
8,5,4,0322,train
8,5,4,0323,train
8,5,4,0330,validation
8,5,4,0346,validation
8,5,4,0347,train
8,5,4,0369,train
8,5,4,0370,train
8,5,4,0379,validation
8,5,4,0399,train
8,5,4,0406,train
8,5,4,0409,train
8,5,4,0412,train
8,5,4,0427,train
8,5,4,0432,train
8,5,4,0459,validation
8,5,4,0468,validation
8,5,4,0498,train
8,5,4,0546,train
8,5,5,0003,train
8,5,5,0033,validation
8,5,5,0037,train
8,5,5,0041,train
8,5,5,0046,train
8,5,5,0054,validation
8,5,5,0063,validation
8,5,5,0079,train
8,5,5,0089,train
8,5,5,0095,validation
8,5,5,0100,train
8,5,5,0106,train
8,5,5,0112,train
8,5,5,0116,train
8,5,5,0117,train
8,5,5,0135,train
8,5,5,0139,train
8,5,5,0144,train
8,5,5,0153,train
8,5,5,0161,train
8,5,5,0170,train
8,5,5,0178,train
8,5,5,0202,train
8,5,5,0212,train
8,5,5,0227,validation
8,5,5,0242,validation
8,5,5,0246,train
8,5,5,0248,train
8,5,5,0256,validation
8,5,5,0262,train
8,5,5,0268,train
8,5,5,0273,train
8,5,5,0283,train
8,5,5,0287,train
8,5,5,0289,train
8,5,5,0296,validation
8,5,5,0304,validation
8,5,5,0306,train
8,5,5,0309,validation
8,5,5,0322,train
8,5,5,0323,train
8,5,5,0330,train
8,5,5,0346,train
8,5,5,0347,validation
8,5,5,0369,train
8,5,5,0370,train
8,5,5,0379,train
8,5,5,0399,train
8,5,5,0406,train
8,5,5,0409,train
8,5,5,0412,train
8,5,5,0427,train
8,5,5,0432,train
8,5,5,0459,train
8,5,5,0468,train
8,5,5,0498,train
8,5,5,0546,train
9,1,1,0003,train
9,1,1,0008,validation
9,1,1,0009,train
9,1,1,0014,train
9,1,1,0027,train
9,1,1,0029,validation
9,1,1,0033,train
9,1,1,0037,train
9,1,1,0038,train
9,1,1,0041,validation
9,1,1,0053,validation
9,1,1,0054,train
9,1,1,0063,train
9,1,1,0069,train
9,1,1,0079,train
9,1,1,0095,validation
9,1,1,0100,train
9,1,1,0106,train
9,1,1,0112,train
9,1,1,0116,train
9,1,1,0117,validation
9,1,1,0118,train
9,1,1,0135,train
9,1,1,0139,train
9,1,1,0153,validation
9,1,1,0161,train
9,1,1,0178,train
9,1,1,0202,train
9,1,1,0212,validation
9,1,1,0246,train
9,1,1,0248,train
9,1,1,0262,train
9,1,1,0268,train
9,1,1,0278,train
9,1,1,0281,train
9,1,1,0283,train
9,1,1,0287,train
9,1,1,0289,train
9,1,1,0304,validation
9,1,1,0306,validation
9,1,1,0309,train
9,1,1,0311,train
9,1,1,0323,validation
9,1,1,0346,train
9,1,1,0347,train
9,1,1,0369,train
9,1,1,0370,train
9,1,1,0376,train
9,1,1,0379,train
9,1,1,0409,train
9,1,1,0412,train
9,1,1,0427,train
9,1,1,0432,validation
9,1,1,0468,train
9,1,1,0498,train
9,1,1,0546,train
9,1,2,0003,train
9,1,2,0008,train
9,1,2,0009,validation
9,1,2,0014,train
9,1,2,0027,train
9,1,2,0029,train
9,1,2,0033,train
9,1,2,0037,validation
9,1,2,0038,validation
9,1,2,0041,train
9,1,2,0053,train
9,1,2,0054,train
9,1,2,0063,train
9,1,2,0069,train
9,1,2,0079,train
9,1,2,0095,train
9,1,2,0100,validation
9,1,2,0106,train
9,1,2,0112,train
9,1,2,0116,train
9,1,2,0117,train
9,1,2,0118,validation
9,1,2,0135,train
9,1,2,0139,train
9,1,2,0153,train
9,1,2,0161,validation
9,1,2,0178,train
9,1,2,0202,train
9,1,2,0212,train
9,1,2,0246,validation
9,1,2,0248,validation
9,1,2,0262,train
9,1,2,0268,train
9,1,2,0278,train
9,1,2,0281,train
9,1,2,0283,train
9,1,2,0287,train
9,1,2,0289,validation
9,1,2,0304,train
9,1,2,0306,train
9,1,2,0309,train
9,1,2,0311,train
9,1,2,0323,train
9,1,2,0346,train
9,1,2,0347,validation
9,1,2,0369,train
9,1,2,0370,train
9,1,2,0376,train
9,1,2,0379,train
9,1,2,0409,validation
9,1,2,0412,train
9,1,2,0427,train
9,1,2,0432,train
9,1,2,0468,train
9,1,2,0498,train
9,1,2,0546,validation
9,1,3,0003,train
9,1,3,0008,train
9,1,3,0009,train
9,1,3,0014,validation
9,1,3,0027,train
9,1,3,0029,train
9,1,3,0033,train
9,1,3,0037,train
9,1,3,0038,train
9,1,3,0041,train
9,1,3,0053,train
9,1,3,0054,validation
9,1,3,0063,validation
9,1,3,0069,validation
9,1,3,0079,train
9,1,3,0095,train
9,1,3,0100,train
9,1,3,0106,train
9,1,3,0112,train
9,1,3,0116,train
9,1,3,0117,train
9,1,3,0118,train
9,1,3,0135,train
9,1,3,0139,train
9,1,3,0153,train
9,1,3,0161,train
9,1,3,0178,validation
9,1,3,0202,train
9,1,3,0212,train
9,1,3,0246,train
9,1,3,0248,train
9,1,3,0262,validation
9,1,3,0268,train
9,1,3,0278,validation
9,1,3,0281,train
9,1,3,0283,train
9,1,3,0287,validation
9,1,3,0289,train
9,1,3,0304,train
9,1,3,0306,train
9,1,3,0309,train
9,1,3,0311,train
9,1,3,0323,train
9,1,3,0346,train
9,1,3,0347,train
9,1,3,0369,train
9,1,3,0370,validation
9,1,3,0376,train
9,1,3,0379,train
9,1,3,0409,train
9,1,3,0412,validation
9,1,3,0427,validation
9,1,3,0432,train
9,1,3,0468,train
9,1,3,0498,train
9,1,3,0546,train
9,1,4,0003,train
9,1,4,0008,train
9,1,4,0009,train
9,1,4,0014,train
9,1,4,0027,train
9,1,4,0029,train
9,1,4,0033,validation
9,1,4,0037,train
9,1,4,0038,train
9,1,4,0041,train
9,1,4,0053,train
9,1,4,0054,train
9,1,4,0063,train
9,1,4,0069,train
9,1,4,0079,validation
9,1,4,0095,train
9,1,4,0100,train
9,1,4,0106,train
9,1,4,0112,train
9,1,4,0116,validation
9,1,4,0117,train
9,1,4,0118,train
9,1,4,0135,validation
9,1,4,0139,validation
9,1,4,0153,train
9,1,4,0161,train
9,1,4,0178,train
9,1,4,0202,train
9,1,4,0212,train
9,1,4,0246,train
9,1,4,0248,train
9,1,4,0262,train
9,1,4,0268,train
9,1,4,0278,train
9,1,4,0281,train
9,1,4,0283,validation
9,1,4,0287,train
9,1,4,0289,train
9,1,4,0304,train
9,1,4,0306,train
9,1,4,0309,validation
9,1,4,0311,train
9,1,4,0323,train
9,1,4,0346,train
9,1,4,0347,train
9,1,4,0369,validation
9,1,4,0370,train
9,1,4,0376,validation
9,1,4,0379,train
9,1,4,0409,train
9,1,4,0412,train
9,1,4,0427,train
9,1,4,0432,train
9,1,4,0468,validation
9,1,4,0498,validation
9,1,4,0546,train
9,1,5,0003,validation
9,1,5,0008,train
9,1,5,0009,train
9,1,5,0014,train
9,1,5,0027,validation
9,1,5,0029,train
9,1,5,0033,train
9,1,5,0037,train
9,1,5,0038,train
9,1,5,0041,train
9,1,5,0053,train
9,1,5,0054,train
9,1,5,0063,train
9,1,5,0069,train
9,1,5,0079,train
9,1,5,0095,train
9,1,5,0100,train
9,1,5,0106,validation
9,1,5,0112,validation
9,1,5,0116,train
9,1,5,0117,train
9,1,5,0118,train
9,1,5,0135,train
9,1,5,0139,train
9,1,5,0153,train
9,1,5,0161,train
9,1,5,0178,train
9,1,5,0202,validation
9,1,5,0212,train
9,1,5,0246,train
9,1,5,0248,train
9,1,5,0262,train
9,1,5,0268,validation
9,1,5,0278,train
9,1,5,0281,validation
9,1,5,0283,train
9,1,5,0287,train
9,1,5,0289,train
9,1,5,0304,train
9,1,5,0306,train
9,1,5,0309,train
9,1,5,0311,validation
9,1,5,0323,train
9,1,5,0346,validation
9,1,5,0347,train
9,1,5,0369,train
9,1,5,0370,train
9,1,5,0376,train
9,1,5,0379,validation
9,1,5,0409,train
9,1,5,0412,train
9,1,5,0427,train
9,1,5,0432,train
9,1,5,0468,train
9,1,5,0498,train
9,1,5,0546,train
9,2,1,0003,train
9,2,1,0008,train
9,2,1,0009,validation
9,2,1,0014,validation
9,2,1,0027,train
9,2,1,0033,train
9,2,1,0038,train
9,2,1,0041,train
9,2,1,0046,train
9,2,1,0053,train
9,2,1,0054,validation
9,2,1,0069,validation
9,2,1,0079,train
9,2,1,0089,train
9,2,1,0095,train
9,2,1,0100,train
9,2,1,0106,train
9,2,1,0112,train
9,2,1,0118,train
9,2,1,0135,train
9,2,1,0139,train
9,2,1,0144,train
9,2,1,0153,train
9,2,1,0161,train
9,2,1,0170,validation
9,2,1,0178,validation
9,2,1,0202,train
9,2,1,0227,train
9,2,1,0242,train
9,2,1,0246,train
9,2,1,0248,train
9,2,1,0256,train
9,2,1,0268,train
9,2,1,0273,validation
9,2,1,0278,train
9,2,1,0283,train
9,2,1,0289,train
9,2,1,0296,train
9,2,1,0306,train
9,2,1,0309,validation
9,2,1,0311,train
9,2,1,0322,validation
9,2,1,0323,train
9,2,1,0330,train
9,2,1,0346,train
9,2,1,0376,train
9,2,1,0379,train
9,2,1,0384,validation
9,2,1,0399,train
9,2,1,0406,validation
9,2,1,0409,train
9,2,1,0412,train
9,2,1,0427,validation
9,2,1,0432,train
9,2,1,0459,train
9,2,1,0468,train
9,2,1,0546,train
9,2,2,0003,train
9,2,2,0008,train
9,2,2,0009,train
9,2,2,0014,train
9,2,2,0027,train
9,2,2,0033,train
9,2,2,0038,validation
9,2,2,0041,train
9,2,2,0046,train
9,2,2,0053,train
9,2,2,0054,train
9,2,2,0069,train
9,2,2,0079,validation
9,2,2,0089,validation
9,2,2,0095,train
9,2,2,0100,validation
9,2,2,0106,train
9,2,2,0112,validation
9,2,2,0118,validation
9,2,2,0135,validation
9,2,2,0139,train
9,2,2,0144,train
9,2,2,0153,train
9,2,2,0161,train
9,2,2,0170,train
9,2,2,0178,train
9,2,2,0202,train
9,2,2,0227,train
9,2,2,0242,train
9,2,2,0246,train
9,2,2,0248,validation
9,2,2,0256,train
9,2,2,0268,train
9,2,2,0273,train
9,2,2,0278,train
9,2,2,0283,train
9,2,2,0289,train
9,2,2,0296,train
9,2,2,0306,train
9,2,2,0309,train
9,2,2,0311,train
9,2,2,0322,train
9,2,2,0323,train
9,2,2,0330,train
9,2,2,0346,validation
9,2,2,0376,train
9,2,2,0379,train
9,2,2,0384,train
9,2,2,0399,train
9,2,2,0406,train
9,2,2,0409,train
9,2,2,0412,validation
9,2,2,0427,train
9,2,2,0432,validation
9,2,2,0459,train
9,2,2,0468,train
9,2,2,0546,validation
9,2,3,0003,train
9,2,3,0008,train
9,2,3,0009,train
9,2,3,0014,train
9,2,3,0027,train
9,2,3,0033,train
9,2,3,0038,train
9,2,3,0041,validation
9,2,3,0046,validation
9,2,3,0053,train
9,2,3,0054,train
9,2,3,0069,train
9,2,3,0079,train
9,2,3,0089,train
9,2,3,0095,train
9,2,3,0100,train
9,2,3,0106,validation
9,2,3,0112,train
9,2,3,0118,train
9,2,3,0135,train
9,2,3,0139,train
9,2,3,0144,train
9,2,3,0153,train
9,2,3,0161,train
9,2,3,0170,train
9,2,3,0178,train
9,2,3,0202,train
9,2,3,0227,train
9,2,3,0242,train
9,2,3,0246,train
9,2,3,0248,train
9,2,3,0256,train
9,2,3,0268,train
9,2,3,0273,train
9,2,3,0278,validation
9,2,3,0283,train
9,2,3,0289,validation
9,2,3,0296,validation
9,2,3,0306,validation
9,2,3,0309,train
9,2,3,0311,train
9,2,3,0322,train
9,2,3,0323,train
9,2,3,0330,train
9,2,3,0346,train
9,2,3,0376,validation
9,2,3,0379,validation
9,2,3,0384,train
9,2,3,0399,train
9,2,3,0406,train
9,2,3,0409,validation
9,2,3,0412,train
9,2,3,0427,train
9,2,3,0432,train
9,2,3,0459,validation
9,2,3,0468,train
9,2,3,0546,train
9,2,4,0003,validation
9,2,4,0008,train
9,2,4,0009,train
9,2,4,0014,train
9,2,4,0027,validation
9,2,4,0033,train
9,2,4,0038,train
9,2,4,0041,train
9,2,4,0046,train
9,2,4,0053,train
9,2,4,0054,train
9,2,4,0069,train
9,2,4,0079,train
9,2,4,0089,train
9,2,4,0095,train
9,2,4,0100,train
9,2,4,0106,train
9,2,4,0112,train
9,2,4,0118,train
9,2,4,0135,train
9,2,4,0139,validation
9,2,4,0144,train
9,2,4,0153,validation
9,2,4,0161,train
9,2,4,0170,train
9,2,4,0178,train
9,2,4,0202,validation
9,2,4,0227,validation
9,2,4,0242,validation
9,2,4,0246,train
9,2,4,0248,train
9,2,4,0256,train
9,2,4,0268,validation
9,2,4,0273,train
9,2,4,0278,train
9,2,4,0283,validation
9,2,4,0289,train
9,2,4,0296,train
9,2,4,0306,train
9,2,4,0309,train
9,2,4,0311,validation
9,2,4,0322,train
9,2,4,0323,validation
9,2,4,0330,train
9,2,4,0346,train
9,2,4,0376,train
9,2,4,0379,train
9,2,4,0384,train
9,2,4,0399,train
9,2,4,0406,train
9,2,4,0409,train
9,2,4,0412,train
9,2,4,0427,train
9,2,4,0432,train
9,2,4,0459,train
9,2,4,0468,train
9,2,4,0546,train
9,2,5,0003,train
9,2,5,0008,validation
9,2,5,0009,train
9,2,5,0014,train
9,2,5,0027,train
9,2,5,0033,validation
9,2,5,0038,train
9,2,5,0041,train
9,2,5,0046,train
9,2,5,0053,validation
9,2,5,0054,train
9,2,5,0069,train
9,2,5,0079,train
9,2,5,0089,train
9,2,5,0095,validation
9,2,5,0100,train
9,2,5,0106,train
9,2,5,0112,train
9,2,5,0118,train
9,2,5,0135,train
9,2,5,0139,train
9,2,5,0144,validation
9,2,5,0153,train
9,2,5,0161,validation
9,2,5,0170,train
9,2,5,0178,train
9,2,5,0202,train
9,2,5,0227,train
9,2,5,0242,train
9,2,5,0246,validation
9,2,5,0248,train
9,2,5,0256,validation
9,2,5,0268,train
9,2,5,0273,train
9,2,5,0278,train
9,2,5,0283,train
9,2,5,0289,train
9,2,5,0296,train
9,2,5,0306,train
9,2,5,0309,train
9,2,5,0311,train
9,2,5,0322,train
9,2,5,0323,train
9,2,5,0330,validation
9,2,5,0346,train
9,2,5,0376,train
9,2,5,0379,train
9,2,5,0384,train
9,2,5,0399,validation
9,2,5,0406,train
9,2,5,0409,train
9,2,5,0412,train
9,2,5,0427,train
9,2,5,0432,train
9,2,5,0459,train
9,2,5,0468,validation
9,2,5,0546,train
9,3,1,0003,train
9,3,1,0009,validation
9,3,1,0014,train
9,3,1,0029,train
9,3,1,0037,train
9,3,1,0038,train
9,3,1,0046,train
9,3,1,0053,train
9,3,1,0054,train
9,3,1,0063,train
9,3,1,0089,train
9,3,1,0095,train
9,3,1,0100,validation
9,3,1,0106,validation
9,3,1,0112,train
9,3,1,0116,validation
9,3,1,0117,train
9,3,1,0118,train
9,3,1,0139,train
9,3,1,0144,train
9,3,1,0161,train
9,3,1,0170,train
9,3,1,0202,train
9,3,1,0212,train
9,3,1,0227,train
9,3,1,0242,train
9,3,1,0246,validation
9,3,1,0248,validation
9,3,1,0256,train
9,3,1,0262,train
9,3,1,0273,train
9,3,1,0278,train
9,3,1,0281,train
9,3,1,0283,train
9,3,1,0287,train
9,3,1,0296,train
9,3,1,0304,train
9,3,1,0306,train
9,3,1,0309,train
9,3,1,0322,train
9,3,1,0323,train
9,3,1,0330,train
9,3,1,0346,train
9,3,1,0347,train
9,3,1,0369,validation
9,3,1,0370,validation
9,3,1,0376,train
9,3,1,0379,validation
9,3,1,0384,train
9,3,1,0399,validation
9,3,1,0406,train
9,3,1,0409,train
9,3,1,0427,train
9,3,1,0432,train
9,3,1,0459,validation
9,3,1,0468,validation
9,3,1,0498,train
9,3,2,0003,train
9,3,2,0009,train
9,3,2,0014,train
9,3,2,0029,train
9,3,2,0037,train
9,3,2,0038,train
9,3,2,0046,train
9,3,2,0053,train
9,3,2,0054,train
9,3,2,0063,train
9,3,2,0089,train
9,3,2,0095,validation
9,3,2,0100,train
9,3,2,0106,train
9,3,2,0112,validation
9,3,2,0116,train
9,3,2,0117,train
9,3,2,0118,train
9,3,2,0139,train
9,3,2,0144,validation
9,3,2,0161,validation
9,3,2,0170,train
9,3,2,0202,train
9,3,2,0212,validation
9,3,2,0227,validation
9,3,2,0242,train
9,3,2,0246,train
9,3,2,0248,train
9,3,2,0256,validation
9,3,2,0262,train
9,3,2,0273,train
9,3,2,0278,train
9,3,2,0281,train
9,3,2,0283,train
9,3,2,0287,train
9,3,2,0296,train
9,3,2,0304,train
9,3,2,0306,train
9,3,2,0309,validation
9,3,2,0322,validation
9,3,2,0323,train
9,3,2,0330,train
9,3,2,0346,validation
9,3,2,0347,train
9,3,2,0369,train
9,3,2,0370,train
9,3,2,0376,train
9,3,2,0379,train
9,3,2,0384,validation
9,3,2,0399,train
9,3,2,0406,train
9,3,2,0409,train
9,3,2,0427,validation
9,3,2,0432,train
9,3,2,0459,train
9,3,2,0468,train
9,3,2,0498,train
9,3,3,0003,train
9,3,3,0009,train
9,3,3,0014,train
9,3,3,0029,validation
9,3,3,0037,train
9,3,3,0038,validation
9,3,3,0046,train
9,3,3,0053,train
9,3,3,0054,train
9,3,3,0063,train
9,3,3,0089,train
9,3,3,0095,train
9,3,3,0100,train
9,3,3,0106,train
9,3,3,0112,train
9,3,3,0116,train
9,3,3,0117,train
9,3,3,0118,validation
9,3,3,0139,train
9,3,3,0144,train
9,3,3,0161,train
9,3,3,0170,validation
9,3,3,0202,train
9,3,3,0212,train
9,3,3,0227,train
9,3,3,0242,train
9,3,3,0246,train
9,3,3,0248,train
9,3,3,0256,train
9,3,3,0262,validation
9,3,3,0273,validation
9,3,3,0278,train
9,3,3,0281,validation
9,3,3,0283,train
9,3,3,0287,train
9,3,3,0296,train
9,3,3,0304,train
9,3,3,0306,train
9,3,3,0309,train
9,3,3,0322,train
9,3,3,0323,train
9,3,3,0330,train
9,3,3,0346,train
9,3,3,0347,validation
9,3,3,0369,train
9,3,3,0370,train
9,3,3,0376,validation
9,3,3,0379,train
9,3,3,0384,train
9,3,3,0399,train
9,3,3,0406,validation
9,3,3,0409,train
9,3,3,0427,train
9,3,3,0432,validation
9,3,3,0459,train
9,3,3,0468,train
9,3,3,0498,train
9,3,4,0003,validation
9,3,4,0009,train
9,3,4,0014,validation
9,3,4,0029,train
9,3,4,0037,train
9,3,4,0038,train
9,3,4,0046,train
9,3,4,0053,validation
9,3,4,0054,train
9,3,4,0063,validation
9,3,4,0089,train
9,3,4,0095,train
9,3,4,0100,train
9,3,4,0106,train
9,3,4,0112,train
9,3,4,0116,train
9,3,4,0117,validation
9,3,4,0118,train
9,3,4,0139,train
9,3,4,0144,train
9,3,4,0161,train
9,3,4,0170,train
9,3,4,0202,train
9,3,4,0212,train
9,3,4,0227,train
9,3,4,0242,validation
9,3,4,0246,train
9,3,4,0248,train
9,3,4,0256,train
9,3,4,0262,train
9,3,4,0273,train
9,3,4,0278,train
9,3,4,0281,train
9,3,4,0283,validation
9,3,4,0287,train
9,3,4,0296,train
9,3,4,0304,validation
9,3,4,0306,validation
9,3,4,0309,train
9,3,4,0322,train
9,3,4,0323,train
9,3,4,0330,train
9,3,4,0346,train
9,3,4,0347,train
9,3,4,0369,train
9,3,4,0370,train
9,3,4,0376,train
9,3,4,0379,train
9,3,4,0384,train
9,3,4,0399,train
9,3,4,0406,train
9,3,4,0409,validation
9,3,4,0427,train
9,3,4,0432,train
9,3,4,0459,train
9,3,4,0468,train
9,3,4,0498,validation
9,3,5,0003,train
9,3,5,0009,train
9,3,5,0014,train
9,3,5,0029,train
9,3,5,0037,validation
9,3,5,0038,train
9,3,5,0046,validation
9,3,5,0053,train
9,3,5,0054,validation
9,3,5,0063,train
9,3,5,0089,validation
9,3,5,0095,train
9,3,5,0100,train
9,3,5,0106,train
9,3,5,0112,train
9,3,5,0116,train
9,3,5,0117,train
9,3,5,0118,train
9,3,5,0139,validation
9,3,5,0144,train
9,3,5,0161,train
9,3,5,0170,train
9,3,5,0202,validation
9,3,5,0212,train
9,3,5,0227,train
9,3,5,0242,train
9,3,5,0246,train
9,3,5,0248,train
9,3,5,0256,train
9,3,5,0262,train
9,3,5,0273,train
9,3,5,0278,validation
9,3,5,0281,train
9,3,5,0283,train
9,3,5,0287,validation
9,3,5,0296,validation
9,3,5,0304,train
9,3,5,0306,train
9,3,5,0309,train
9,3,5,0322,train
9,3,5,0323,validation
9,3,5,0330,validation
9,3,5,0346,train
9,3,5,0347,train
9,3,5,0369,train
9,3,5,0370,train
9,3,5,0376,train
9,3,5,0379,train
9,3,5,0384,train
9,3,5,0399,train
9,3,5,0406,train
9,3,5,0409,train
9,3,5,0427,train
9,3,5,0432,train
9,3,5,0459,train
9,3,5,0468,train
9,3,5,0498,train
9,4,1,0003,train
9,4,1,0008,train
9,4,1,0027,validation
9,4,1,0029,train
9,4,1,0033,train
9,4,1,0037,train
9,4,1,0041,train
9,4,1,0046,train
9,4,1,0063,validation
9,4,1,0069,train
9,4,1,0079,train
9,4,1,0089,train
9,4,1,0095,validation
9,4,1,0100,train
9,4,1,0112,validation
9,4,1,0116,train
9,4,1,0117,train
9,4,1,0118,train
9,4,1,0135,train
9,4,1,0144,train
9,4,1,0153,train
9,4,1,0161,train
9,4,1,0170,train
9,4,1,0178,validation
9,4,1,0202,train
9,4,1,0212,train
9,4,1,0227,train
9,4,1,0242,validation
9,4,1,0246,train
9,4,1,0256,train
9,4,1,0262,train
9,4,1,0268,train
9,4,1,0273,validation
9,4,1,0278,train
9,4,1,0281,validation
9,4,1,0287,train
9,4,1,0289,train
9,4,1,0296,train
9,4,1,0304,train
9,4,1,0306,train
9,4,1,0311,train
9,4,1,0322,train
9,4,1,0323,train
9,4,1,0330,train
9,4,1,0347,validation
9,4,1,0369,train
9,4,1,0370,train
9,4,1,0376,validation
9,4,1,0379,train
9,4,1,0384,train
9,4,1,0399,train
9,4,1,0406,train
9,4,1,0409,validation
9,4,1,0412,validation
9,4,1,0459,train
9,4,1,0498,train
9,4,1,0546,train
9,4,2,0003,train
9,4,2,0008,train
9,4,2,0027,train
9,4,2,0029,train
9,4,2,0033,train
9,4,2,0037,train
9,4,2,0041,train
9,4,2,0046,validation
9,4,2,0063,train
9,4,2,0069,validation
9,4,2,0079,validation
9,4,2,0089,validation
9,4,2,0095,train
9,4,2,0100,train
9,4,2,0112,train
9,4,2,0116,train
9,4,2,0117,validation
9,4,2,0118,train
9,4,2,0135,train
9,4,2,0144,train
9,4,2,0153,train
9,4,2,0161,validation
9,4,2,0170,validation
9,4,2,0178,train
9,4,2,0202,validation
9,4,2,0212,train
9,4,2,0227,train
9,4,2,0242,train
9,4,2,0246,train
9,4,2,0256,train
9,4,2,0262,train
9,4,2,0268,train
9,4,2,0273,train
9,4,2,0278,train
9,4,2,0281,train
9,4,2,0287,validation
9,4,2,0289,train
9,4,2,0296,train
9,4,2,0304,train
9,4,2,0306,train
9,4,2,0311,train
9,4,2,0322,train
9,4,2,0323,train
9,4,2,0330,validation
9,4,2,0347,train
9,4,2,0369,train
9,4,2,0370,train
9,4,2,0376,train
9,4,2,0379,train
9,4,2,0384,train
9,4,2,0399,train
9,4,2,0406,validation
9,4,2,0409,train
9,4,2,0412,train
9,4,2,0459,train
9,4,2,0498,train
9,4,2,0546,validation
9,4,3,0003,train
9,4,3,0008,validation
9,4,3,0027,train
9,4,3,0029,train
9,4,3,0033,train
9,4,3,0037,validation
9,4,3,0041,validation
9,4,3,0046,train
9,4,3,0063,train
9,4,3,0069,train
9,4,3,0079,train
9,4,3,0089,train
9,4,3,0095,train
9,4,3,0100,validation
9,4,3,0112,train
9,4,3,0116,train
9,4,3,0117,train
9,4,3,0118,train
9,4,3,0135,train
9,4,3,0144,validation
9,4,3,0153,validation
9,4,3,0161,train
9,4,3,0170,train
9,4,3,0178,train
9,4,3,0202,train
9,4,3,0212,train
9,4,3,0227,train
9,4,3,0242,train
9,4,3,0246,train
9,4,3,0256,train
9,4,3,0262,validation
9,4,3,0268,validation
9,4,3,0273,train
9,4,3,0278,train
9,4,3,0281,train
9,4,3,0287,train
9,4,3,0289,train
9,4,3,0296,validation
9,4,3,0304,train
9,4,3,0306,validation
9,4,3,0311,train
9,4,3,0322,train
9,4,3,0323,train
9,4,3,0330,train
9,4,3,0347,train
9,4,3,0369,train
9,4,3,0370,train
9,4,3,0376,train
9,4,3,0379,train
9,4,3,0384,train
9,4,3,0399,validation
9,4,3,0406,train
9,4,3,0409,train
9,4,3,0412,train
9,4,3,0459,train
9,4,3,0498,train
9,4,3,0546,train
9,4,4,0003,validation
9,4,4,0008,train
9,4,4,0027,train
9,4,4,0029,validation
9,4,4,0033,train
9,4,4,0037,train
9,4,4,0041,train
9,4,4,0046,train
9,4,4,0063,train
9,4,4,0069,train
9,4,4,0079,train
9,4,4,0089,train
9,4,4,0095,train
9,4,4,0100,train
9,4,4,0112,train
9,4,4,0116,validation
9,4,4,0117,train
9,4,4,0118,validation
9,4,4,0135,train
9,4,4,0144,train
9,4,4,0153,train
9,4,4,0161,train
9,4,4,0170,train
9,4,4,0178,train
9,4,4,0202,train
9,4,4,0212,train
9,4,4,0227,validation
9,4,4,0242,train
9,4,4,0246,train
9,4,4,0256,train
9,4,4,0262,train
9,4,4,0268,train
9,4,4,0273,train
9,4,4,0278,train
9,4,4,0281,train
9,4,4,0287,train
9,4,4,0289,train
9,4,4,0296,train
9,4,4,0304,validation
9,4,4,0306,train
9,4,4,0311,validation
9,4,4,0322,validation
9,4,4,0323,train
9,4,4,0330,train
9,4,4,0347,train
9,4,4,0369,train
9,4,4,0370,train
9,4,4,0376,train
9,4,4,0379,validation
9,4,4,0384,validation
9,4,4,0399,train
9,4,4,0406,train
9,4,4,0409,train
9,4,4,0412,train
9,4,4,0459,train
9,4,4,0498,validation
9,4,4,0546,train
9,4,5,0003,train
9,4,5,0008,train
9,4,5,0027,train
9,4,5,0029,train
9,4,5,0033,validation
9,4,5,0037,train
9,4,5,0041,train
9,4,5,0046,train
9,4,5,0063,train
9,4,5,0069,train
9,4,5,0079,train
9,4,5,0089,train
9,4,5,0095,train
9,4,5,0100,train
9,4,5,0112,train
9,4,5,0116,train
9,4,5,0117,train
9,4,5,0118,train
9,4,5,0135,validation
9,4,5,0144,train
9,4,5,0153,train
9,4,5,0161,train
9,4,5,0170,train
9,4,5,0178,train
9,4,5,0202,train
9,4,5,0212,validation
9,4,5,0227,train
9,4,5,0242,train
9,4,5,0246,validation
9,4,5,0256,validation
9,4,5,0262,train
9,4,5,0268,train
9,4,5,0273,train
9,4,5,0278,validation
9,4,5,0281,train
9,4,5,0287,train
9,4,5,0289,validation
9,4,5,0296,train
9,4,5,0304,train
9,4,5,0306,train
9,4,5,0311,train
9,4,5,0322,train
9,4,5,0323,validation
9,4,5,0330,train
9,4,5,0347,train
9,4,5,0369,validation
9,4,5,0370,validation
9,4,5,0376,train
9,4,5,0379,train
9,4,5,0384,train
9,4,5,0399,train
9,4,5,0406,train
9,4,5,0409,train
9,4,5,0412,train
9,4,5,0459,validation
9,4,5,0498,train
9,4,5,0546,train
9,5,1,0008,validation
9,5,1,0009,train
9,5,1,0014,train
9,5,1,0027,train
9,5,1,0029,validation
9,5,1,0033,train
9,5,1,0037,train
9,5,1,0038,train
9,5,1,0041,train
9,5,1,0046,validation
9,5,1,0053,train
9,5,1,0054,validation
9,5,1,0063,validation
9,5,1,0069,train
9,5,1,0079,train
9,5,1,0089,train
9,5,1,0106,validation
9,5,1,0116,train
9,5,1,0117,train
9,5,1,0135,validation
9,5,1,0139,train
9,5,1,0144,train
9,5,1,0153,validation
9,5,1,0170,train
9,5,1,0178,validation
9,5,1,0212,train
9,5,1,0227,train
9,5,1,0242,train
9,5,1,0248,train
9,5,1,0256,train
9,5,1,0262,train
9,5,1,0268,train
9,5,1,0273,train
9,5,1,0281,train
9,5,1,0283,train
9,5,1,0287,train
9,5,1,0289,train
9,5,1,0296,validation
9,5,1,0304,train
9,5,1,0309,train
9,5,1,0311,train
9,5,1,0322,train
9,5,1,0330,train
9,5,1,0346,train
9,5,1,0347,train
9,5,1,0369,train
9,5,1,0370,train
9,5,1,0384,train
9,5,1,0399,train
9,5,1,0406,train
9,5,1,0412,train
9,5,1,0427,validation
9,5,1,0432,train
9,5,1,0459,train
9,5,1,0468,validation
9,5,1,0498,train
9,5,1,0546,train
9,5,2,0008,train
9,5,2,0009,validation
9,5,2,0014,train
9,5,2,0027,train
9,5,2,0029,train
9,5,2,0033,train
9,5,2,0037,train
9,5,2,0038,validation
9,5,2,0041,validation
9,5,2,0046,train
9,5,2,0053,validation
9,5,2,0054,train
9,5,2,0063,train
9,5,2,0069,train
9,5,2,0079,validation
9,5,2,0089,train
9,5,2,0106,train
9,5,2,0116,train
9,5,2,0117,train
9,5,2,0135,train
9,5,2,0139,train
9,5,2,0144,train
9,5,2,0153,train
9,5,2,0170,train
9,5,2,0178,train
9,5,2,0212,train
9,5,2,0227,train
9,5,2,0242,validation
9,5,2,0248,train
9,5,2,0256,train
9,5,2,0262,validation
9,5,2,0268,train
9,5,2,0273,train
9,5,2,0281,train
9,5,2,0283,validation
9,5,2,0287,validation
9,5,2,0289,train
9,5,2,0296,train
9,5,2,0304,train
9,5,2,0309,train
9,5,2,0311,train
9,5,2,0322,train
9,5,2,0330,train
9,5,2,0346,train
9,5,2,0347,train
9,5,2,0369,train
9,5,2,0370,train
9,5,2,0384,validation
9,5,2,0399,train
9,5,2,0406,train
9,5,2,0412,train
9,5,2,0427,train
9,5,2,0432,train
9,5,2,0459,validation
9,5,2,0468,train
9,5,2,0498,validation
9,5,2,0546,train
9,5,3,0008,train
9,5,3,0009,train
9,5,3,0014,train
9,5,3,0027,train
9,5,3,0029,train
9,5,3,0033,train
9,5,3,0037,train
9,5,3,0038,train
9,5,3,0041,train
9,5,3,0046,train
9,5,3,0053,train
9,5,3,0054,train
9,5,3,0063,train
9,5,3,0069,validation
9,5,3,0079,train
9,5,3,0089,train
9,5,3,0106,train
9,5,3,0116,train
9,5,3,0117,train
9,5,3,0135,train
9,5,3,0139,train
9,5,3,0144,train
9,5,3,0153,train
9,5,3,0170,train
9,5,3,0178,train
9,5,3,0212,train
9,5,3,0227,train
9,5,3,0242,train
9,5,3,0248,validation
9,5,3,0256,validation
9,5,3,0262,train
9,5,3,0268,train
9,5,3,0273,train
9,5,3,0281,train
9,5,3,0283,train
9,5,3,0287,train
9,5,3,0289,train
9,5,3,0296,train
9,5,3,0304,validation
9,5,3,0309,validation
9,5,3,0311,train
9,5,3,0322,train
9,5,3,0330,train
9,5,3,0346,validation
9,5,3,0347,validation
9,5,3,0369,train
9,5,3,0370,validation
9,5,3,0384,train
9,5,3,0399,train
9,5,3,0406,validation
9,5,3,0412,validation
9,5,3,0427,train
9,5,3,0432,train
9,5,3,0459,train
9,5,3,0468,train
9,5,3,0498,train
9,5,3,0546,validation
9,5,4,0008,train
9,5,4,0009,train
9,5,4,0014,train
9,5,4,0027,validation
9,5,4,0029,train
9,5,4,0033,validation
9,5,4,0037,train
9,5,4,0038,train
9,5,4,0041,train
9,5,4,0046,train
9,5,4,0053,train
9,5,4,0054,train
9,5,4,0063,train
9,5,4,0069,train
9,5,4,0079,train
9,5,4,0089,train
9,5,4,0106,train
9,5,4,0116,train
9,5,4,0117,validation
9,5,4,0135,train
9,5,4,0139,train
9,5,4,0144,validation
9,5,4,0153,train
9,5,4,0170,train
9,5,4,0178,train
9,5,4,0212,train
9,5,4,0227,validation
9,5,4,0242,train
9,5,4,0248,train
9,5,4,0256,train
9,5,4,0262,train
9,5,4,0268,validation
9,5,4,0273,validation
9,5,4,0281,train
9,5,4,0283,train
9,5,4,0287,train
9,5,4,0289,validation
9,5,4,0296,train
9,5,4,0304,train
9,5,4,0309,train
9,5,4,0311,validation
9,5,4,0322,train
9,5,4,0330,train
9,5,4,0346,train
9,5,4,0347,train
9,5,4,0369,validation
9,5,4,0370,train
9,5,4,0384,train
9,5,4,0399,train
9,5,4,0406,train
9,5,4,0412,train
9,5,4,0427,train
9,5,4,0432,validation
9,5,4,0459,train
9,5,4,0468,train
9,5,4,0498,train
9,5,4,0546,train
9,5,5,0008,train
9,5,5,0009,train
9,5,5,0014,validation
9,5,5,0027,train
9,5,5,0029,train
9,5,5,0033,train
9,5,5,0037,validation
9,5,5,0038,train
9,5,5,0041,train
9,5,5,0046,train
9,5,5,0053,train
9,5,5,0054,train
9,5,5,0063,train
9,5,5,0069,train
9,5,5,0079,train
9,5,5,0089,validation
9,5,5,0106,train
9,5,5,0116,validation
9,5,5,0117,train
9,5,5,0135,train
9,5,5,0139,validation
9,5,5,0144,train
9,5,5,0153,train
9,5,5,0170,validation
9,5,5,0178,train
9,5,5,0212,validation
9,5,5,0227,train
9,5,5,0242,train
9,5,5,0248,train
9,5,5,0256,train
9,5,5,0262,train
9,5,5,0268,train
9,5,5,0273,train
9,5,5,0281,validation
9,5,5,0283,train
9,5,5,0287,train
9,5,5,0289,train
9,5,5,0296,train
9,5,5,0304,train
9,5,5,0309,train
9,5,5,0311,train
9,5,5,0322,validation
9,5,5,0330,validation
9,5,5,0346,train
9,5,5,0347,train
9,5,5,0369,train
9,5,5,0370,train
9,5,5,0384,train
9,5,5,0399,validation
9,5,5,0406,train
9,5,5,0412,train
9,5,5,0427,train
9,5,5,0432,train
9,5,5,0459,train
9,5,5,0468,train
9,5,5,0498,train
9,5,5,0546,train
10,1,1,0003,train
10,1,1,0008,train
10,1,1,0009,train
10,1,1,0014,train
10,1,1,0027,train
10,1,1,0029,validation
10,1,1,0033,validation
10,1,1,0037,train
10,1,1,0038,train
10,1,1,0041,validation
10,1,1,0046,validation
10,1,1,0053,train
10,1,1,0069,train
10,1,1,0079,validation
10,1,1,0089,train
10,1,1,0095,train
10,1,1,0100,train
10,1,1,0112,train
10,1,1,0116,train
10,1,1,0117,train
10,1,1,0118,train
10,1,1,0135,train
10,1,1,0139,validation
10,1,1,0153,train
10,1,1,0161,train
10,1,1,0170,validation
10,1,1,0178,train
10,1,1,0202,train
10,1,1,0212,train
10,1,1,0227,validation
10,1,1,0242,train
10,1,1,0246,train
10,1,1,0248,train
10,1,1,0256,train
10,1,1,0262,train
10,1,1,0273,train
10,1,1,0278,train
10,1,1,0283,train
10,1,1,0289,train
10,1,1,0296,train
10,1,1,0304,train
10,1,1,0306,train
10,1,1,0311,train
10,1,1,0322,train
10,1,1,0323,train
10,1,1,0330,validation
10,1,1,0346,validation
10,1,1,0347,train
10,1,1,0369,train
10,1,1,0379,train
10,1,1,0406,train
10,1,1,0409,train
10,1,1,0427,validation
10,1,1,0432,validation
10,1,1,0459,train
10,1,1,0546,train
10,1,2,0003,train
10,1,2,0008,validation
10,1,2,0009,validation
10,1,2,0014,train
10,1,2,0027,validation
10,1,2,0029,train
10,1,2,0033,train
10,1,2,0037,validation
10,1,2,0038,validation
10,1,2,0041,train
10,1,2,0046,train
10,1,2,0053,validation
10,1,2,0069,train
10,1,2,0079,train
10,1,2,0089,train
10,1,2,0095,train
10,1,2,0100,train
10,1,2,0112,train
10,1,2,0116,train
10,1,2,0117,train
10,1,2,0118,train
10,1,2,0135,train
10,1,2,0139,train
10,1,2,0153,train
10,1,2,0161,train
10,1,2,0170,train
10,1,2,0178,train
10,1,2,0202,train
10,1,2,0212,validation
10,1,2,0227,train
10,1,2,0242,validation
10,1,2,0246,validation
10,1,2,0248,train
10,1,2,0256,train
10,1,2,0262,train
10,1,2,0273,train
10,1,2,0278,train
10,1,2,0283,train
10,1,2,0289,train
10,1,2,0296,train
10,1,2,0304,validation
10,1,2,0306,train
10,1,2,0311,train
10,1,2,0322,train
10,1,2,0323,train
10,1,2,0330,train
10,1,2,0346,train
10,1,2,0347,validation
10,1,2,0369,train
10,1,2,0379,train
10,1,2,0406,train
10,1,2,0409,train
10,1,2,0427,train
10,1,2,0432,train
10,1,2,0459,train
10,1,2,0546,validation
10,1,3,0003,validation
10,1,3,0008,train
10,1,3,0009,train
10,1,3,0014,validation
10,1,3,0027,train
10,1,3,0029,train
10,1,3,0033,train
10,1,3,0037,train
10,1,3,0038,train
10,1,3,0041,train
10,1,3,0046,train
10,1,3,0053,train
10,1,3,0069,train
10,1,3,0079,train
10,1,3,0089,validation
10,1,3,0095,train
10,1,3,0100,validation
10,1,3,0112,validation
10,1,3,0116,train
10,1,3,0117,validation
10,1,3,0118,train
10,1,3,0135,train
10,1,3,0139,train
10,1,3,0153,validation
10,1,3,0161,train
10,1,3,0170,train
10,1,3,0178,train
10,1,3,0202,train
10,1,3,0212,train
10,1,3,0227,train
10,1,3,0242,train
10,1,3,0246,train
10,1,3,0248,train
10,1,3,0256,train
10,1,3,0262,train
10,1,3,0273,validation
10,1,3,0278,train
10,1,3,0283,train
10,1,3,0289,train
10,1,3,0296,train
10,1,3,0304,train
10,1,3,0306,train
10,1,3,0311,validation
10,1,3,0322,train
10,1,3,0323,train
10,1,3,0330,train
10,1,3,0346,train
10,1,3,0347,train
10,1,3,0369,validation
10,1,3,0379,train
10,1,3,0406,train
10,1,3,0409,validation
10,1,3,0427,train
10,1,3,0432,train
10,1,3,0459,train
10,1,3,0546,train
10,1,4,0003,train
10,1,4,0008,train
10,1,4,0009,train
10,1,4,0014,train
10,1,4,0027,train
10,1,4,0029,train
10,1,4,0033,train
10,1,4,0037,train
10,1,4,0038,train
10,1,4,0041,train
10,1,4,0046,train
10,1,4,0053,train
10,1,4,0069,train
10,1,4,0079,train
10,1,4,0089,train
10,1,4,0095,validation
10,1,4,0100,train
10,1,4,0112,train
10,1,4,0116,train
10,1,4,0117,train
10,1,4,0118,validation
10,1,4,0135,train
10,1,4,0139,train
10,1,4,0153,train
10,1,4,0161,validation
10,1,4,0170,train
10,1,4,0178,validation
10,1,4,0202,train
10,1,4,0212,train
10,1,4,0227,train
10,1,4,0242,train
10,1,4,0246,train
10,1,4,0248,validation
10,1,4,0256,validation
10,1,4,0262,validation
10,1,4,0273,train
10,1,4,0278,train
10,1,4,0283,train
10,1,4,0289,validation
10,1,4,0296,validation
10,1,4,0304,train
10,1,4,0306,validation
10,1,4,0311,train
10,1,4,0322,train
10,1,4,0323,train
10,1,4,0330,train
10,1,4,0346,train
10,1,4,0347,train
10,1,4,0369,train
10,1,4,0379,train
10,1,4,0406,train
10,1,4,0409,train
10,1,4,0427,train
10,1,4,0432,train
10,1,4,0459,validation
10,1,4,0546,train
10,1,5,0003,train
10,1,5,0008,train
10,1,5,0009,train
10,1,5,0014,train
10,1,5,0027,train
10,1,5,0029,train
10,1,5,0033,train
10,1,5,0037,train
10,1,5,0038,train
10,1,5,0041,train
10,1,5,0046,train
10,1,5,0053,train
10,1,5,0069,validation
10,1,5,0079,train
10,1,5,0089,train
10,1,5,0095,train
10,1,5,0100,train
10,1,5,0112,train
10,1,5,0116,validation
10,1,5,0117,train
10,1,5,0118,train
10,1,5,0135,validation
10,1,5,0139,train
10,1,5,0153,train
10,1,5,0161,train
10,1,5,0170,train
10,1,5,0178,train
10,1,5,0202,validation
10,1,5,0212,train
10,1,5,0227,train
10,1,5,0242,train
10,1,5,0246,train
10,1,5,0248,train
10,1,5,0256,train
10,1,5,0262,train
10,1,5,0273,train
10,1,5,0278,validation
10,1,5,0283,validation
10,1,5,0289,train
10,1,5,0296,train
10,1,5,0304,train
10,1,5,0306,train
10,1,5,0311,train
10,1,5,0322,validation
10,1,5,0323,validation
10,1,5,0330,train
10,1,5,0346,train
10,1,5,0347,train
10,1,5,0369,train
10,1,5,0379,validation
10,1,5,0406,validation
10,1,5,0409,train
10,1,5,0427,train
10,1,5,0432,train
10,1,5,0459,train
10,1,5,0546,train
10,2,1,0003,train
10,2,1,0008,train
10,2,1,0009,train
10,2,1,0027,validation
10,2,1,0029,train
10,2,1,0033,train
10,2,1,0037,train
10,2,1,0046,train
10,2,1,0053,train
10,2,1,0054,train
10,2,1,0063,train
10,2,1,0069,train
10,2,1,0079,train
10,2,1,0089,validation
10,2,1,0095,train
10,2,1,0106,train
10,2,1,0112,train
10,2,1,0116,validation
10,2,1,0117,train
10,2,1,0118,train
10,2,1,0135,train
10,2,1,0139,validation
10,2,1,0144,train
10,2,1,0153,validation
10,2,1,0161,train
10,2,1,0202,train
10,2,1,0212,train
10,2,1,0227,train
10,2,1,0248,train
10,2,1,0256,train
10,2,1,0268,train
10,2,1,0273,train
10,2,1,0278,train
10,2,1,0281,train
10,2,1,0283,train
10,2,1,0287,validation
10,2,1,0289,validation
10,2,1,0304,train
10,2,1,0309,train
10,2,1,0311,validation
10,2,1,0322,train
10,2,1,0330,train
10,2,1,0346,train
10,2,1,0347,train
10,2,1,0370,train
10,2,1,0376,validation
10,2,1,0379,train
10,2,1,0384,train
10,2,1,0399,train
10,2,1,0406,train
10,2,1,0409,train
10,2,1,0412,train
10,2,1,0432,train
10,2,1,0459,validation
10,2,1,0468,validation
10,2,1,0498,train
10,2,1,0546,validation
10,2,2,0003,train
10,2,2,0008,train
10,2,2,0009,validation
10,2,2,0027,train
10,2,2,0029,train
10,2,2,0033,train
10,2,2,0037,train
10,2,2,0046,train
10,2,2,0053,validation
10,2,2,0054,validation
10,2,2,0063,train
10,2,2,0069,train
10,2,2,0079,validation
10,2,2,0089,train
10,2,2,0095,train
10,2,2,0106,train
10,2,2,0112,train
10,2,2,0116,train
10,2,2,0117,train
10,2,2,0118,train
10,2,2,0135,validation
10,2,2,0139,train
10,2,2,0144,train
10,2,2,0153,train
10,2,2,0161,train
10,2,2,0202,train
10,2,2,0212,train
10,2,2,0227,train
10,2,2,0248,train
10,2,2,0256,train
10,2,2,0268,train
10,2,2,0273,validation
10,2,2,0278,train
10,2,2,0281,validation
10,2,2,0283,train
10,2,2,0287,train
10,2,2,0289,train
10,2,2,0304,train
10,2,2,0309,validation
10,2,2,0311,train
10,2,2,0322,train
10,2,2,0330,train
10,2,2,0346,train
10,2,2,0347,validation
10,2,2,0370,train
10,2,2,0376,train
10,2,2,0379,train
10,2,2,0384,validation
10,2,2,0399,train
10,2,2,0406,validation
10,2,2,0409,train
10,2,2,0412,train
10,2,2,0432,train
10,2,2,0459,train
10,2,2,0468,train
10,2,2,0498,validation
10,2,2,0546,train
10,2,3,0003,validation
10,2,3,0008,validation
10,2,3,0009,train
10,2,3,0027,train
10,2,3,0029,validation
10,2,3,0033,train
10,2,3,0037,train
10,2,3,0046,validation
10,2,3,0053,train
10,2,3,0054,train
10,2,3,0063,train
10,2,3,0069,validation
10,2,3,0079,train
10,2,3,0089,train
10,2,3,0095,validation
10,2,3,0106,train
10,2,3,0112,train
10,2,3,0116,train
10,2,3,0117,train
10,2,3,0118,train
10,2,3,0135,train
10,2,3,0139,train
10,2,3,0144,train
10,2,3,0153,train
10,2,3,0161,train
10,2,3,0202,validation
10,2,3,0212,train
10,2,3,0227,train
10,2,3,0248,train
10,2,3,0256,train
10,2,3,0268,train
10,2,3,0273,train
10,2,3,0278,train
10,2,3,0281,train
10,2,3,0283,validation
10,2,3,0287,train
10,2,3,0289,train
10,2,3,0304,train
10,2,3,0309,train
10,2,3,0311,train
10,2,3,0322,train
10,2,3,0330,train
10,2,3,0346,train
10,2,3,0347,train
10,2,3,0370,validation
10,2,3,0376,train
10,2,3,0379,train
10,2,3,0384,train
10,2,3,0399,validation
10,2,3,0406,train
10,2,3,0409,train
10,2,3,0412,validation
10,2,3,0432,train
10,2,3,0459,train
10,2,3,0468,train
10,2,3,0498,train
10,2,3,0546,train
10,2,4,0003,train
10,2,4,0008,train
10,2,4,0009,train
10,2,4,0027,train
10,2,4,0029,train
10,2,4,0033,validation
10,2,4,0037,train
10,2,4,0046,train
10,2,4,0053,train
10,2,4,0054,train
10,2,4,0063,train
10,2,4,0069,train
10,2,4,0079,train
10,2,4,0089,train
10,2,4,0095,train
10,2,4,0106,train
10,2,4,0112,train
10,2,4,0116,train
10,2,4,0117,validation
10,2,4,0118,validation
10,2,4,0135,train
10,2,4,0139,train
10,2,4,0144,validation
10,2,4,0153,train
10,2,4,0161,validation
10,2,4,0202,train
10,2,4,0212,validation
10,2,4,0227,validation
10,2,4,0248,train
10,2,4,0256,train
10,2,4,0268,train
10,2,4,0273,train
10,2,4,0278,train
10,2,4,0281,train
10,2,4,0283,train
10,2,4,0287,train
10,2,4,0289,train
10,2,4,0304,validation
10,2,4,0309,train
10,2,4,0311,train
10,2,4,0322,validation
10,2,4,0330,train
10,2,4,0346,validation
10,2,4,0347,train
10,2,4,0370,train
10,2,4,0376,train
10,2,4,0379,train
10,2,4,0384,train
10,2,4,0399,train
10,2,4,0406,train
10,2,4,0409,validation
10,2,4,0412,train
10,2,4,0432,train
10,2,4,0459,train
10,2,4,0468,train
10,2,4,0498,train
10,2,4,0546,train
10,2,5,0003,train
10,2,5,0008,train
10,2,5,0009,train
10,2,5,0027,train
10,2,5,0029,train
10,2,5,0033,train
10,2,5,0037,validation
10,2,5,0046,train
10,2,5,0053,train
10,2,5,0054,train
10,2,5,0063,validation
10,2,5,0069,train
10,2,5,0079,train
10,2,5,0089,train
10,2,5,0095,train
10,2,5,0106,validation
10,2,5,0112,validation
10,2,5,0116,train
10,2,5,0117,train
10,2,5,0118,train
10,2,5,0135,train
10,2,5,0139,train
10,2,5,0144,train
10,2,5,0153,train
10,2,5,0161,train
10,2,5,0202,train
10,2,5,0212,train
10,2,5,0227,train
10,2,5,0248,validation
10,2,5,0256,validation
10,2,5,0268,validation
10,2,5,0273,train
10,2,5,0278,validation
10,2,5,0281,train
10,2,5,0283,train
10,2,5,0287,train
10,2,5,0289,train
10,2,5,0304,train
10,2,5,0309,train
10,2,5,0311,train
10,2,5,0322,train
10,2,5,0330,validation
10,2,5,0346,train
10,2,5,0347,train
10,2,5,0370,train
10,2,5,0376,train
10,2,5,0379,validation
10,2,5,0384,train
10,2,5,0399,train
10,2,5,0406,train
10,2,5,0409,train
10,2,5,0412,train
10,2,5,0432,validation
10,2,5,0459,train
10,2,5,0468,train
10,2,5,0498,train
10,2,5,0546,train
10,3,1,0003,train
10,3,1,0008,train
10,3,1,0009,validation
10,3,1,0014,train
10,3,1,0029,train
10,3,1,0033,train
10,3,1,0037,validation
10,3,1,0038,train
10,3,1,0041,train
10,3,1,0046,train
10,3,1,0054,validation
10,3,1,0063,train
10,3,1,0089,validation
10,3,1,0095,train
10,3,1,0100,train
10,3,1,0106,train
10,3,1,0117,validation
10,3,1,0118,train
10,3,1,0135,train
10,3,1,0139,train
10,3,1,0144,train
10,3,1,0153,train
10,3,1,0161,train
10,3,1,0170,train
10,3,1,0178,train
10,3,1,0202,train
10,3,1,0227,train
10,3,1,0242,train
10,3,1,0246,train
10,3,1,0248,train
10,3,1,0256,train
10,3,1,0262,validation
10,3,1,0268,train
10,3,1,0273,train
10,3,1,0278,train
10,3,1,0281,train
10,3,1,0287,validation
10,3,1,0296,train
10,3,1,0304,train
10,3,1,0306,train
10,3,1,0309,train
10,3,1,0311,train
10,3,1,0323,train
10,3,1,0330,validation
10,3,1,0346,validation
10,3,1,0369,train
10,3,1,0370,train
10,3,1,0376,train
10,3,1,0379,train
10,3,1,0384,validation
10,3,1,0399,train
10,3,1,0409,validation
10,3,1,0412,train
10,3,1,0427,train
10,3,1,0459,train
10,3,1,0468,train
10,3,1,0498,validation
10,3,2,0003,train
10,3,2,0008,train
10,3,2,0009,train
10,3,2,0014,validation
10,3,2,0029,train
10,3,2,0033,train
10,3,2,0037,train
10,3,2,0038,validation
10,3,2,0041,train
10,3,2,0046,train
10,3,2,0054,train
10,3,2,0063,validation
10,3,2,0089,train
10,3,2,0095,validation
10,3,2,0100,train
10,3,2,0106,train
10,3,2,0117,train
10,3,2,0118,train
10,3,2,0135,train
10,3,2,0139,train
10,3,2,0144,train
10,3,2,0153,train
10,3,2,0161,validation
10,3,2,0170,train
10,3,2,0178,train
10,3,2,0202,train
10,3,2,0227,train
10,3,2,0242,validation
10,3,2,0246,train
10,3,2,0248,validation
10,3,2,0256,train
10,3,2,0262,train
10,3,2,0268,validation
10,3,2,0273,train
10,3,2,0278,validation
10,3,2,0281,train
10,3,2,0287,train
10,3,2,0296,train
10,3,2,0304,validation
10,3,2,0306,train
10,3,2,0309,train
10,3,2,0311,train
10,3,2,0323,train
10,3,2,0330,train
10,3,2,0346,train
10,3,2,0369,validation
10,3,2,0370,train
10,3,2,0376,train
10,3,2,0379,train
10,3,2,0384,train
10,3,2,0399,train
10,3,2,0409,train
10,3,2,0412,train
10,3,2,0427,validation
10,3,2,0459,train
10,3,2,0468,train
10,3,2,0498,train
10,3,3,0003,train
10,3,3,0008,train
10,3,3,0009,train
10,3,3,0014,train
10,3,3,0029,train
10,3,3,0033,train
10,3,3,0037,train
10,3,3,0038,train
10,3,3,0041,train
10,3,3,0046,validation
10,3,3,0054,train
10,3,3,0063,train
10,3,3,0089,train
10,3,3,0095,train
10,3,3,0100,validation
10,3,3,0106,validation
10,3,3,0117,train
10,3,3,0118,train
10,3,3,0135,validation
10,3,3,0139,validation
10,3,3,0144,train
10,3,3,0153,train
10,3,3,0161,train
10,3,3,0170,train
10,3,3,0178,train
10,3,3,0202,train
10,3,3,0227,validation
10,3,3,0242,train
10,3,3,0246,train
10,3,3,0248,train
10,3,3,0256,train
10,3,3,0262,train
10,3,3,0268,train
10,3,3,0273,train
10,3,3,0278,train
10,3,3,0281,validation
10,3,3,0287,train
10,3,3,0296,validation
10,3,3,0304,train
10,3,3,0306,train
10,3,3,0309,validation
10,3,3,0311,validation
10,3,3,0323,train
10,3,3,0330,train
10,3,3,0346,train
10,3,3,0369,train
10,3,3,0370,train
10,3,3,0376,train
10,3,3,0379,train
10,3,3,0384,train
10,3,3,0399,train
10,3,3,0409,train
10,3,3,0412,validation
10,3,3,0427,train
10,3,3,0459,train
10,3,3,0468,train
10,3,3,0498,train
10,3,4,0003,validation
10,3,4,0008,train
10,3,4,0009,train
10,3,4,0014,train
10,3,4,0029,validation
10,3,4,0033,train
10,3,4,0037,train
10,3,4,0038,train
10,3,4,0041,validation
10,3,4,0046,train
10,3,4,0054,train
10,3,4,0063,train
10,3,4,0089,train
10,3,4,0095,train
10,3,4,0100,train
10,3,4,0106,train
10,3,4,0117,train
10,3,4,0118,train
10,3,4,0135,train
10,3,4,0139,train
10,3,4,0144,validation
10,3,4,0153,train
10,3,4,0161,train
10,3,4,0170,validation
10,3,4,0178,validation
10,3,4,0202,validation
10,3,4,0227,train
10,3,4,0242,train
10,3,4,0246,train
10,3,4,0248,train
10,3,4,0256,train
10,3,4,0262,train
10,3,4,0268,train
10,3,4,0273,train
10,3,4,0278,train
10,3,4,0281,train
10,3,4,0287,train
10,3,4,0296,train
10,3,4,0304,train
10,3,4,0306,validation
10,3,4,0309,train
10,3,4,0311,train
10,3,4,0323,validation
10,3,4,0330,train
10,3,4,0346,train
10,3,4,0369,train
10,3,4,0370,validation
10,3,4,0376,validation
10,3,4,0379,train
10,3,4,0384,train
10,3,4,0399,train
10,3,4,0409,train
10,3,4,0412,train
10,3,4,0427,train
10,3,4,0459,train
10,3,4,0468,train
10,3,4,0498,train
10,3,5,0003,train
10,3,5,0008,validation
10,3,5,0009,train
10,3,5,0014,train
10,3,5,0029,train
10,3,5,0033,validation
10,3,5,0037,train
10,3,5,0038,train
10,3,5,0041,train
10,3,5,0046,train
10,3,5,0054,train
10,3,5,0063,train
10,3,5,0089,train
10,3,5,0095,train
10,3,5,0100,train
10,3,5,0106,train
10,3,5,0117,train
10,3,5,0118,validation
10,3,5,0135,train
10,3,5,0139,train
10,3,5,0144,train
10,3,5,0153,validation
10,3,5,0161,train
10,3,5,0170,train
10,3,5,0178,train
10,3,5,0202,train
10,3,5,0227,train
10,3,5,0242,train
10,3,5,0246,validation
10,3,5,0248,train
10,3,5,0256,validation
10,3,5,0262,train
10,3,5,0268,train
10,3,5,0273,validation
10,3,5,0278,train
10,3,5,0281,train
10,3,5,0287,train
10,3,5,0296,train
10,3,5,0304,train
10,3,5,0306,train
10,3,5,0309,train
10,3,5,0311,train
10,3,5,0323,train
10,3,5,0330,train
10,3,5,0346,train
10,3,5,0369,train
10,3,5,0370,train
10,3,5,0376,train
10,3,5,0379,validation
10,3,5,0384,train
10,3,5,0399,validation
10,3,5,0409,train
10,3,5,0412,train
10,3,5,0427,train
10,3,5,0459,validation
10,3,5,0468,validation
10,3,5,0498,train
10,4,1,0003,validation
10,4,1,0014,validation
10,4,1,0027,train
10,4,1,0029,train
10,4,1,0033,validation
10,4,1,0038,train
10,4,1,0041,train
10,4,1,0053,train
10,4,1,0054,train
10,4,1,0063,train
10,4,1,0069,validation
10,4,1,0079,validation
10,4,1,0100,train
10,4,1,0106,train
10,4,1,0112,train
10,4,1,0116,train
10,4,1,0117,train
10,4,1,0135,train
10,4,1,0144,train
10,4,1,0153,train
10,4,1,0170,train
10,4,1,0178,train
10,4,1,0212,train
10,4,1,0242,train
10,4,1,0246,train
10,4,1,0248,train
10,4,1,0262,validation
10,4,1,0268,train
10,4,1,0278,train
10,4,1,0281,validation
10,4,1,0283,train
10,4,1,0287,train
10,4,1,0289,validation
10,4,1,0296,train
10,4,1,0304,train
10,4,1,0306,validation
10,4,1,0309,train
10,4,1,0311,validation
10,4,1,0322,train
10,4,1,0323,train
10,4,1,0330,train
10,4,1,0346,train
10,4,1,0347,train
10,4,1,0369,train
10,4,1,0370,train
10,4,1,0376,validation
10,4,1,0379,train
10,4,1,0384,train
10,4,1,0399,train
10,4,1,0406,train
10,4,1,0412,train
10,4,1,0427,train
10,4,1,0432,validation
10,4,1,0459,train
10,4,1,0468,train
10,4,1,0498,train
10,4,1,0546,train
10,4,2,0003,train
10,4,2,0014,train
10,4,2,0027,train
10,4,2,0029,validation
10,4,2,0033,train
10,4,2,0038,train
10,4,2,0041,validation
10,4,2,0053,train
10,4,2,0054,train
10,4,2,0063,train
10,4,2,0069,train
10,4,2,0079,train
10,4,2,0100,train
10,4,2,0106,train
10,4,2,0112,train
10,4,2,0116,validation
10,4,2,0117,train
10,4,2,0135,train
10,4,2,0144,validation
10,4,2,0153,validation
10,4,2,0170,train
10,4,2,0178,validation
10,4,2,0212,validation
10,4,2,0242,train
10,4,2,0246,train
10,4,2,0248,train
10,4,2,0262,train
10,4,2,0268,train
10,4,2,0278,train
10,4,2,0281,train
10,4,2,0283,train
10,4,2,0287,validation
10,4,2,0289,train
10,4,2,0296,train
10,4,2,0304,train
10,4,2,0306,train
10,4,2,0309,train
10,4,2,0311,train
10,4,2,0322,train
10,4,2,0323,train
10,4,2,0330,validation
10,4,2,0346,validation
10,4,2,0347,train
10,4,2,0369,train
10,4,2,0370,train
10,4,2,0376,train
10,4,2,0379,train
10,4,2,0384,train
10,4,2,0399,train
10,4,2,0406,train
10,4,2,0412,train
10,4,2,0427,train
10,4,2,0432,train
10,4,2,0459,train
10,4,2,0468,validation
10,4,2,0498,validation
10,4,2,0546,train
10,4,3,0003,train
10,4,3,0014,train
10,4,3,0027,train
10,4,3,0029,train
10,4,3,0033,train
10,4,3,0038,train
10,4,3,0041,train
10,4,3,0053,validation
10,4,3,0054,train
10,4,3,0063,validation
10,4,3,0069,train
10,4,3,0079,train
10,4,3,0100,validation
10,4,3,0106,train
10,4,3,0112,train
10,4,3,0116,train
10,4,3,0117,validation
10,4,3,0135,validation
10,4,3,0144,train
10,4,3,0153,train
10,4,3,0170,train
10,4,3,0178,train
10,4,3,0212,train
10,4,3,0242,train
10,4,3,0246,validation
10,4,3,0248,train
10,4,3,0262,train
10,4,3,0268,train
10,4,3,0278,train
10,4,3,0281,train
10,4,3,0283,train
10,4,3,0287,train
10,4,3,0289,train
10,4,3,0296,train
10,4,3,0304,train
10,4,3,0306,train
10,4,3,0309,train
10,4,3,0311,train
10,4,3,0322,train
10,4,3,0323,train
10,4,3,0330,train
10,4,3,0346,train
10,4,3,0347,train
10,4,3,0369,validation
10,4,3,0370,train
10,4,3,0376,train
10,4,3,0379,train
10,4,3,0384,validation
10,4,3,0399,train
10,4,3,0406,train
10,4,3,0412,validation
10,4,3,0427,validation
10,4,3,0432,train
10,4,3,0459,validation
10,4,3,0468,train
10,4,3,0498,train
10,4,3,0546,train
10,4,4,0003,train
10,4,4,0014,train
10,4,4,0027,train
10,4,4,0029,train
10,4,4,0033,train
10,4,4,0038,train
10,4,4,0041,train
10,4,4,0053,train
10,4,4,0054,validation
10,4,4,0063,train
10,4,4,0069,train
10,4,4,0079,train
10,4,4,0100,train
10,4,4,0106,validation
10,4,4,0112,train
10,4,4,0116,train
10,4,4,0117,train
10,4,4,0135,train
10,4,4,0144,train
10,4,4,0153,train
10,4,4,0170,validation
10,4,4,0178,train
10,4,4,0212,train
10,4,4,0242,validation
10,4,4,0246,train
10,4,4,0248,validation
10,4,4,0262,train
10,4,4,0268,validation
10,4,4,0278,train
10,4,4,0281,train
10,4,4,0283,train
10,4,4,0287,train
10,4,4,0289,train
10,4,4,0296,validation
10,4,4,0304,train
10,4,4,0306,train
10,4,4,0309,validation
10,4,4,0311,train
10,4,4,0322,train
10,4,4,0323,validation
10,4,4,0330,train
10,4,4,0346,train
10,4,4,0347,validation
10,4,4,0369,train
10,4,4,0370,train
10,4,4,0376,train
10,4,4,0379,train
10,4,4,0384,train
10,4,4,0399,validation
10,4,4,0406,train
10,4,4,0412,train
10,4,4,0427,train
10,4,4,0432,train
10,4,4,0459,train
10,4,4,0468,train
10,4,4,0498,train
10,4,4,0546,train
10,4,5,0003,train
10,4,5,0014,train
10,4,5,0027,validation
10,4,5,0029,train
10,4,5,0033,train
10,4,5,0038,validation
10,4,5,0041,train
10,4,5,0053,train
10,4,5,0054,train
10,4,5,0063,train
10,4,5,0069,train
10,4,5,0079,train
10,4,5,0100,train
10,4,5,0106,train
10,4,5,0112,validation
10,4,5,0116,train
10,4,5,0117,train
10,4,5,0135,train
10,4,5,0144,train
10,4,5,0153,train
10,4,5,0170,train
10,4,5,0178,train
10,4,5,0212,train
10,4,5,0242,train
10,4,5,0246,train
10,4,5,0248,train
10,4,5,0262,train
10,4,5,0268,train
10,4,5,0278,validation
10,4,5,0281,train
10,4,5,0283,validation
10,4,5,0287,train
10,4,5,0289,train
10,4,5,0296,train
10,4,5,0304,validation
10,4,5,0306,train
10,4,5,0309,train
10,4,5,0311,train
10,4,5,0322,validation
10,4,5,0323,train
10,4,5,0330,train
10,4,5,0346,train
10,4,5,0347,train
10,4,5,0369,train
10,4,5,0370,validation
10,4,5,0376,train
10,4,5,0379,validation
10,4,5,0384,train
10,4,5,0399,train
10,4,5,0406,validation
10,4,5,0412,train
10,4,5,0427,train
10,4,5,0432,train
10,4,5,0459,train
10,4,5,0468,train
10,4,5,0498,train
10,4,5,0546,validation
10,5,1,0008,validation
10,5,1,0009,validation
10,5,1,0014,validation
10,5,1,0027,train
10,5,1,0037,train
10,5,1,0038,train
10,5,1,0041,train
10,5,1,0046,validation
10,5,1,0053,train
10,5,1,0054,train
10,5,1,0063,train
10,5,1,0069,train
10,5,1,0079,train
10,5,1,0089,train
10,5,1,0095,train
10,5,1,0100,train
10,5,1,0106,train
10,5,1,0112,train
10,5,1,0116,train
10,5,1,0118,train
10,5,1,0139,train
10,5,1,0144,train
10,5,1,0161,train
10,5,1,0170,validation
10,5,1,0178,validation
10,5,1,0202,train
10,5,1,0212,train
10,5,1,0227,validation
10,5,1,0242,train
10,5,1,0246,train
10,5,1,0256,train
10,5,1,0262,train
10,5,1,0268,train
10,5,1,0273,train
10,5,1,0281,validation
10,5,1,0283,train
10,5,1,0287,train
10,5,1,0289,validation
10,5,1,0296,validation
10,5,1,0306,train
10,5,1,0309,train
10,5,1,0322,train
10,5,1,0323,validation
10,5,1,0347,train
10,5,1,0369,train
10,5,1,0370,train
10,5,1,0376,train
10,5,1,0384,train
10,5,1,0399,train
10,5,1,0406,validation
10,5,1,0409,train
10,5,1,0412,train
10,5,1,0427,train
10,5,1,0432,train
10,5,1,0468,train
10,5,1,0498,train
10,5,1,0546,train
10,5,2,0008,train
10,5,2,0009,train
10,5,2,0014,train
10,5,2,0027,train
10,5,2,0037,train
10,5,2,0038,validation
10,5,2,0041,validation
10,5,2,0046,train
10,5,2,0053,validation
10,5,2,0054,train
10,5,2,0063,train
10,5,2,0069,validation
10,5,2,0079,train
10,5,2,0089,train
10,5,2,0095,train
10,5,2,0100,train
10,5,2,0106,validation
10,5,2,0112,train
10,5,2,0116,train
10,5,2,0118,train
10,5,2,0139,validation
10,5,2,0144,train
10,5,2,0161,validation
10,5,2,0170,train
10,5,2,0178,train
10,5,2,0202,validation
10,5,2,0212,train
10,5,2,0227,train
10,5,2,0242,train
10,5,2,0246,train
10,5,2,0256,train
10,5,2,0262,validation
10,5,2,0268,train
10,5,2,0273,validation
10,5,2,0281,train
10,5,2,0283,validation
10,5,2,0287,train
10,5,2,0289,train
10,5,2,0296,train
10,5,2,0306,train
10,5,2,0309,train
10,5,2,0322,train
10,5,2,0323,train
10,5,2,0347,train
10,5,2,0369,train
10,5,2,0370,train
10,5,2,0376,validation
10,5,2,0384,train
10,5,2,0399,train
10,5,2,0406,train
10,5,2,0409,train
10,5,2,0412,train
10,5,2,0427,train
10,5,2,0432,train
10,5,2,0468,train
10,5,2,0498,train
10,5,2,0546,train
10,5,3,0008,train
10,5,3,0009,train
10,5,3,0014,train
10,5,3,0027,train
10,5,3,0037,train
10,5,3,0038,train
10,5,3,0041,train
10,5,3,0046,train
10,5,3,0053,train
10,5,3,0054,train
10,5,3,0063,train
10,5,3,0069,train
10,5,3,0079,train
10,5,3,0089,validation
10,5,3,0095,validation
10,5,3,0100,train
10,5,3,0106,train
10,5,3,0112,train
10,5,3,0116,validation
10,5,3,0118,train
10,5,3,0139,train
10,5,3,0144,train
10,5,3,0161,train
10,5,3,0170,train
10,5,3,0178,train
10,5,3,0202,train
10,5,3,0212,validation
10,5,3,0227,train
10,5,3,0242,train
10,5,3,0246,train
10,5,3,0256,train
10,5,3,0262,train
10,5,3,0268,validation
10,5,3,0273,train
10,5,3,0281,train
10,5,3,0283,train
10,5,3,0287,validation
10,5,3,0289,train
10,5,3,0296,train
10,5,3,0306,train
10,5,3,0309,validation
10,5,3,0322,train
10,5,3,0323,train
10,5,3,0347,validation
10,5,3,0369,train
10,5,3,0370,train
10,5,3,0376,train
10,5,3,0384,validation
10,5,3,0399,train
10,5,3,0406,train
10,5,3,0409,validation
10,5,3,0412,train
10,5,3,0427,train
10,5,3,0432,validation
10,5,3,0468,train
10,5,3,0498,train
10,5,3,0546,train
10,5,4,0008,train
10,5,4,0009,train
10,5,4,0014,train
10,5,4,0027,train
10,5,4,0037,validation
10,5,4,0038,train
10,5,4,0041,train
10,5,4,0046,train
10,5,4,0053,train
10,5,4,0054,validation
10,5,4,0063,train
10,5,4,0069,train
10,5,4,0079,validation
10,5,4,0089,train
10,5,4,0095,train
10,5,4,0100,train
10,5,4,0106,train
10,5,4,0112,train
10,5,4,0116,train
10,5,4,0118,train
10,5,4,0139,train
10,5,4,0144,validation
10,5,4,0161,train
10,5,4,0170,train
10,5,4,0178,train
10,5,4,0202,train
10,5,4,0212,train
10,5,4,0227,train
10,5,4,0242,validation
10,5,4,0246,validation
10,5,4,0256,train
10,5,4,0262,train
10,5,4,0268,train
10,5,4,0273,train
10,5,4,0281,train
10,5,4,0283,train
10,5,4,0287,train
10,5,4,0289,train
10,5,4,0296,train
10,5,4,0306,validation
10,5,4,0309,train
10,5,4,0322,train
10,5,4,0323,train
10,5,4,0347,train
10,5,4,0369,validation
10,5,4,0370,train
10,5,4,0376,train
10,5,4,0384,train
10,5,4,0399,train
10,5,4,0406,train
10,5,4,0409,train
10,5,4,0412,train
10,5,4,0427,train
10,5,4,0432,train
10,5,4,0468,validation
10,5,4,0498,validation
10,5,4,0546,validation
10,5,5,0008,train
10,5,5,0009,train
10,5,5,0014,train
10,5,5,0027,validation
10,5,5,0037,train
10,5,5,0038,train
10,5,5,0041,train
10,5,5,0046,train
10,5,5,0053,train
10,5,5,0054,train
10,5,5,0063,validation
10,5,5,0069,train
10,5,5,0079,train
10,5,5,0089,train
10,5,5,0095,train
10,5,5,0100,validation
10,5,5,0106,train
10,5,5,0112,validation
10,5,5,0116,train
10,5,5,0118,validation
10,5,5,0139,train
10,5,5,0144,train
10,5,5,0161,train
10,5,5,0170,train
10,5,5,0178,train
10,5,5,0202,train
10,5,5,0212,train
10,5,5,0227,train
10,5,5,0242,train
10,5,5,0246,train
10,5,5,0256,validation
10,5,5,0262,train
10,5,5,0268,train
10,5,5,0273,train
10,5,5,0281,train
10,5,5,0283,train
10,5,5,0287,train
10,5,5,0289,train
10,5,5,0296,train
10,5,5,0306,train
10,5,5,0309,train
10,5,5,0322,validation
10,5,5,0323,train
10,5,5,0347,train
10,5,5,0369,train
10,5,5,0370,validation
10,5,5,0376,train
10,5,5,0384,train
10,5,5,0399,validation
10,5,5,0406,train
10,5,5,0409,train
10,5,5,0412,validation
10,5,5,0427,validation
10,5,5,0432,train
10,5,5,0468,train
10,5,5,0498,train
10,5,5,0546,train
11,1,1,0014,train
11,1,1,0029,train
11,1,1,0033,train
11,1,1,0037,validation
11,1,1,0038,train
11,1,1,0041,train
11,1,1,0046,train
11,1,1,0053,validation
11,1,1,0054,train
11,1,1,0069,train
11,1,1,0079,validation
11,1,1,0089,train
11,1,1,0095,validation
11,1,1,0100,train
11,1,1,0106,train
11,1,1,0112,train
11,1,1,0117,validation
11,1,1,0118,validation
11,1,1,0139,train
11,1,1,0144,train
11,1,1,0161,train
11,1,1,0170,validation
11,1,1,0202,train
11,1,1,0212,train
11,1,1,0242,train
11,1,1,0246,train
11,1,1,0248,train
11,1,1,0262,train
11,1,1,0273,train
11,1,1,0278,train
11,1,1,0281,train
11,1,1,0283,train
11,1,1,0287,train
11,1,1,0296,train
11,1,1,0304,train
11,1,1,0306,validation
11,1,1,0309,train
11,1,1,0311,train
11,1,1,0322,train
11,1,1,0323,train
11,1,1,0330,train
11,1,1,0346,train
11,1,1,0347,train
11,1,1,0369,validation
11,1,1,0376,train
11,1,1,0379,train
11,1,1,0399,validation
11,1,1,0406,train
11,1,1,0409,train
11,1,1,0412,train
11,1,1,0427,validation
11,1,1,0432,train
11,1,1,0459,train
11,1,1,0468,train
11,1,1,0498,train
11,1,1,0546,validation
11,1,2,0014,train
11,1,2,0029,train
11,1,2,0033,train
11,1,2,0037,train
11,1,2,0038,train
11,1,2,0041,train
11,1,2,0046,validation
11,1,2,0053,train
11,1,2,0054,train
11,1,2,0069,train
11,1,2,0079,train
11,1,2,0089,train
11,1,2,0095,train
11,1,2,0100,train
11,1,2,0106,train
11,1,2,0112,train
11,1,2,0117,train
11,1,2,0118,train
11,1,2,0139,train
11,1,2,0144,train
11,1,2,0161,train
11,1,2,0170,train
11,1,2,0202,validation
11,1,2,0212,train
11,1,2,0242,validation
11,1,2,0246,validation
11,1,2,0248,train
11,1,2,0262,validation
11,1,2,0273,train
11,1,2,0278,validation
11,1,2,0281,validation
11,1,2,0283,validation
11,1,2,0287,train
11,1,2,0296,train
11,1,2,0304,train
11,1,2,0306,train
11,1,2,0309,train
11,1,2,0311,train
11,1,2,0322,train
11,1,2,0323,train
11,1,2,0330,train
11,1,2,0346,train
11,1,2,0347,validation
11,1,2,0369,train
11,1,2,0376,train
11,1,2,0379,train
11,1,2,0399,train
11,1,2,0406,validation
11,1,2,0409,train
11,1,2,0412,train
11,1,2,0427,train
11,1,2,0432,train
11,1,2,0459,validation
11,1,2,0468,train
11,1,2,0498,validation
11,1,2,0546,train
11,1,3,0014,train
11,1,3,0029,train
11,1,3,0033,train
11,1,3,0037,train
11,1,3,0038,train
11,1,3,0041,train
11,1,3,0046,train
11,1,3,0053,train
11,1,3,0054,train
11,1,3,0069,train
11,1,3,0079,train
11,1,3,0089,validation
11,1,3,0095,train
11,1,3,0100,train
11,1,3,0106,train
11,1,3,0112,train
11,1,3,0117,train
11,1,3,0118,train
11,1,3,0139,train
11,1,3,0144,train
11,1,3,0161,train
11,1,3,0170,train
11,1,3,0202,train
11,1,3,0212,train
11,1,3,0242,train
11,1,3,0246,train
11,1,3,0248,validation
11,1,3,0262,train
11,1,3,0273,train
11,1,3,0278,train
11,1,3,0281,train
11,1,3,0283,train
11,1,3,0287,train
11,1,3,0296,train
11,1,3,0304,validation
11,1,3,0306,train
11,1,3,0309,validation
11,1,3,0311,validation
11,1,3,0322,validation
11,1,3,0323,train
11,1,3,0330,validation
11,1,3,0346,validation
11,1,3,0347,train
11,1,3,0369,train
11,1,3,0376,validation
11,1,3,0379,validation
11,1,3,0399,train
11,1,3,0406,train
11,1,3,0409,train
11,1,3,0412,train
11,1,3,0427,train
11,1,3,0432,train
11,1,3,0459,train
11,1,3,0468,validation
11,1,3,0498,train
11,1,3,0546,train
11,1,4,0014,validation
11,1,4,0029,validation
11,1,4,0033,validation
11,1,4,0037,train
11,1,4,0038,train
11,1,4,0041,validation
11,1,4,0046,train
11,1,4,0053,train
11,1,4,0054,train
11,1,4,0069,train
11,1,4,0079,train
11,1,4,0089,train
11,1,4,0095,train
11,1,4,0100,validation
11,1,4,0106,train
11,1,4,0112,validation
11,1,4,0117,train
11,1,4,0118,train
11,1,4,0139,train
11,1,4,0144,train
11,1,4,0161,train
11,1,4,0170,train
11,1,4,0202,train
11,1,4,0212,validation
11,1,4,0242,train
11,1,4,0246,train
11,1,4,0248,train
11,1,4,0262,train
11,1,4,0273,train
11,1,4,0278,train
11,1,4,0281,train
11,1,4,0283,train
11,1,4,0287,validation
11,1,4,0296,validation
11,1,4,0304,train
11,1,4,0306,train
11,1,4,0309,train
11,1,4,0311,train
11,1,4,0322,train
11,1,4,0323,train
11,1,4,0330,train
11,1,4,0346,train
11,1,4,0347,train
11,1,4,0369,train
11,1,4,0376,train
11,1,4,0379,train
11,1,4,0399,train
11,1,4,0406,train
11,1,4,0409,validation
11,1,4,0412,validation
11,1,4,0427,train
11,1,4,0432,train
11,1,4,0459,train
11,1,4,0468,train
11,1,4,0498,train
11,1,4,0546,train
11,1,5,0014,train
11,1,5,0029,train
11,1,5,0033,train
11,1,5,0037,train
11,1,5,0038,validation
11,1,5,0041,train
11,1,5,0046,train
11,1,5,0053,train
11,1,5,0054,validation
11,1,5,0069,validation
11,1,5,0079,train
11,1,5,0089,train
11,1,5,0095,train
11,1,5,0100,train
11,1,5,0106,validation
11,1,5,0112,train
11,1,5,0117,train
11,1,5,0118,train
11,1,5,0139,validation
11,1,5,0144,validation
11,1,5,0161,validation
11,1,5,0170,train
11,1,5,0202,train
11,1,5,0212,train
11,1,5,0242,train
11,1,5,0246,train
11,1,5,0248,train
11,1,5,0262,train
11,1,5,0273,validation
11,1,5,0278,train
11,1,5,0281,train
11,1,5,0283,train
11,1,5,0287,train
11,1,5,0296,train
11,1,5,0304,train
11,1,5,0306,train
11,1,5,0309,train
11,1,5,0311,train
11,1,5,0322,train
11,1,5,0323,validation
11,1,5,0330,train
11,1,5,0346,train
11,1,5,0347,train
11,1,5,0369,train
11,1,5,0376,train
11,1,5,0379,train
11,1,5,0399,train
11,1,5,0406,train
11,1,5,0409,train
11,1,5,0412,train
11,1,5,0427,train
11,1,5,0432,validation
11,1,5,0459,train
11,1,5,0468,train
11,1,5,0498,train
11,1,5,0546,train
11,2,1,0003,train
11,2,1,0008,train
11,2,1,0009,validation
11,2,1,0014,validation
11,2,1,0027,train
11,2,1,0029,validation
11,2,1,0037,train
11,2,1,0038,train
11,2,1,0041,validation
11,2,1,0054,validation
11,2,1,0063,train
11,2,1,0069,train
11,2,1,0079,train
11,2,1,0095,train
11,2,1,0106,train
11,2,1,0116,validation
11,2,1,0118,train
11,2,1,0135,validation
11,2,1,0139,train
11,2,1,0144,train
11,2,1,0153,train
11,2,1,0170,train
11,2,1,0178,train
11,2,1,0202,train
11,2,1,0227,train
11,2,1,0242,train
11,2,1,0246,train
11,2,1,0248,validation
11,2,1,0256,validation
11,2,1,0262,train
11,2,1,0268,train
11,2,1,0273,train
11,2,1,0278,train
11,2,1,0281,train
11,2,1,0283,train
11,2,1,0287,train
11,2,1,0289,train
11,2,1,0296,train
11,2,1,0304,train
11,2,1,0306,train
11,2,1,0309,train
11,2,1,0311,validation
11,2,1,0322,train
11,2,1,0323,validation
11,2,1,0330,train
11,2,1,0347,train
11,2,1,0370,train
11,2,1,0379,train
11,2,1,0384,validation
11,2,1,0399,train
11,2,1,0406,train
11,2,1,0409,train
11,2,1,0412,train
11,2,1,0427,train
11,2,1,0432,train
11,2,1,0459,train
11,2,1,0546,train
11,2,2,0003,validation
11,2,2,0008,train
11,2,2,0009,train
11,2,2,0014,train
11,2,2,0027,train
11,2,2,0029,train
11,2,2,0037,train
11,2,2,0038,train
11,2,2,0041,train
11,2,2,0054,train
11,2,2,0063,train
11,2,2,0069,train
11,2,2,0079,train
11,2,2,0095,train
11,2,2,0106,train
11,2,2,0116,train
11,2,2,0118,validation
11,2,2,0135,train
11,2,2,0139,validation
11,2,2,0144,train
11,2,2,0153,train
11,2,2,0170,train
11,2,2,0178,train
11,2,2,0202,train
11,2,2,0227,train
11,2,2,0242,train
11,2,2,0246,train
11,2,2,0248,train
11,2,2,0256,train
11,2,2,0262,train
11,2,2,0268,validation
11,2,2,0273,validation
11,2,2,0278,train
11,2,2,0281,validation
11,2,2,0283,train
11,2,2,0287,train
11,2,2,0289,train
11,2,2,0296,train
11,2,2,0304,train
11,2,2,0306,validation
11,2,2,0309,train
11,2,2,0311,train
11,2,2,0322,validation
11,2,2,0323,train
11,2,2,0330,train
11,2,2,0347,train
11,2,2,0370,train
11,2,2,0379,validation
11,2,2,0384,train
11,2,2,0399,train
11,2,2,0406,train
11,2,2,0409,train
11,2,2,0412,validation
11,2,2,0427,validation
11,2,2,0432,train
11,2,2,0459,train
11,2,2,0546,validation
11,2,3,0003,train
11,2,3,0008,train
11,2,3,0009,train
11,2,3,0014,train
11,2,3,0027,train
11,2,3,0029,train
11,2,3,0037,train
11,2,3,0038,validation
11,2,3,0041,train
11,2,3,0054,train
11,2,3,0063,validation
11,2,3,0069,validation
11,2,3,0079,validation
11,2,3,0095,validation
11,2,3,0106,train
11,2,3,0116,train
11,2,3,0118,train
11,2,3,0135,train
11,2,3,0139,train
11,2,3,0144,validation
11,2,3,0153,train
11,2,3,0170,train
11,2,3,0178,train
11,2,3,0202,train
11,2,3,0227,train
11,2,3,0242,train
11,2,3,0246,train
11,2,3,0248,train
11,2,3,0256,train
11,2,3,0262,train
11,2,3,0268,train
11,2,3,0273,train
11,2,3,0278,train
11,2,3,0281,train
11,2,3,0283,validation
11,2,3,0287,train
11,2,3,0289,train
11,2,3,0296,train
11,2,3,0304,train
11,2,3,0306,train
11,2,3,0309,train
11,2,3,0311,train
11,2,3,0322,train
11,2,3,0323,train
11,2,3,0330,validation
11,2,3,0347,validation
11,2,3,0370,train
11,2,3,0379,train
11,2,3,0384,train
11,2,3,0399,train
11,2,3,0406,validation
11,2,3,0409,train
11,2,3,0412,train
11,2,3,0427,train
11,2,3,0432,validation
11,2,3,0459,train
11,2,3,0546,train
11,2,4,0003,train
11,2,4,0008,train
11,2,4,0009,train
11,2,4,0014,train
11,2,4,0027,validation
11,2,4,0029,train
11,2,4,0037,train
11,2,4,0038,train
11,2,4,0041,train
11,2,4,0054,train
11,2,4,0063,train
11,2,4,0069,train
11,2,4,0079,train
11,2,4,0095,train
11,2,4,0106,validation
11,2,4,0116,train
11,2,4,0118,train
11,2,4,0135,train
11,2,4,0139,train
11,2,4,0144,train
11,2,4,0153,validation
11,2,4,0170,train
11,2,4,0178,validation
11,2,4,0202,validation
11,2,4,0227,validation
11,2,4,0242,train
11,2,4,0246,train
11,2,4,0248,train
11,2,4,0256,train
11,2,4,0262,train
11,2,4,0268,train
11,2,4,0273,train
11,2,4,0278,train
11,2,4,0281,train
11,2,4,0283,train
11,2,4,0287,validation
11,2,4,0289,train
11,2,4,0296,validation
11,2,4,0304,train
11,2,4,0306,train
11,2,4,0309,validation
11,2,4,0311,train
11,2,4,0322,train
11,2,4,0323,train
11,2,4,0330,train
11,2,4,0347,train
11,2,4,0370,validation
11,2,4,0379,train
11,2,4,0384,train
11,2,4,0399,train
11,2,4,0406,train
11,2,4,0409,validation
11,2,4,0412,train
11,2,4,0427,train
11,2,4,0432,train
11,2,4,0459,train
11,2,4,0546,train
11,2,5,0003,train
11,2,5,0008,validation
11,2,5,0009,train
11,2,5,0014,train
11,2,5,0027,train
11,2,5,0029,train
11,2,5,0037,validation
11,2,5,0038,train
11,2,5,0041,train
11,2,5,0054,train
11,2,5,0063,train
11,2,5,0069,train
11,2,5,0079,train
11,2,5,0095,train
11,2,5,0106,train
11,2,5,0116,train
11,2,5,0118,train
11,2,5,0135,train
11,2,5,0139,train
11,2,5,0144,train
11,2,5,0153,train
11,2,5,0170,validation
11,2,5,0178,train
11,2,5,0202,train
11,2,5,0227,train
11,2,5,0242,validation
11,2,5,0246,validation
11,2,5,0248,train
11,2,5,0256,train
11,2,5,0262,validation
11,2,5,0268,train
11,2,5,0273,train
11,2,5,0278,validation
11,2,5,0281,train
11,2,5,0283,train
11,2,5,0287,train
11,2,5,0289,validation
11,2,5,0296,train
11,2,5,0304,validation
11,2,5,0306,train
11,2,5,0309,train
11,2,5,0311,train
11,2,5,0322,train
11,2,5,0323,train
11,2,5,0330,train
11,2,5,0347,train
11,2,5,0370,train
11,2,5,0379,train
11,2,5,0384,train
11,2,5,0399,validation
11,2,5,0406,train
11,2,5,0409,train
11,2,5,0412,train
11,2,5,0427,train
11,2,5,0432,train
11,2,5,0459,validation
11,2,5,0546,train
11,3,1,0003,validation
11,3,1,0008,train
11,3,1,0009,train
11,3,1,0014,train
11,3,1,0027,train
11,3,1,0033,train
11,3,1,0037,validation
11,3,1,0038,train
11,3,1,0041,train
11,3,1,0046,train
11,3,1,0053,validation
11,3,1,0054,train
11,3,1,0063,train
11,3,1,0069,train
11,3,1,0089,train
11,3,1,0095,train
11,3,1,0100,train
11,3,1,0106,train
11,3,1,0112,train
11,3,1,0116,train
11,3,1,0117,train
11,3,1,0135,train
11,3,1,0144,train
11,3,1,0153,validation
11,3,1,0161,train
11,3,1,0170,train
11,3,1,0178,train
11,3,1,0212,validation
11,3,1,0227,train
11,3,1,0242,train
11,3,1,0248,validation
11,3,1,0256,train
11,3,1,0268,train
11,3,1,0273,validation
11,3,1,0281,train
11,3,1,0283,validation
11,3,1,0289,train
11,3,1,0304,validation
11,3,1,0306,train
11,3,1,0309,train
11,3,1,0311,train
11,3,1,0322,train
11,3,1,0323,train
11,3,1,0346,train
11,3,1,0369,train
11,3,1,0370,train
11,3,1,0376,validation
11,3,1,0379,train
11,3,1,0384,train
11,3,1,0399,train
11,3,1,0409,train
11,3,1,0412,validation
11,3,1,0427,validation
11,3,1,0432,train
11,3,1,0459,train
11,3,1,0468,train
11,3,1,0498,train
11,3,2,0003,train
11,3,2,0008,validation
11,3,2,0009,validation
11,3,2,0014,train
11,3,2,0027,train
11,3,2,0033,train
11,3,2,0037,train
11,3,2,0038,validation
11,3,2,0041,train
11,3,2,0046,train
11,3,2,0053,train
11,3,2,0054,train
11,3,2,0063,train
11,3,2,0069,train
11,3,2,0089,train
11,3,2,0095,train
11,3,2,0100,train
11,3,2,0106,validation
11,3,2,0112,validation
11,3,2,0116,train
11,3,2,0117,validation
11,3,2,0135,validation
11,3,2,0144,train
11,3,2,0153,train
11,3,2,0161,train
11,3,2,0170,train
11,3,2,0178,train
11,3,2,0212,train
11,3,2,0227,train
11,3,2,0242,train
11,3,2,0248,train
11,3,2,0256,train
11,3,2,0268,train
11,3,2,0273,train
11,3,2,0281,train
11,3,2,0283,train
11,3,2,0289,train
11,3,2,0304,train
11,3,2,0306,train
11,3,2,0309,train
11,3,2,0311,train
11,3,2,0322,train
11,3,2,0323,train
11,3,2,0346,validation
11,3,2,0369,validation
11,3,2,0370,validation
11,3,2,0376,train
11,3,2,0379,train
11,3,2,0384,train
11,3,2,0399,train
11,3,2,0409,train
11,3,2,0412,train
11,3,2,0427,train
11,3,2,0432,train
11,3,2,0459,validation
11,3,2,0468,validation
11,3,2,0498,train
11,3,3,0003,train
11,3,3,0008,train
11,3,3,0009,train
11,3,3,0014,validation
11,3,3,0027,train
11,3,3,0033,train
11,3,3,0037,train
11,3,3,0038,train
11,3,3,0041,train
11,3,3,0046,train
11,3,3,0053,train
11,3,3,0054,validation
11,3,3,0063,train
11,3,3,0069,validation
11,3,3,0089,train
11,3,3,0095,validation
11,3,3,0100,validation
11,3,3,0106,train
11,3,3,0112,train
11,3,3,0116,train
11,3,3,0117,train
11,3,3,0135,train
11,3,3,0144,train
11,3,3,0153,train
11,3,3,0161,train
11,3,3,0170,train
11,3,3,0178,train
11,3,3,0212,train
11,3,3,0227,train
11,3,3,0242,train
11,3,3,0248,train
11,3,3,0256,train
11,3,3,0268,train
11,3,3,0273,train
11,3,3,0281,train
11,3,3,0283,train
11,3,3,0289,train
11,3,3,0304,train
11,3,3,0306,validation
11,3,3,0309,train
11,3,3,0311,validation
11,3,3,0322,validation
11,3,3,0323,train
11,3,3,0346,train
11,3,3,0369,train
11,3,3,0370,train
11,3,3,0376,train
11,3,3,0379,train
11,3,3,0384,validation
11,3,3,0399,train
11,3,3,0409,validation
11,3,3,0412,train
11,3,3,0427,train
11,3,3,0432,train
11,3,3,0459,train
11,3,3,0468,train
11,3,3,0498,validation
11,3,4,0003,train
11,3,4,0008,train
11,3,4,0009,train
11,3,4,0014,train
11,3,4,0027,train
11,3,4,0033,train
11,3,4,0037,train
11,3,4,0038,train
11,3,4,0041,train
11,3,4,0046,train
11,3,4,0053,train
11,3,4,0054,train
11,3,4,0063,validation
11,3,4,0069,train
11,3,4,0089,train
11,3,4,0095,train
11,3,4,0100,train
11,3,4,0106,train
11,3,4,0112,train
11,3,4,0116,validation
11,3,4,0117,train
11,3,4,0135,train
11,3,4,0144,validation
11,3,4,0153,train
11,3,4,0161,validation
11,3,4,0170,train
11,3,4,0178,validation
11,3,4,0212,train
11,3,4,0227,validation
11,3,4,0242,validation
11,3,4,0248,train
11,3,4,0256,train
11,3,4,0268,train
11,3,4,0273,train
11,3,4,0281,train
11,3,4,0283,train
11,3,4,0289,validation
11,3,4,0304,train
11,3,4,0306,train
11,3,4,0309,train
11,3,4,0311,train
11,3,4,0322,train
11,3,4,0323,validation
11,3,4,0346,train
11,3,4,0369,train
11,3,4,0370,train
11,3,4,0376,train
11,3,4,0379,train
11,3,4,0384,train
11,3,4,0399,validation
11,3,4,0409,train
11,3,4,0412,train
11,3,4,0427,train
11,3,4,0432,validation
11,3,4,0459,train
11,3,4,0468,train
11,3,4,0498,train
11,3,5,0003,train
11,3,5,0008,train
11,3,5,0009,train
11,3,5,0014,train
11,3,5,0027,validation
11,3,5,0033,validation
11,3,5,0037,train
11,3,5,0038,train
11,3,5,0041,validation
11,3,5,0046,validation
11,3,5,0053,train
11,3,5,0054,train
11,3,5,0063,train
11,3,5,0069,train
11,3,5,0089,validation
11,3,5,0095,train
11,3,5,0100,train
11,3,5,0106,train
11,3,5,0112,train
11,3,5,0116,train
11,3,5,0117,train
11,3,5,0135,train
11,3,5,0144,train
11,3,5,0153,train
11,3,5,0161,train
11,3,5,0170,validation
11,3,5,0178,train
11,3,5,0212,train
11,3,5,0227,train
11,3,5,0242,train
11,3,5,0248,train
11,3,5,0256,validation
11,3,5,0268,validation
11,3,5,0273,train
11,3,5,0281,validation
11,3,5,0283,train
11,3,5,0289,train
11,3,5,0304,train
11,3,5,0306,train
11,3,5,0309,validation
11,3,5,0311,train
11,3,5,0322,train
11,3,5,0323,train
11,3,5,0346,train
11,3,5,0369,train
11,3,5,0370,train
11,3,5,0376,train
11,3,5,0379,validation
11,3,5,0384,train
11,3,5,0399,train
11,3,5,0409,train
11,3,5,0412,train
11,3,5,0427,train
11,3,5,0432,train
11,3,5,0459,train
11,3,5,0468,train
11,3,5,0498,train
11,4,1,0003,train
11,4,1,0008,train
11,4,1,0009,train
11,4,1,0014,train
11,4,1,0027,train
11,4,1,0029,validation
11,4,1,0033,train
11,4,1,0041,train
11,4,1,0046,train
11,4,1,0053,train
11,4,1,0054,train
11,4,1,0063,validation
11,4,1,0079,train
11,4,1,0089,train
11,4,1,0100,train
11,4,1,0112,train
11,4,1,0116,train
11,4,1,0117,train
11,4,1,0118,train
11,4,1,0135,train
11,4,1,0139,train
11,4,1,0153,train
11,4,1,0161,train
11,4,1,0170,train
11,4,1,0178,train
11,4,1,0202,validation
11,4,1,0212,train
11,4,1,0227,train
11,4,1,0246,train
11,4,1,0248,train
11,4,1,0256,train
11,4,1,0262,validation
11,4,1,0268,validation
11,4,1,0273,validation
11,4,1,0278,validation
11,4,1,0281,train
11,4,1,0287,train
11,4,1,0289,train
11,4,1,0296,train
11,4,1,0304,train
11,4,1,0306,train
11,4,1,0330,train
11,4,1,0346,validation
11,4,1,0347,validation
11,4,1,0369,train
11,4,1,0370,train
11,4,1,0376,train
11,4,1,0384,train
11,4,1,0406,validation
11,4,1,0409,validation
11,4,1,0412,train
11,4,1,0427,validation
11,4,1,0432,train
11,4,1,0459,train
11,4,1,0468,train
11,4,1,0498,train
11,4,1,0546,train
11,4,2,0003,validation
11,4,2,0008,train
11,4,2,0009,train
11,4,2,0014,train
11,4,2,0027,validation
11,4,2,0029,train
11,4,2,0033,train
11,4,2,0041,train
11,4,2,0046,validation
11,4,2,0053,validation
11,4,2,0054,train
11,4,2,0063,train
11,4,2,0079,validation
11,4,2,0089,train
11,4,2,0100,train
11,4,2,0112,train
11,4,2,0116,train
11,4,2,0117,train
11,4,2,0118,train
11,4,2,0135,validation
11,4,2,0139,train
11,4,2,0153,train
11,4,2,0161,train
11,4,2,0170,train
11,4,2,0178,validation
11,4,2,0202,train
11,4,2,0212,train
11,4,2,0227,train
11,4,2,0246,train
11,4,2,0248,train
11,4,2,0256,train
11,4,2,0262,train
11,4,2,0268,train
11,4,2,0273,train
11,4,2,0278,train
11,4,2,0281,train
11,4,2,0287,train
11,4,2,0289,validation
11,4,2,0296,train
11,4,2,0304,train
11,4,2,0306,train
11,4,2,0330,train
11,4,2,0346,train
11,4,2,0347,train
11,4,2,0369,train
11,4,2,0370,train
11,4,2,0376,train
11,4,2,0384,validation
11,4,2,0406,train
11,4,2,0409,train
11,4,2,0412,validation
11,4,2,0427,train
11,4,2,0432,validation
11,4,2,0459,train
11,4,2,0468,train
11,4,2,0498,validation
11,4,2,0546,train
11,4,3,0003,train
11,4,3,0008,train
11,4,3,0009,train
11,4,3,0014,train
11,4,3,0027,train
11,4,3,0029,train
11,4,3,0033,train
11,4,3,0041,train
11,4,3,0046,train
11,4,3,0053,train
11,4,3,0054,train
11,4,3,0063,train
11,4,3,0079,train
11,4,3,0089,train
11,4,3,0100,validation
11,4,3,0112,validation
11,4,3,0116,train
11,4,3,0117,validation
11,4,3,0118,validation
11,4,3,0135,train
11,4,3,0139,validation
11,4,3,0153,train
11,4,3,0161,validation
11,4,3,0170,train
11,4,3,0178,train
11,4,3,0202,train
11,4,3,0212,validation
11,4,3,0227,train
11,4,3,0246,validation
11,4,3,0248,train
11,4,3,0256,train
11,4,3,0262,train
11,4,3,0268,train
11,4,3,0273,train
11,4,3,0278,train
11,4,3,0281,train
11,4,3,0287,train
11,4,3,0289,train
11,4,3,0296,train
11,4,3,0304,train
11,4,3,0306,train
11,4,3,0330,validation
11,4,3,0346,train
11,4,3,0347,train
11,4,3,0369,train
11,4,3,0370,train
11,4,3,0376,validation
11,4,3,0384,train
11,4,3,0406,train
11,4,3,0409,train
11,4,3,0412,train
11,4,3,0427,train
11,4,3,0432,train
11,4,3,0459,train
11,4,3,0468,validation
11,4,3,0498,train
11,4,3,0546,train
11,4,4,0003,train
11,4,4,0008,validation
11,4,4,0009,validation
11,4,4,0014,validation
11,4,4,0027,train
11,4,4,0029,train
11,4,4,0033,validation
11,4,4,0041,train
11,4,4,0046,train
11,4,4,0053,train
11,4,4,0054,validation
11,4,4,0063,train
11,4,4,0079,train
11,4,4,0089,train
11,4,4,0100,train
11,4,4,0112,train
11,4,4,0116,train
11,4,4,0117,train
11,4,4,0118,train
11,4,4,0135,train
11,4,4,0139,train
11,4,4,0153,validation
11,4,4,0161,train
11,4,4,0170,train
11,4,4,0178,train
11,4,4,0202,train
11,4,4,0212,train
11,4,4,0227,validation
11,4,4,0246,train
11,4,4,0248,validation
11,4,4,0256,validation
11,4,4,0262,train
11,4,4,0268,train
11,4,4,0273,train
11,4,4,0278,train
11,4,4,0281,train
11,4,4,0287,validation
11,4,4,0289,train
11,4,4,0296,train
11,4,4,0304,validation
11,4,4,0306,train
11,4,4,0330,train
11,4,4,0346,train
11,4,4,0347,train
11,4,4,0369,train
11,4,4,0370,train
11,4,4,0376,train
11,4,4,0384,train
11,4,4,0406,train
11,4,4,0409,train
11,4,4,0412,train
11,4,4,0427,train
11,4,4,0432,train
11,4,4,0459,train
11,4,4,0468,train
11,4,4,0498,train
11,4,4,0546,train
11,4,5,0003,train
11,4,5,0008,train
11,4,5,0009,train
11,4,5,0014,train
11,4,5,0027,train
11,4,5,0029,train
11,4,5,0033,train
11,4,5,0041,validation
11,4,5,0046,train
11,4,5,0053,train
11,4,5,0054,train
11,4,5,0063,train
11,4,5,0079,train
11,4,5,0089,validation
11,4,5,0100,train
11,4,5,0112,train
11,4,5,0116,validation
11,4,5,0117,train
11,4,5,0118,train
11,4,5,0135,train
11,4,5,0139,train
11,4,5,0153,train
11,4,5,0161,train
11,4,5,0170,validation
11,4,5,0178,train
11,4,5,0202,train
11,4,5,0212,train
11,4,5,0227,train
11,4,5,0246,train
11,4,5,0248,train
11,4,5,0256,train
11,4,5,0262,train
11,4,5,0268,train
11,4,5,0273,train
11,4,5,0278,train
11,4,5,0281,validation
11,4,5,0287,train
11,4,5,0289,train
11,4,5,0296,validation
11,4,5,0304,train
11,4,5,0306,validation
11,4,5,0330,train
11,4,5,0346,train
11,4,5,0347,train
11,4,5,0369,validation
11,4,5,0370,validation
11,4,5,0376,train
11,4,5,0384,train
11,4,5,0406,train
11,4,5,0409,train
11,4,5,0412,train
11,4,5,0427,train
11,4,5,0432,train
11,4,5,0459,validation
11,4,5,0468,train
11,4,5,0498,train
11,4,5,0546,validation
11,5,1,0003,train
11,5,1,0008,train
11,5,1,0009,train
11,5,1,0027,validation
11,5,1,0029,validation
11,5,1,0033,train
11,5,1,0037,validation
11,5,1,0038,train
11,5,1,0046,train
11,5,1,0053,train
11,5,1,0063,train
11,5,1,0069,train
11,5,1,0079,validation
11,5,1,0089,train
11,5,1,0095,train
11,5,1,0100,validation
11,5,1,0106,train
11,5,1,0112,validation
11,5,1,0116,train
11,5,1,0117,train
11,5,1,0118,train
11,5,1,0135,validation
11,5,1,0139,validation
11,5,1,0144,validation
11,5,1,0153,train
11,5,1,0161,train
11,5,1,0178,train
11,5,1,0202,train
11,5,1,0212,train
11,5,1,0227,train
11,5,1,0242,train
11,5,1,0246,train
11,5,1,0256,train
11,5,1,0262,train
11,5,1,0268,train
11,5,1,0278,train
11,5,1,0283,train
11,5,1,0287,train
11,5,1,0289,train
11,5,1,0296,train
11,5,1,0309,validation
11,5,1,0311,train
11,5,1,0322,train
11,5,1,0323,train
11,5,1,0330,train
11,5,1,0346,train
11,5,1,0347,validation
11,5,1,0369,validation
11,5,1,0370,train
11,5,1,0376,train
11,5,1,0379,train
11,5,1,0384,train
11,5,1,0399,train
11,5,1,0406,train
11,5,1,0468,train
11,5,1,0498,train
11,5,1,0546,train
11,5,2,0003,train
11,5,2,0008,validation
11,5,2,0009,train
11,5,2,0027,train
11,5,2,0029,train
11,5,2,0033,train
11,5,2,0037,train
11,5,2,0038,validation
11,5,2,0046,train
11,5,2,0053,train
11,5,2,0063,train
11,5,2,0069,train
11,5,2,0079,train
11,5,2,0089,train
11,5,2,0095,train
11,5,2,0100,train
11,5,2,0106,validation
11,5,2,0112,train
11,5,2,0116,train
11,5,2,0117,train
11,5,2,0118,train
11,5,2,0135,train
11,5,2,0139,train
11,5,2,0144,train
11,5,2,0153,train
11,5,2,0161,train
11,5,2,0178,train
11,5,2,0202,train
11,5,2,0212,train
11,5,2,0227,train
11,5,2,0242,train
11,5,2,0246,validation
11,5,2,0256,train
11,5,2,0262,train
11,5,2,0268,validation
11,5,2,0278,train
11,5,2,0283,train
11,5,2,0287,validation
11,5,2,0289,train
11,5,2,0296,train
11,5,2,0309,train
11,5,2,0311,validation
11,5,2,0322,train
11,5,2,0323,train
11,5,2,0330,validation
11,5,2,0346,validation
11,5,2,0347,train
11,5,2,0369,train
11,5,2,0370,validation
11,5,2,0376,validation
11,5,2,0379,train
11,5,2,0384,train
11,5,2,0399,train
11,5,2,0406,train
11,5,2,0468,train
11,5,2,0498,train
11,5,2,0546,validation
11,5,3,0003,train
11,5,3,0008,train
11,5,3,0009,train
11,5,3,0027,train
11,5,3,0029,train
11,5,3,0033,train
11,5,3,0037,train
11,5,3,0038,train
11,5,3,0046,train
11,5,3,0053,train
11,5,3,0063,validation
11,5,3,0069,train
11,5,3,0079,train
11,5,3,0089,train
11,5,3,0095,train
11,5,3,0100,train
11,5,3,0106,train
11,5,3,0112,train
11,5,3,0116,train
11,5,3,0117,validation
11,5,3,0118,train
11,5,3,0135,train
11,5,3,0139,train
11,5,3,0144,train
11,5,3,0153,validation
11,5,3,0161,train
11,5,3,0178,train
11,5,3,0202,train
11,5,3,0212,train
11,5,3,0227,validation
11,5,3,0242,validation
11,5,3,0246,train
11,5,3,0256,train
11,5,3,0262,train
11,5,3,0268,train
11,5,3,0278,train
11,5,3,0283,validation
11,5,3,0287,train
11,5,3,0289,train
11,5,3,0296,validation
11,5,3,0309,train
11,5,3,0311,train
11,5,3,0322,validation
11,5,3,0323,train
11,5,3,0330,train
11,5,3,0346,train
11,5,3,0347,train
11,5,3,0369,train
11,5,3,0370,train
11,5,3,0376,train
11,5,3,0379,validation
11,5,3,0384,train
11,5,3,0399,validation
11,5,3,0406,validation
11,5,3,0468,train
11,5,3,0498,train
11,5,3,0546,train
11,5,4,0003,train
11,5,4,0008,train
11,5,4,0009,validation
11,5,4,0027,train
11,5,4,0029,train
11,5,4,0033,train
11,5,4,0037,train
11,5,4,0038,train
11,5,4,0046,validation
11,5,4,0053,validation
11,5,4,0063,train
11,5,4,0069,train
11,5,4,0079,train
11,5,4,0089,validation
11,5,4,0095,validation
11,5,4,0100,train
11,5,4,0106,train
11,5,4,0112,train
11,5,4,0116,validation
11,5,4,0117,train
11,5,4,0118,validation
11,5,4,0135,train
11,5,4,0139,train
11,5,4,0144,train
11,5,4,0153,train
11,5,4,0161,train
11,5,4,0178,validation
11,5,4,0202,train
11,5,4,0212,validation
11,5,4,0227,train
11,5,4,0242,train
11,5,4,0246,train
11,5,4,0256,train
11,5,4,0262,train
11,5,4,0268,train
11,5,4,0278,validation
11,5,4,0283,train
11,5,4,0287,train
11,5,4,0289,train
11,5,4,0296,train
11,5,4,0309,train
11,5,4,0311,train
11,5,4,0322,train
11,5,4,0323,validation
11,5,4,0330,train
11,5,4,0346,train
11,5,4,0347,train
11,5,4,0369,train
11,5,4,0370,train
11,5,4,0376,train
11,5,4,0379,train
11,5,4,0384,train
11,5,4,0399,train
11,5,4,0406,train
11,5,4,0468,train
11,5,4,0498,train
11,5,4,0546,train
11,5,5,0003,validation
11,5,5,0008,train
11,5,5,0009,train
11,5,5,0027,train
11,5,5,0029,train
11,5,5,0033,validation
11,5,5,0037,train
11,5,5,0038,train
11,5,5,0046,train
11,5,5,0053,train
11,5,5,0063,train
11,5,5,0069,validation
11,5,5,0079,train
11,5,5,0089,train
11,5,5,0095,train
11,5,5,0100,train
11,5,5,0106,train
11,5,5,0112,train
11,5,5,0116,train
11,5,5,0117,train
11,5,5,0118,train
11,5,5,0135,train
11,5,5,0139,train
11,5,5,0144,train
11,5,5,0153,train
11,5,5,0161,validation
11,5,5,0178,train
11,5,5,0202,validation
11,5,5,0212,train
11,5,5,0227,train
11,5,5,0242,train
11,5,5,0246,train
11,5,5,0256,validation
11,5,5,0262,validation
11,5,5,0268,train
11,5,5,0278,train
11,5,5,0283,train
11,5,5,0287,train
11,5,5,0289,validation
11,5,5,0296,train
11,5,5,0309,train
11,5,5,0311,train
11,5,5,0322,train
11,5,5,0323,train
11,5,5,0330,train
11,5,5,0346,train
11,5,5,0347,train
11,5,5,0369,train
11,5,5,0370,train
11,5,5,0376,train
11,5,5,0379,train
11,5,5,0384,validation
11,5,5,0399,train
11,5,5,0406,train
11,5,5,0468,validation
11,5,5,0498,validation
11,5,5,0546,train
12,1,1,0003,train
12,1,1,0008,train
12,1,1,0009,validation
12,1,1,0027,validation
12,1,1,0029,validation
12,1,1,0033,train
12,1,1,0038,validation
12,1,1,0041,train
12,1,1,0046,train
12,1,1,0053,train
12,1,1,0054,train
12,1,1,0063,validation
12,1,1,0069,train
12,1,1,0079,train
12,1,1,0089,train
12,1,1,0095,train
12,1,1,0106,train
12,1,1,0112,train
12,1,1,0117,train
12,1,1,0118,train
12,1,1,0135,train
12,1,1,0144,train
12,1,1,0161,validation
12,1,1,0178,validation
12,1,1,0202,train
12,1,1,0212,train
12,1,1,0227,train
12,1,1,0242,train
12,1,1,0248,train
12,1,1,0262,train
12,1,1,0268,train
12,1,1,0273,validation
12,1,1,0278,train
12,1,1,0281,train
12,1,1,0287,train
12,1,1,0296,train
12,1,1,0306,validation
12,1,1,0309,validation
12,1,1,0311,train
12,1,1,0322,train
12,1,1,0323,validation
12,1,1,0330,train
12,1,1,0346,train
12,1,1,0347,train
12,1,1,0369,train
12,1,1,0370,validation
12,1,1,0376,train
12,1,1,0384,train
12,1,1,0409,train
12,1,1,0412,train
12,1,1,0427,train
12,1,1,0432,train
12,1,1,0459,train
12,1,1,0468,train
12,1,1,0498,train
12,1,1,0546,train
12,1,2,0003,train
12,1,2,0008,validation
12,1,2,0009,train
12,1,2,0027,train
12,1,2,0029,train
12,1,2,0033,train
12,1,2,0038,train
12,1,2,0041,validation
12,1,2,0046,train
12,1,2,0053,validation
12,1,2,0054,validation
12,1,2,0063,train
12,1,2,0069,train
12,1,2,0079,train
12,1,2,0089,validation
12,1,2,0095,train
12,1,2,0106,train
12,1,2,0112,train
12,1,2,0117,train
12,1,2,0118,train
12,1,2,0135,train
12,1,2,0144,validation
12,1,2,0161,train
12,1,2,0178,train
12,1,2,0202,validation
12,1,2,0212,train
12,1,2,0227,train
12,1,2,0242,train
12,1,2,0248,train
12,1,2,0262,train
12,1,2,0268,train
12,1,2,0273,train
12,1,2,0278,validation
12,1,2,0281,validation
12,1,2,0287,train
12,1,2,0296,train
12,1,2,0306,train
12,1,2,0309,train
12,1,2,0311,train
12,1,2,0322,train
12,1,2,0323,train
12,1,2,0330,train
12,1,2,0346,train
12,1,2,0347,train
12,1,2,0369,train
12,1,2,0370,train
12,1,2,0376,validation
12,1,2,0384,train
12,1,2,0409,train
12,1,2,0412,train
12,1,2,0427,train
12,1,2,0432,train
12,1,2,0459,validation
12,1,2,0468,train
12,1,2,0498,validation
12,1,2,0546,train
12,1,3,0003,train
12,1,3,0008,train
12,1,3,0009,train
12,1,3,0027,train
12,1,3,0029,train
12,1,3,0033,train
12,1,3,0038,train
12,1,3,0041,train
12,1,3,0046,validation
12,1,3,0053,train
12,1,3,0054,train
12,1,3,0063,train
12,1,3,0069,train
12,1,3,0079,validation
12,1,3,0089,train
12,1,3,0095,validation
12,1,3,0106,train
12,1,3,0112,train
12,1,3,0117,validation
12,1,3,0118,train
12,1,3,0135,train
12,1,3,0144,train
12,1,3,0161,train
12,1,3,0178,train
12,1,3,0202,train
12,1,3,0212,train
12,1,3,0227,train
12,1,3,0242,train
12,1,3,0248,validation
12,1,3,0262,validation
12,1,3,0268,train
12,1,3,0273,train
12,1,3,0278,train
12,1,3,0281,train
12,1,3,0287,validation
12,1,3,0296,validation
12,1,3,0306,train
12,1,3,0309,train
12,1,3,0311,train
12,1,3,0322,validation
12,1,3,0323,train
12,1,3,0330,validation
12,1,3,0346,train
12,1,3,0347,train
12,1,3,0369,train
12,1,3,0370,train
12,1,3,0376,train
12,1,3,0384,train
12,1,3,0409,train
12,1,3,0412,validation
12,1,3,0427,train
12,1,3,0432,train
12,1,3,0459,train
12,1,3,0468,train
12,1,3,0498,train
12,1,3,0546,train
12,1,4,0003,validation
12,1,4,0008,train
12,1,4,0009,train
12,1,4,0027,train
12,1,4,0029,train
12,1,4,0033,validation
12,1,4,0038,train
12,1,4,0041,train
12,1,4,0046,train
12,1,4,0053,train
12,1,4,0054,train
12,1,4,0063,train
12,1,4,0069,train
12,1,4,0079,train
12,1,4,0089,train
12,1,4,0095,train
12,1,4,0106,validation
12,1,4,0112,validation
12,1,4,0117,train
12,1,4,0118,validation
12,1,4,0135,train
12,1,4,0144,train
12,1,4,0161,train
12,1,4,0178,train
12,1,4,0202,train
12,1,4,0212,validation
12,1,4,0227,validation
12,1,4,0242,validation
12,1,4,0248,train
12,1,4,0262,train
12,1,4,0268,validation
12,1,4,0273,train
12,1,4,0278,train
12,1,4,0281,train
12,1,4,0287,train
12,1,4,0296,train
12,1,4,0306,train
12,1,4,0309,train
12,1,4,0311,train
12,1,4,0322,train
12,1,4,0323,train
12,1,4,0330,train
12,1,4,0346,validation
12,1,4,0347,train
12,1,4,0369,train
12,1,4,0370,train
12,1,4,0376,train
12,1,4,0384,train
12,1,4,0409,train
12,1,4,0412,train
12,1,4,0427,train
12,1,4,0432,train
12,1,4,0459,train
12,1,4,0468,train
12,1,4,0498,train
12,1,4,0546,validation
12,1,5,0003,train
12,1,5,0008,train
12,1,5,0009,train
12,1,5,0027,train
12,1,5,0029,train
12,1,5,0033,train
12,1,5,0038,train
12,1,5,0041,train
12,1,5,0046,train
12,1,5,0053,train
12,1,5,0054,train
12,1,5,0063,train
12,1,5,0069,validation
12,1,5,0079,train
12,1,5,0089,train
12,1,5,0095,train
12,1,5,0106,train
12,1,5,0112,train
12,1,5,0117,train
12,1,5,0118,train
12,1,5,0135,validation
12,1,5,0144,train
12,1,5,0161,train
12,1,5,0178,train
12,1,5,0202,train
12,1,5,0212,train
12,1,5,0227,train
12,1,5,0242,train
12,1,5,0248,train
12,1,5,0262,train
12,1,5,0268,train
12,1,5,0273,train
12,1,5,0278,train
12,1,5,0281,train
12,1,5,0287,train
12,1,5,0296,train
12,1,5,0306,train
12,1,5,0309,train
12,1,5,0311,validation
12,1,5,0322,train
12,1,5,0323,train
12,1,5,0330,train
12,1,5,0346,train
12,1,5,0347,validation
12,1,5,0369,validation
12,1,5,0370,train
12,1,5,0376,train
12,1,5,0384,validation
12,1,5,0409,validation
12,1,5,0412,train
12,1,5,0427,validation
12,1,5,0432,validation
12,1,5,0459,train
12,1,5,0468,validation
12,1,5,0498,train
12,1,5,0546,train
12,2,1,0003,train
12,2,1,0008,train
12,2,1,0009,validation
12,2,1,0014,train
12,2,1,0027,train
12,2,1,0033,validation
12,2,1,0037,train
12,2,1,0038,train
12,2,1,0046,train
12,2,1,0053,validation
12,2,1,0054,train
12,2,1,0063,train
12,2,1,0079,train
12,2,1,0089,train
12,2,1,0095,validation
12,2,1,0100,validation
12,2,1,0106,train
12,2,1,0112,train
12,2,1,0116,train
12,2,1,0117,validation
12,2,1,0118,train
12,2,1,0135,train
12,2,1,0139,train
12,2,1,0144,train
12,2,1,0153,validation
12,2,1,0161,train
12,2,1,0170,train
12,2,1,0178,train
12,2,1,0212,train
12,2,1,0242,train
12,2,1,0246,validation
12,2,1,0256,train
12,2,1,0262,train
12,2,1,0268,train
12,2,1,0273,train
12,2,1,0278,train
12,2,1,0281,validation
12,2,1,0283,train
12,2,1,0289,train
12,2,1,0296,train
12,2,1,0304,train
12,2,1,0309,validation
12,2,1,0311,train
12,2,1,0322,train
12,2,1,0323,train
12,2,1,0330,train
12,2,1,0347,train
12,2,1,0379,validation
12,2,1,0384,train
12,2,1,0399,train
12,2,1,0406,train
12,2,1,0412,train
12,2,1,0432,train
12,2,1,0459,train
12,2,1,0468,validation
12,2,1,0498,train
12,2,1,0546,train
12,2,2,0003,train
12,2,2,0008,train
12,2,2,0009,train
12,2,2,0014,train
12,2,2,0027,train
12,2,2,0033,train
12,2,2,0037,train
12,2,2,0038,train
12,2,2,0046,validation
12,2,2,0053,train
12,2,2,0054,validation
12,2,2,0063,train
12,2,2,0079,validation
12,2,2,0089,train
12,2,2,0095,train
12,2,2,0100,train
12,2,2,0106,train
12,2,2,0112,validation
12,2,2,0116,train
12,2,2,0117,train
12,2,2,0118,train
12,2,2,0135,train
12,2,2,0139,train
12,2,2,0144,train
12,2,2,0153,train
12,2,2,0161,train
12,2,2,0170,train
12,2,2,0178,train
12,2,2,0212,train
12,2,2,0242,train
12,2,2,0246,train
12,2,2,0256,train
12,2,2,0262,validation
12,2,2,0268,train
12,2,2,0273,validation
12,2,2,0278,train
12,2,2,0281,train
12,2,2,0283,train
12,2,2,0289,train
12,2,2,0296,train
12,2,2,0304,validation
12,2,2,0309,train
12,2,2,0311,train
12,2,2,0322,validation
12,2,2,0323,train
12,2,2,0330,train
12,2,2,0347,train
12,2,2,0379,train
12,2,2,0384,validation
12,2,2,0399,train
12,2,2,0406,train
12,2,2,0412,train
12,2,2,0432,validation
12,2,2,0459,validation
12,2,2,0468,train
12,2,2,0498,train
12,2,2,0546,validation
12,2,3,0003,train
12,2,3,0008,validation
12,2,3,0009,train
12,2,3,0014,train
12,2,3,0027,train
12,2,3,0033,train
12,2,3,0037,train
12,2,3,0038,train
12,2,3,0046,train
12,2,3,0053,train
12,2,3,0054,train
12,2,3,0063,train
12,2,3,0079,train
12,2,3,0089,train
12,2,3,0095,train
12,2,3,0100,train
12,2,3,0106,train
12,2,3,0112,train
12,2,3,0116,validation
12,2,3,0117,train
12,2,3,0118,train
12,2,3,0135,validation
12,2,3,0139,validation
12,2,3,0144,validation
12,2,3,0153,train
12,2,3,0161,train
12,2,3,0170,train
12,2,3,0178,validation
12,2,3,0212,train
12,2,3,0242,train
12,2,3,0246,train
12,2,3,0256,train
12,2,3,0262,train
12,2,3,0268,validation
12,2,3,0273,train
12,2,3,0278,validation
12,2,3,0281,train
12,2,3,0283,train
12,2,3,0289,train
12,2,3,0296,validation
12,2,3,0304,train
12,2,3,0309,train
12,2,3,0311,train
12,2,3,0322,train
12,2,3,0323,train
12,2,3,0330,train
12,2,3,0347,train
12,2,3,0379,train
12,2,3,0384,train
12,2,3,0399,train
12,2,3,0406,validation
12,2,3,0412,train
12,2,3,0432,train
12,2,3,0459,train
12,2,3,0468,train
12,2,3,0498,validation
12,2,3,0546,train
12,2,4,0003,validation
12,2,4,0008,train
12,2,4,0009,train
12,2,4,0014,train
12,2,4,0027,validation
12,2,4,0033,train
12,2,4,0037,validation
12,2,4,0038,train
12,2,4,0046,train
12,2,4,0053,train
12,2,4,0054,train
12,2,4,0063,validation
12,2,4,0079,train
12,2,4,0089,validation
12,2,4,0095,train
12,2,4,0100,train
12,2,4,0106,validation
12,2,4,0112,train
12,2,4,0116,train
12,2,4,0117,train
12,2,4,0118,train
12,2,4,0135,train
12,2,4,0139,train
12,2,4,0144,train
12,2,4,0153,train
12,2,4,0161,validation
12,2,4,0170,train
12,2,4,0178,train
12,2,4,0212,train
12,2,4,0242,validation
12,2,4,0246,train
12,2,4,0256,train
12,2,4,0262,train
12,2,4,0268,train
12,2,4,0273,train
12,2,4,0278,train
12,2,4,0281,train
12,2,4,0283,train
12,2,4,0289,train
12,2,4,0296,train
12,2,4,0304,train
12,2,4,0309,train
12,2,4,0311,validation
12,2,4,0322,train
12,2,4,0323,train
12,2,4,0330,validation
12,2,4,0347,train
12,2,4,0379,train
12,2,4,0384,train
12,2,4,0399,train
12,2,4,0406,train
12,2,4,0412,validation
12,2,4,0432,train
12,2,4,0459,train
12,2,4,0468,train
12,2,4,0498,train
12,2,4,0546,train
12,2,5,0003,train
12,2,5,0008,train
12,2,5,0009,train
12,2,5,0014,validation
12,2,5,0027,train
12,2,5,0033,train
12,2,5,0037,train
12,2,5,0038,validation
12,2,5,0046,train
12,2,5,0053,train
12,2,5,0054,train
12,2,5,0063,train
12,2,5,0079,train
12,2,5,0089,train
12,2,5,0095,train
12,2,5,0100,train
12,2,5,0106,train
12,2,5,0112,train
12,2,5,0116,train
12,2,5,0117,train
12,2,5,0118,validation
12,2,5,0135,train
12,2,5,0139,train
12,2,5,0144,train
12,2,5,0153,train
12,2,5,0161,train
12,2,5,0170,validation
12,2,5,0178,train
12,2,5,0212,validation
12,2,5,0242,train
12,2,5,0246,train
12,2,5,0256,validation
12,2,5,0262,train
12,2,5,0268,train
12,2,5,0273,train
12,2,5,0278,train
12,2,5,0281,train
12,2,5,0283,validation
12,2,5,0289,validation
12,2,5,0296,train
12,2,5,0304,train
12,2,5,0309,train
12,2,5,0311,train
12,2,5,0322,train
12,2,5,0323,validation
12,2,5,0330,train
12,2,5,0347,validation
12,2,5,0379,train
12,2,5,0384,train
12,2,5,0399,validation
12,2,5,0406,train
12,2,5,0412,train
12,2,5,0432,train
12,2,5,0459,train
12,2,5,0468,train
12,2,5,0498,train
12,2,5,0546,train
12,3,1,0008,train
12,3,1,0014,validation
12,3,1,0027,train
12,3,1,0029,train
12,3,1,0037,train
12,3,1,0041,train
12,3,1,0046,validation
12,3,1,0054,train
12,3,1,0063,train
12,3,1,0069,train
12,3,1,0079,train
12,3,1,0089,train
12,3,1,0095,train
12,3,1,0100,validation
12,3,1,0106,validation
12,3,1,0112,validation
12,3,1,0116,train
12,3,1,0118,train
12,3,1,0135,validation
12,3,1,0139,train
12,3,1,0153,train
12,3,1,0161,train
12,3,1,0170,train
12,3,1,0178,train
12,3,1,0202,train
12,3,1,0212,train
12,3,1,0227,validation
12,3,1,0246,train
12,3,1,0248,train
12,3,1,0256,train
12,3,1,0262,validation
12,3,1,0268,validation
12,3,1,0278,train
12,3,1,0281,train
12,3,1,0283,train
12,3,1,0287,train
12,3,1,0289,train
12,3,1,0304,train
12,3,1,0306,train
12,3,1,0309,train
12,3,1,0311,train
12,3,1,0323,train
12,3,1,0330,train
12,3,1,0346,validation
12,3,1,0347,train
12,3,1,0369,train
12,3,1,0370,train
12,3,1,0376,train
12,3,1,0379,train
12,3,1,0384,validation
12,3,1,0399,train
12,3,1,0406,train
12,3,1,0409,validation
12,3,1,0427,train
12,3,1,0432,train
12,3,1,0468,train
12,3,1,0546,train
12,3,2,0008,train
12,3,2,0014,train
12,3,2,0027,validation
12,3,2,0029,train
12,3,2,0037,validation
12,3,2,0041,validation
12,3,2,0046,train
12,3,2,0054,train
12,3,2,0063,train
12,3,2,0069,train
12,3,2,0079,validation
12,3,2,0089,train
12,3,2,0095,train
12,3,2,0100,train
12,3,2,0106,train
12,3,2,0112,train
12,3,2,0116,train
12,3,2,0118,train
12,3,2,0135,train
12,3,2,0139,train
12,3,2,0153,train
12,3,2,0161,train
12,3,2,0170,train
12,3,2,0178,validation
12,3,2,0202,train
12,3,2,0212,train
12,3,2,0227,train
12,3,2,0246,train
12,3,2,0248,train
12,3,2,0256,train
12,3,2,0262,train
12,3,2,0268,train
12,3,2,0278,train
12,3,2,0281,train
12,3,2,0283,train
12,3,2,0287,train
12,3,2,0289,train
12,3,2,0304,validation
12,3,2,0306,train
12,3,2,0309,validation
12,3,2,0311,train
12,3,2,0323,train
12,3,2,0330,validation
12,3,2,0346,train
12,3,2,0347,train
12,3,2,0369,validation
12,3,2,0370,validation
12,3,2,0376,train
12,3,2,0379,train
12,3,2,0384,train
12,3,2,0399,train
12,3,2,0406,validation
12,3,2,0409,train
12,3,2,0427,validation
12,3,2,0432,train
12,3,2,0468,train
12,3,2,0546,train
12,3,3,0008,validation
12,3,3,0014,train
12,3,3,0027,train
12,3,3,0029,validation
12,3,3,0037,train
12,3,3,0041,train
12,3,3,0046,train
12,3,3,0054,train
12,3,3,0063,validation
12,3,3,0069,train
12,3,3,0079,train
12,3,3,0089,train
12,3,3,0095,validation
12,3,3,0100,train
12,3,3,0106,train
12,3,3,0112,train
12,3,3,0116,train
12,3,3,0118,train
12,3,3,0135,train
12,3,3,0139,train
12,3,3,0153,train
12,3,3,0161,train
12,3,3,0170,train
12,3,3,0178,train
12,3,3,0202,validation
12,3,3,0212,train
12,3,3,0227,train
12,3,3,0246,train
12,3,3,0248,train
12,3,3,0256,train
12,3,3,0262,train
12,3,3,0268,train
12,3,3,0278,train
12,3,3,0281,train
12,3,3,0283,validation
12,3,3,0287,train
12,3,3,0289,train
12,3,3,0304,train
12,3,3,0306,validation
12,3,3,0309,train
12,3,3,0311,train
12,3,3,0323,validation
12,3,3,0330,train
12,3,3,0346,train
12,3,3,0347,train
12,3,3,0369,train
12,3,3,0370,train
12,3,3,0376,train
12,3,3,0379,validation
12,3,3,0384,train
12,3,3,0399,validation
12,3,3,0406,train
12,3,3,0409,train
12,3,3,0427,train
12,3,3,0432,train
12,3,3,0468,validation
12,3,3,0546,train
12,3,4,0008,train
12,3,4,0014,train
12,3,4,0027,train
12,3,4,0029,train
12,3,4,0037,train
12,3,4,0041,train
12,3,4,0046,train
12,3,4,0054,train
12,3,4,0063,train
12,3,4,0069,validation
12,3,4,0079,train
12,3,4,0089,train
12,3,4,0095,train
12,3,4,0100,train
12,3,4,0106,train
12,3,4,0112,train
12,3,4,0116,train
12,3,4,0118,validation
12,3,4,0135,train
12,3,4,0139,train
12,3,4,0153,validation
12,3,4,0161,validation
12,3,4,0170,train
12,3,4,0178,train
12,3,4,0202,train
12,3,4,0212,validation
12,3,4,0227,train
12,3,4,0246,train
12,3,4,0248,validation
12,3,4,0256,validation
12,3,4,0262,train
12,3,4,0268,train
12,3,4,0278,train
12,3,4,0281,train
12,3,4,0283,train
12,3,4,0287,train
12,3,4,0289,validation
12,3,4,0304,train
12,3,4,0306,train
12,3,4,0309,train
12,3,4,0311,train
12,3,4,0323,train
12,3,4,0330,train
12,3,4,0346,train
12,3,4,0347,validation
12,3,4,0369,train
12,3,4,0370,train
12,3,4,0376,validation
12,3,4,0379,train
12,3,4,0384,train
12,3,4,0399,train
12,3,4,0406,train
12,3,4,0409,train
12,3,4,0427,train
12,3,4,0432,train
12,3,4,0468,train
12,3,4,0546,validation
12,3,5,0008,train
12,3,5,0014,train
12,3,5,0027,train
12,3,5,0029,train
12,3,5,0037,train
12,3,5,0041,train
12,3,5,0046,train
12,3,5,0054,validation
12,3,5,0063,train
12,3,5,0069,train
12,3,5,0079,train
12,3,5,0089,validation
12,3,5,0095,train
12,3,5,0100,train
12,3,5,0106,train
12,3,5,0112,train
12,3,5,0116,validation
12,3,5,0118,train
12,3,5,0135,train
12,3,5,0139,validation
12,3,5,0153,train
12,3,5,0161,train
12,3,5,0170,validation
12,3,5,0178,train
12,3,5,0202,train
12,3,5,0212,train
12,3,5,0227,train
12,3,5,0246,validation
12,3,5,0248,train
12,3,5,0256,train
12,3,5,0262,train
12,3,5,0268,train
12,3,5,0278,validation
12,3,5,0281,validation
12,3,5,0283,train
12,3,5,0287,validation
12,3,5,0289,train
12,3,5,0304,train
12,3,5,0306,train
12,3,5,0309,train
12,3,5,0311,validation
12,3,5,0323,train
12,3,5,0330,train
12,3,5,0346,train
12,3,5,0347,train
12,3,5,0369,train
12,3,5,0370,train
12,3,5,0376,train
12,3,5,0379,train
12,3,5,0384,train
12,3,5,0399,train
12,3,5,0406,train
12,3,5,0409,train
12,3,5,0427,train
12,3,5,0432,validation
12,3,5,0468,train
12,3,5,0546,train
12,4,1,0003,train
12,4,1,0008,train
12,4,1,0009,train
12,4,1,0014,train
12,4,1,0027,validation
12,4,1,0029,train
12,4,1,0033,train
12,4,1,0037,train
12,4,1,0038,train
12,4,1,0041,train
12,4,1,0053,validation
12,4,1,0063,train
12,4,1,0069,validation
12,4,1,0089,train
12,4,1,0095,train
12,4,1,0100,train
12,4,1,0106,validation
12,4,1,0116,train
12,4,1,0117,train
12,4,1,0135,train
12,4,1,0139,train
12,4,1,0144,train
12,4,1,0153,train
12,4,1,0170,train
12,4,1,0178,validation
12,4,1,0202,train
12,4,1,0212,train
12,4,1,0227,train
12,4,1,0242,train
12,4,1,0246,train
12,4,1,0248,train
12,4,1,0256,validation
12,4,1,0273,train
12,4,1,0281,train
12,4,1,0283,train
12,4,1,0287,train
12,4,1,0289,train
12,4,1,0296,train
12,4,1,0304,train
12,4,1,0306,validation
12,4,1,0309,train
12,4,1,0311,train
12,4,1,0322,validation
12,4,1,0346,validation
12,4,1,0347,train
12,4,1,0369,train
12,4,1,0370,train
12,4,1,0376,train
12,4,1,0379,validation
12,4,1,0384,train
12,4,1,0399,train
12,4,1,0406,train
12,4,1,0409,validation
12,4,1,0412,validation
12,4,1,0427,train
12,4,1,0459,train
12,4,1,0498,train
12,4,2,0003,train
12,4,2,0008,train
12,4,2,0009,validation
12,4,2,0014,train
12,4,2,0027,train
12,4,2,0029,train
12,4,2,0033,validation
12,4,2,0037,train
12,4,2,0038,train
12,4,2,0041,train
12,4,2,0053,train
12,4,2,0063,validation
12,4,2,0069,train
12,4,2,0089,validation
12,4,2,0095,validation
12,4,2,0100,train
12,4,2,0106,train
12,4,2,0116,train
12,4,2,0117,train
12,4,2,0135,train
12,4,2,0139,train
12,4,2,0144,train
12,4,2,0153,train
12,4,2,0170,validation
12,4,2,0178,train
12,4,2,0202,validation
12,4,2,0212,train
12,4,2,0227,train
12,4,2,0242,train
12,4,2,0246,train
12,4,2,0248,validation
12,4,2,0256,train
12,4,2,0273,validation
12,4,2,0281,train
12,4,2,0283,validation
12,4,2,0287,validation
12,4,2,0289,train
12,4,2,0296,train
12,4,2,0304,train
12,4,2,0306,train
12,4,2,0309,train
12,4,2,0311,train
12,4,2,0322,train
12,4,2,0346,train
12,4,2,0347,train
12,4,2,0369,train
12,4,2,0370,train
12,4,2,0376,train
12,4,2,0379,train
12,4,2,0384,train
12,4,2,0399,validation
12,4,2,0406,train
12,4,2,0409,train
12,4,2,0412,train
12,4,2,0427,train
12,4,2,0459,train
12,4,2,0498,train
12,4,3,0003,train
12,4,3,0008,validation
12,4,3,0009,train
12,4,3,0014,train
12,4,3,0027,train
12,4,3,0029,train
12,4,3,0033,train
12,4,3,0037,validation
12,4,3,0038,validation
12,4,3,0041,train
12,4,3,0053,train
12,4,3,0063,train
12,4,3,0069,train
12,4,3,0089,train
12,4,3,0095,train
12,4,3,0100,train
12,4,3,0106,train
12,4,3,0116,train
12,4,3,0117,train
12,4,3,0135,validation
12,4,3,0139,validation
12,4,3,0144,train
12,4,3,0153,train
12,4,3,0170,train
12,4,3,0178,train
12,4,3,0202,train
12,4,3,0212,train
12,4,3,0227,train
12,4,3,0242,train
12,4,3,0246,train
12,4,3,0248,train
12,4,3,0256,train
12,4,3,0273,train
12,4,3,0281,validation
12,4,3,0283,train
12,4,3,0287,train
12,4,3,0289,validation
12,4,3,0296,train
12,4,3,0304,train
12,4,3,0306,train
12,4,3,0309,train
12,4,3,0311,train
12,4,3,0322,train
12,4,3,0346,train
12,4,3,0347,validation
12,4,3,0369,validation
12,4,3,0370,train
12,4,3,0376,validation
12,4,3,0379,train
12,4,3,0384,train
12,4,3,0399,train
12,4,3,0406,train
12,4,3,0409,train
12,4,3,0412,train
12,4,3,0427,train
12,4,3,0459,train
12,4,3,0498,validation
12,4,4,0003,validation
12,4,4,0008,train
12,4,4,0009,train
12,4,4,0014,validation
12,4,4,0027,train
12,4,4,0029,validation
12,4,4,0033,train
12,4,4,0037,train
12,4,4,0038,train
12,4,4,0041,train
12,4,4,0053,train
12,4,4,0063,train
12,4,4,0069,train
12,4,4,0089,train
12,4,4,0095,train
12,4,4,0100,train
12,4,4,0106,train
12,4,4,0116,validation
12,4,4,0117,validation
12,4,4,0135,train
12,4,4,0139,train
12,4,4,0144,validation
12,4,4,0153,validation
12,4,4,0170,train
12,4,4,0178,train
12,4,4,0202,train
12,4,4,0212,validation
12,4,4,0227,train
12,4,4,0242,train
12,4,4,0246,validation
12,4,4,0248,train
12,4,4,0256,train
12,4,4,0273,train
12,4,4,0281,train
12,4,4,0283,train
12,4,4,0287,train
12,4,4,0289,train
12,4,4,0296,train
12,4,4,0304,train
12,4,4,0306,train
12,4,4,0309,validation
12,4,4,0311,train
12,4,4,0322,train
12,4,4,0346,train
12,4,4,0347,train
12,4,4,0369,train
12,4,4,0370,train
12,4,4,0376,train
12,4,4,0379,train
12,4,4,0384,train
12,4,4,0399,train
12,4,4,0406,train
12,4,4,0409,train
12,4,4,0412,train
12,4,4,0427,validation
12,4,4,0459,train
12,4,4,0498,train
12,4,5,0003,train
12,4,5,0008,train
12,4,5,0009,train
12,4,5,0014,train
12,4,5,0027,train
12,4,5,0029,train
12,4,5,0033,train
12,4,5,0037,train
12,4,5,0038,train
12,4,5,0041,validation
12,4,5,0053,train
12,4,5,0063,train
12,4,5,0069,train
12,4,5,0089,train
12,4,5,0095,train
12,4,5,0100,validation
12,4,5,0106,train
12,4,5,0116,train
12,4,5,0117,train
12,4,5,0135,train
12,4,5,0139,train
12,4,5,0144,train
12,4,5,0153,train
12,4,5,0170,train
12,4,5,0178,train
12,4,5,0202,train
12,4,5,0212,train
12,4,5,0227,validation
12,4,5,0242,validation
12,4,5,0246,train
12,4,5,0248,train
12,4,5,0256,train
12,4,5,0273,train
12,4,5,0281,train
12,4,5,0283,train
12,4,5,0287,train
12,4,5,0289,train
12,4,5,0296,validation
12,4,5,0304,validation
12,4,5,0306,train
12,4,5,0309,train
12,4,5,0311,validation
12,4,5,0322,train
12,4,5,0346,train
12,4,5,0347,train
12,4,5,0369,train
12,4,5,0370,validation
12,4,5,0376,train
12,4,5,0379,train
12,4,5,0384,validation
12,4,5,0399,train
12,4,5,0406,validation
12,4,5,0409,train
12,4,5,0412,train
12,4,5,0427,train
12,4,5,0459,validation
12,4,5,0498,train
12,5,1,0003,validation
12,5,1,0009,train
12,5,1,0014,train
12,5,1,0029,train
12,5,1,0033,train
12,5,1,0037,train
12,5,1,0038,train
12,5,1,0041,train
12,5,1,0046,train
12,5,1,0053,train
12,5,1,0054,train
12,5,1,0069,train
12,5,1,0079,train
12,5,1,0100,train
12,5,1,0112,validation
12,5,1,0116,train
12,5,1,0117,train
12,5,1,0118,train
12,5,1,0139,validation
12,5,1,0144,train
12,5,1,0153,train
12,5,1,0161,train
12,5,1,0170,train
12,5,1,0202,train
12,5,1,0227,train
12,5,1,0242,train
12,5,1,0246,train
12,5,1,0248,train
12,5,1,0256,train
12,5,1,0262,validation
12,5,1,0268,validation
12,5,1,0273,train
12,5,1,0278,train
12,5,1,0283,train
12,5,1,0287,train
12,5,1,0289,train
12,5,1,0296,train
12,5,1,0304,train
12,5,1,0306,validation
12,5,1,0322,train
12,5,1,0323,validation
12,5,1,0330,train
12,5,1,0346,validation
12,5,1,0369,validation
12,5,1,0370,train
12,5,1,0376,validation
12,5,1,0379,train
12,5,1,0399,train
12,5,1,0406,train
12,5,1,0409,train
12,5,1,0412,train
12,5,1,0427,train
12,5,1,0432,train
12,5,1,0459,train
12,5,1,0468,validation
12,5,1,0498,train
12,5,1,0546,validation
12,5,2,0003,train
12,5,2,0009,train
12,5,2,0014,train
12,5,2,0029,validation
12,5,2,0033,validation
12,5,2,0037,train
12,5,2,0038,train
12,5,2,0041,validation
12,5,2,0046,train
12,5,2,0053,train
12,5,2,0054,train
12,5,2,0069,train
12,5,2,0079,train
12,5,2,0100,validation
12,5,2,0112,train
12,5,2,0116,train
12,5,2,0117,validation
12,5,2,0118,train
12,5,2,0139,train
12,5,2,0144,train
12,5,2,0153,train
12,5,2,0161,train
12,5,2,0170,train
12,5,2,0202,validation
12,5,2,0227,train
12,5,2,0242,train
12,5,2,0246,validation
12,5,2,0248,train
12,5,2,0256,validation
12,5,2,0262,train
12,5,2,0268,train
12,5,2,0273,train
12,5,2,0278,train
12,5,2,0283,train
12,5,2,0287,validation
12,5,2,0289,validation
12,5,2,0296,train
12,5,2,0304,train
12,5,2,0306,train
12,5,2,0322,train
12,5,2,0323,train
12,5,2,0330,train
12,5,2,0346,train
12,5,2,0369,train
12,5,2,0370,validation
12,5,2,0376,train
12,5,2,0379,train
12,5,2,0399,train
12,5,2,0406,train
12,5,2,0409,validation
12,5,2,0412,train
12,5,2,0427,train
12,5,2,0432,train
12,5,2,0459,train
12,5,2,0468,train
12,5,2,0498,train
12,5,2,0546,train
12,5,3,0003,train
12,5,3,0009,validation
12,5,3,0014,train
12,5,3,0029,train
12,5,3,0033,train
12,5,3,0037,validation
12,5,3,0038,validation
12,5,3,0041,train
12,5,3,0046,train
12,5,3,0053,train
12,5,3,0054,validation
12,5,3,0069,validation
12,5,3,0079,train
12,5,3,0100,train
12,5,3,0112,train
12,5,3,0116,train
12,5,3,0117,train
12,5,3,0118,train
12,5,3,0139,train
12,5,3,0144,validation
12,5,3,0153,train
12,5,3,0161,train
12,5,3,0170,train
12,5,3,0202,train
12,5,3,0227,train
12,5,3,0242,train
12,5,3,0246,train
12,5,3,0248,train
12,5,3,0256,train
12,5,3,0262,train
12,5,3,0268,train
12,5,3,0273,train
12,5,3,0278,validation
12,5,3,0283,train
12,5,3,0287,train
12,5,3,0289,train
12,5,3,0296,train
12,5,3,0304,train
12,5,3,0306,train
12,5,3,0322,train
12,5,3,0323,train
12,5,3,0330,train
12,5,3,0346,train
12,5,3,0369,train
12,5,3,0370,train
12,5,3,0376,train
12,5,3,0379,train
12,5,3,0399,validation
12,5,3,0406,validation
12,5,3,0409,train
12,5,3,0412,validation
12,5,3,0427,train
12,5,3,0432,validation
12,5,3,0459,train
12,5,3,0468,train
12,5,3,0498,train
12,5,3,0546,train
12,5,4,0003,train
12,5,4,0009,train
12,5,4,0014,validation
12,5,4,0029,train
12,5,4,0033,train
12,5,4,0037,train
12,5,4,0038,train
12,5,4,0041,train
12,5,4,0046,validation
12,5,4,0053,train
12,5,4,0054,train
12,5,4,0069,train
12,5,4,0079,validation
12,5,4,0100,train
12,5,4,0112,train
12,5,4,0116,train
12,5,4,0117,train
12,5,4,0118,validation
12,5,4,0139,train
12,5,4,0144,train
12,5,4,0153,validation
12,5,4,0161,validation
12,5,4,0170,validation
12,5,4,0202,train
12,5,4,0227,train
12,5,4,0242,train
12,5,4,0246,train
12,5,4,0248,validation
12,5,4,0256,train
12,5,4,0262,train
12,5,4,0268,train
12,5,4,0273,validation
12,5,4,0278,train
12,5,4,0283,train
12,5,4,0287,train
12,5,4,0289,train
12,5,4,0296,validation
12,5,4,0304,validation
12,5,4,0306,train
12,5,4,0322,train
12,5,4,0323,train
12,5,4,0330,train
12,5,4,0346,train
12,5,4,0369,train
12,5,4,0370,train
12,5,4,0376,train
12,5,4,0379,train
12,5,4,0399,train
12,5,4,0406,train
12,5,4,0409,train
12,5,4,0412,train
12,5,4,0427,train
12,5,4,0432,train
12,5,4,0459,train
12,5,4,0468,train
12,5,4,0498,train
12,5,4,0546,train
12,5,5,0003,train
12,5,5,0009,train
12,5,5,0014,train
12,5,5,0029,train
12,5,5,0033,train
12,5,5,0037,train
12,5,5,0038,train
12,5,5,0041,train
12,5,5,0046,train
12,5,5,0053,validation
12,5,5,0054,train
12,5,5,0069,train
12,5,5,0079,train
12,5,5,0100,train
12,5,5,0112,train
12,5,5,0116,validation
12,5,5,0117,train
12,5,5,0118,train
12,5,5,0139,train
12,5,5,0144,train
12,5,5,0153,train
12,5,5,0161,train
12,5,5,0170,train
12,5,5,0202,train
12,5,5,0227,validation
12,5,5,0242,validation
12,5,5,0246,train
12,5,5,0248,train
12,5,5,0256,train
12,5,5,0262,train
12,5,5,0268,train
12,5,5,0273,train
12,5,5,0278,train
12,5,5,0283,validation
12,5,5,0287,train
12,5,5,0289,train
12,5,5,0296,train
12,5,5,0304,train
12,5,5,0306,train
12,5,5,0322,validation
12,5,5,0323,train
12,5,5,0330,validation
12,5,5,0346,train
12,5,5,0369,train
12,5,5,0370,train
12,5,5,0376,train
12,5,5,0379,validation
12,5,5,0399,train
12,5,5,0406,train
12,5,5,0409,train
12,5,5,0412,train
12,5,5,0427,validation
12,5,5,0432,train
12,5,5,0459,validation
12,5,5,0468,train
12,5,5,0498,validation
12,5,5,0546,train
13,1,1,0003,train
13,1,1,0008,train
13,1,1,0009,train
13,1,1,0014,validation
13,1,1,0027,validation
13,1,1,0029,train
13,1,1,0033,train
13,1,1,0037,train
13,1,1,0041,train
13,1,1,0046,train
13,1,1,0053,train
13,1,1,0069,train
13,1,1,0079,train
13,1,1,0089,validation
13,1,1,0095,validation
13,1,1,0100,train
13,1,1,0106,train
13,1,1,0112,train
13,1,1,0116,validation
13,1,1,0139,train
13,1,1,0144,train
13,1,1,0153,train
13,1,1,0178,validation
13,1,1,0202,train
13,1,1,0212,train
13,1,1,0227,train
13,1,1,0248,train
13,1,1,0262,train
13,1,1,0268,train
13,1,1,0273,train
13,1,1,0278,train
13,1,1,0281,train
13,1,1,0283,train
13,1,1,0287,train
13,1,1,0289,train
13,1,1,0296,validation
13,1,1,0304,train
13,1,1,0306,train
13,1,1,0309,train
13,1,1,0311,validation
13,1,1,0322,train
13,1,1,0323,train
13,1,1,0330,train
13,1,1,0346,train
13,1,1,0369,train
13,1,1,0376,train
13,1,1,0379,train
13,1,1,0384,validation
13,1,1,0399,validation
13,1,1,0406,validation
13,1,1,0409,validation
13,1,1,0412,train
13,1,1,0427,train
13,1,1,0432,train
13,1,1,0459,train
13,1,1,0498,train
13,1,2,0003,train
13,1,2,0008,train
13,1,2,0009,validation
13,1,2,0014,train
13,1,2,0027,train
13,1,2,0029,train
13,1,2,0033,train
13,1,2,0037,validation
13,1,2,0041,validation
13,1,2,0046,train
13,1,2,0053,train
13,1,2,0069,train
13,1,2,0079,validation
13,1,2,0089,train
13,1,2,0095,train
13,1,2,0100,train
13,1,2,0106,train
13,1,2,0112,validation
13,1,2,0116,train
13,1,2,0139,validation
13,1,2,0144,train
13,1,2,0153,train
13,1,2,0178,train
13,1,2,0202,train
13,1,2,0212,train
13,1,2,0227,train
13,1,2,0248,validation
13,1,2,0262,train
13,1,2,0268,train
13,1,2,0273,train
13,1,2,0278,train
13,1,2,0281,train
13,1,2,0283,train
13,1,2,0287,validation
13,1,2,0289,validation
13,1,2,0296,train
13,1,2,0304,train
13,1,2,0306,train
13,1,2,0309,train
13,1,2,0311,train
13,1,2,0322,train
13,1,2,0323,train
13,1,2,0330,validation
13,1,2,0346,train
13,1,2,0369,train
13,1,2,0376,train
13,1,2,0379,train
13,1,2,0384,train
13,1,2,0399,train
13,1,2,0406,train
13,1,2,0409,train
13,1,2,0412,train
13,1,2,0427,validation
13,1,2,0432,validation
13,1,2,0459,train
13,1,2,0498,train
13,1,3,0003,validation
13,1,3,0008,validation
13,1,3,0009,train
13,1,3,0014,train
13,1,3,0027,train
13,1,3,0029,train
13,1,3,0033,validation
13,1,3,0037,train
13,1,3,0041,train
13,1,3,0046,train
13,1,3,0053,train
13,1,3,0069,train
13,1,3,0079,train
13,1,3,0089,train
13,1,3,0095,train
13,1,3,0100,train
13,1,3,0106,validation
13,1,3,0112,train
13,1,3,0116,train
13,1,3,0139,train
13,1,3,0144,train
13,1,3,0153,train
13,1,3,0178,train
13,1,3,0202,train
13,1,3,0212,train
13,1,3,0227,validation
13,1,3,0248,train
13,1,3,0262,train
13,1,3,0268,train
13,1,3,0273,train
13,1,3,0278,train
13,1,3,0281,train
13,1,3,0283,train
13,1,3,0287,train
13,1,3,0289,train
13,1,3,0296,train
13,1,3,0304,train
13,1,3,0306,validation
13,1,3,0309,train
13,1,3,0311,train
13,1,3,0322,validation
13,1,3,0323,train
13,1,3,0330,train
13,1,3,0346,train
13,1,3,0369,validation
13,1,3,0376,validation
13,1,3,0379,train
13,1,3,0384,train
13,1,3,0399,train
13,1,3,0406,train
13,1,3,0409,train
13,1,3,0412,validation
13,1,3,0427,train
13,1,3,0432,train
13,1,3,0459,train
13,1,3,0498,validation
13,1,4,0003,train
13,1,4,0008,train
13,1,4,0009,train
13,1,4,0014,train
13,1,4,0027,train
13,1,4,0029,validation
13,1,4,0033,train
13,1,4,0037,train
13,1,4,0041,train
13,1,4,0046,train
13,1,4,0053,validation
13,1,4,0069,train
13,1,4,0079,train
13,1,4,0089,train
13,1,4,0095,train
13,1,4,0100,validation
13,1,4,0106,train
13,1,4,0112,train
13,1,4,0116,train
13,1,4,0139,train
13,1,4,0144,train
13,1,4,0153,validation
13,1,4,0178,train
13,1,4,0202,train
13,1,4,0212,validation
13,1,4,0227,train
13,1,4,0248,train
13,1,4,0262,validation
13,1,4,0268,train
13,1,4,0273,train
13,1,4,0278,validation
13,1,4,0281,validation
13,1,4,0283,validation
13,1,4,0287,train
13,1,4,0289,train
13,1,4,0296,train
13,1,4,0304,validation
13,1,4,0306,train
13,1,4,0309,validation
13,1,4,0311,train
13,1,4,0322,train
13,1,4,0323,train
13,1,4,0330,train
13,1,4,0346,train
13,1,4,0369,train
13,1,4,0376,train
13,1,4,0379,train
13,1,4,0384,train
13,1,4,0399,train
13,1,4,0406,train
13,1,4,0409,train
13,1,4,0412,train
13,1,4,0427,train
13,1,4,0432,train
13,1,4,0459,train
13,1,4,0498,train
13,1,5,0003,train
13,1,5,0008,train
13,1,5,0009,train
13,1,5,0014,train
13,1,5,0027,train
13,1,5,0029,train
13,1,5,0033,train
13,1,5,0037,train
13,1,5,0041,train
13,1,5,0046,validation
13,1,5,0053,train
13,1,5,0069,validation
13,1,5,0079,train
13,1,5,0089,train
13,1,5,0095,train
13,1,5,0100,train
13,1,5,0106,train
13,1,5,0112,train
13,1,5,0116,train
13,1,5,0139,train
13,1,5,0144,validation
13,1,5,0153,train
13,1,5,0178,train
13,1,5,0202,validation
13,1,5,0212,train
13,1,5,0227,train
13,1,5,0248,train
13,1,5,0262,train
13,1,5,0268,validation
13,1,5,0273,validation
13,1,5,0278,train
13,1,5,0281,train
13,1,5,0283,train
13,1,5,0287,train
13,1,5,0289,train
13,1,5,0296,train
13,1,5,0304,train
13,1,5,0306,train
13,1,5,0309,train
13,1,5,0311,train
13,1,5,0322,train
13,1,5,0323,validation
13,1,5,0330,train
13,1,5,0346,validation
13,1,5,0369,train
13,1,5,0376,train
13,1,5,0379,validation
13,1,5,0384,train
13,1,5,0399,train
13,1,5,0406,train
13,1,5,0409,train
13,1,5,0412,train
13,1,5,0427,train
13,1,5,0432,train
13,1,5,0459,validation
13,1,5,0498,train
13,2,1,0003,validation
13,2,1,0008,validation
13,2,1,0009,train
13,2,1,0014,train
13,2,1,0027,train
13,2,1,0029,train
13,2,1,0033,train
13,2,1,0037,train
13,2,1,0038,train
13,2,1,0041,train
13,2,1,0053,validation
13,2,1,0054,train
13,2,1,0063,validation
13,2,1,0079,train
13,2,1,0089,train
13,2,1,0095,train
13,2,1,0106,train
13,2,1,0112,train
13,2,1,0116,train
13,2,1,0117,validation
13,2,1,0118,train
13,2,1,0135,validation
13,2,1,0139,train
13,2,1,0144,train
13,2,1,0153,train
13,2,1,0161,validation
13,2,1,0170,train
13,2,1,0202,train
13,2,1,0212,validation
13,2,1,0242,train
13,2,1,0246,train
13,2,1,0256,validation
13,2,1,0262,train
13,2,1,0273,train
13,2,1,0278,train
13,2,1,0281,train
13,2,1,0296,train
13,2,1,0304,validation
13,2,1,0306,train
13,2,1,0322,train
13,2,1,0323,validation
13,2,1,0330,train
13,2,1,0346,train
13,2,1,0347,train
13,2,1,0369,validation
13,2,1,0370,train
13,2,1,0376,train
13,2,1,0379,train
13,2,1,0384,train
13,2,1,0406,train
13,2,1,0412,train
13,2,1,0427,train
13,2,1,0432,train
13,2,1,0459,train
13,2,1,0468,train
13,2,1,0498,train
13,2,1,0546,train
13,2,2,0003,train
13,2,2,0008,train
13,2,2,0009,validation
13,2,2,0014,train
13,2,2,0027,train
13,2,2,0029,validation
13,2,2,0033,train
13,2,2,0037,validation
13,2,2,0038,train
13,2,2,0041,validation
13,2,2,0053,train
13,2,2,0054,validation
13,2,2,0063,train
13,2,2,0079,train
13,2,2,0089,validation
13,2,2,0095,train
13,2,2,0106,validation
13,2,2,0112,train
13,2,2,0116,train
13,2,2,0117,train
13,2,2,0118,train
13,2,2,0135,train
13,2,2,0139,validation
13,2,2,0144,train
13,2,2,0153,train
13,2,2,0161,train
13,2,2,0170,train
13,2,2,0202,train
13,2,2,0212,train
13,2,2,0242,train
13,2,2,0246,train
13,2,2,0256,train
13,2,2,0262,validation
13,2,2,0273,train
13,2,2,0278,train
13,2,2,0281,validation
13,2,2,0296,train
13,2,2,0304,train
13,2,2,0306,validation
13,2,2,0322,train
13,2,2,0323,train
13,2,2,0330,validation
13,2,2,0346,train
13,2,2,0347,train
13,2,2,0369,train
13,2,2,0370,train
13,2,2,0376,train
13,2,2,0379,train
13,2,2,0384,train
13,2,2,0406,train
13,2,2,0412,train
13,2,2,0427,train
13,2,2,0432,train
13,2,2,0459,train
13,2,2,0468,train
13,2,2,0498,train
13,2,2,0546,train
13,2,3,0003,train
13,2,3,0008,train
13,2,3,0009,train
13,2,3,0014,train
13,2,3,0027,train
13,2,3,0029,train
13,2,3,0033,validation
13,2,3,0037,train
13,2,3,0038,train
13,2,3,0041,train
13,2,3,0053,train
13,2,3,0054,train
13,2,3,0063,train
13,2,3,0079,validation
13,2,3,0089,train
13,2,3,0095,train
13,2,3,0106,train
13,2,3,0112,train
13,2,3,0116,validation
13,2,3,0117,train
13,2,3,0118,train
13,2,3,0135,train
13,2,3,0139,train
13,2,3,0144,train
13,2,3,0153,train
13,2,3,0161,train
13,2,3,0170,validation
13,2,3,0202,train
13,2,3,0212,train
13,2,3,0242,validation
13,2,3,0246,train
13,2,3,0256,train
13,2,3,0262,train
13,2,3,0273,train
13,2,3,0278,train
13,2,3,0281,train
13,2,3,0296,train
13,2,3,0304,train
13,2,3,0306,train
13,2,3,0322,train
13,2,3,0323,train
13,2,3,0330,train
13,2,3,0346,validation
13,2,3,0347,train
13,2,3,0369,train
13,2,3,0370,validation
13,2,3,0376,train
13,2,3,0379,train
13,2,3,0384,train
13,2,3,0406,train
13,2,3,0412,train
13,2,3,0427,validation
13,2,3,0432,validation
13,2,3,0459,validation
13,2,3,0468,validation
13,2,3,0498,train
13,2,3,0546,train
13,2,4,0003,train
13,2,4,0008,train
13,2,4,0009,train
13,2,4,0014,validation
13,2,4,0027,train
13,2,4,0029,train
13,2,4,0033,train
13,2,4,0037,train
13,2,4,0038,train
13,2,4,0041,train
13,2,4,0053,train
13,2,4,0054,train
13,2,4,0063,train
13,2,4,0079,train
13,2,4,0089,train
13,2,4,0095,train
13,2,4,0106,train
13,2,4,0112,validation
13,2,4,0116,train
13,2,4,0117,train
13,2,4,0118,train
13,2,4,0135,train
13,2,4,0139,train
13,2,4,0144,validation
13,2,4,0153,validation
13,2,4,0161,train
13,2,4,0170,train
13,2,4,0202,train
13,2,4,0212,train
13,2,4,0242,train
13,2,4,0246,validation
13,2,4,0256,train
13,2,4,0262,train
13,2,4,0273,validation
13,2,4,0278,train
13,2,4,0281,train
13,2,4,0296,validation
13,2,4,0304,train
13,2,4,0306,train
13,2,4,0322,train
13,2,4,0323,train
13,2,4,0330,train
13,2,4,0346,train
13,2,4,0347,train
13,2,4,0369,train
13,2,4,0370,train
13,2,4,0376,validation
13,2,4,0379,validation
13,2,4,0384,train
13,2,4,0406,validation
13,2,4,0412,train
13,2,4,0427,train
13,2,4,0432,train
13,2,4,0459,train
13,2,4,0468,train
13,2,4,0498,train
13,2,4,0546,validation
13,2,5,0003,train
13,2,5,0008,train
13,2,5,0009,train
13,2,5,0014,train
13,2,5,0027,validation
13,2,5,0029,train
13,2,5,0033,train
13,2,5,0037,train
13,2,5,0038,validation
13,2,5,0041,train
13,2,5,0053,train
13,2,5,0054,train
13,2,5,0063,train
13,2,5,0079,train
13,2,5,0089,train
13,2,5,0095,validation
13,2,5,0106,train
13,2,5,0112,train
13,2,5,0116,train
13,2,5,0117,train
13,2,5,0118,validation
13,2,5,0135,train
13,2,5,0139,train
13,2,5,0144,train
13,2,5,0153,train
13,2,5,0161,train
13,2,5,0170,train
13,2,5,0202,validation
13,2,5,0212,train
13,2,5,0242,train
13,2,5,0246,train
13,2,5,0256,train
13,2,5,0262,train
13,2,5,0273,train
13,2,5,0278,validation
13,2,5,0281,train
13,2,5,0296,train
13,2,5,0304,train
13,2,5,0306,train
13,2,5,0322,validation
13,2,5,0323,train
13,2,5,0330,train
13,2,5,0346,train
13,2,5,0347,validation
13,2,5,0369,train
13,2,5,0370,train
13,2,5,0376,train
13,2,5,0379,train
13,2,5,0384,validation
13,2,5,0406,train
13,2,5,0412,validation
13,2,5,0427,train
13,2,5,0432,train
13,2,5,0459,train
13,2,5,0468,train
13,2,5,0498,validation
13,2,5,0546,train
13,3,1,0003,train
13,3,1,0008,train
13,3,1,0009,train
13,3,1,0027,train
13,3,1,0029,train
13,3,1,0033,train
13,3,1,0037,train
13,3,1,0038,train
13,3,1,0041,train
13,3,1,0046,train
13,3,1,0053,train
13,3,1,0054,validation
13,3,1,0063,train
13,3,1,0069,validation
13,3,1,0089,train
13,3,1,0095,train
13,3,1,0100,train
13,3,1,0112,train
13,3,1,0117,train
13,3,1,0118,validation
13,3,1,0135,validation
13,3,1,0139,train
13,3,1,0144,train
13,3,1,0161,train
13,3,1,0170,train
13,3,1,0178,train
13,3,1,0202,validation
13,3,1,0227,validation
13,3,1,0242,train
13,3,1,0246,train
13,3,1,0248,train
13,3,1,0256,train
13,3,1,0262,validation
13,3,1,0268,train
13,3,1,0273,train
13,3,1,0283,train
13,3,1,0287,validation
13,3,1,0289,train
13,3,1,0296,validation
13,3,1,0304,train
13,3,1,0309,train
13,3,1,0311,train
13,3,1,0323,train
13,3,1,0347,train
13,3,1,0369,train
13,3,1,0370,validation
13,3,1,0376,validation
13,3,1,0379,train
13,3,1,0384,train
13,3,1,0399,train
13,3,1,0409,train
13,3,1,0412,train
13,3,1,0427,train
13,3,1,0432,train
13,3,1,0468,train
13,3,1,0498,train
13,3,1,0546,validation
13,3,2,0003,validation
13,3,2,0008,train
13,3,2,0009,train
13,3,2,0027,validation
13,3,2,0029,validation
13,3,2,0033,train
13,3,2,0037,train
13,3,2,0038,validation
13,3,2,0041,train
13,3,2,0046,train
13,3,2,0053,train
13,3,2,0054,train
13,3,2,0063,train
13,3,2,0069,train
13,3,2,0089,train
13,3,2,0095,validation
13,3,2,0100,train
13,3,2,0112,train
13,3,2,0117,train
13,3,2,0118,train
13,3,2,0135,train
13,3,2,0139,train
13,3,2,0144,train
13,3,2,0161,train
13,3,2,0170,train
13,3,2,0178,validation
13,3,2,0202,train
13,3,2,0227,train
13,3,2,0242,train
13,3,2,0246,train
13,3,2,0248,train
13,3,2,0256,train
13,3,2,0262,train
13,3,2,0268,train
13,3,2,0273,train
13,3,2,0283,train
13,3,2,0287,train
13,3,2,0289,validation
13,3,2,0296,train
13,3,2,0304,validation
13,3,2,0309,train
13,3,2,0311,train
13,3,2,0323,train
13,3,2,0347,train
13,3,2,0369,validation
13,3,2,0370,train
13,3,2,0376,train
13,3,2,0379,validation
13,3,2,0384,train
13,3,2,0399,train
13,3,2,0409,validation
13,3,2,0412,train
13,3,2,0427,train
13,3,2,0432,train
13,3,2,0468,validation
13,3,2,0498,train
13,3,2,0546,train
13,3,3,0003,train
13,3,3,0008,train
13,3,3,0009,train
13,3,3,0027,train
13,3,3,0029,train
13,3,3,0033,validation
13,3,3,0037,validation
13,3,3,0038,train
13,3,3,0041,train
13,3,3,0046,train
13,3,3,0053,train
13,3,3,0054,train
13,3,3,0063,train
13,3,3,0069,train
13,3,3,0089,train
13,3,3,0095,train
13,3,3,0100,train
13,3,3,0112,validation
13,3,3,0117,train
13,3,3,0118,train
13,3,3,0135,train
13,3,3,0139,train
13,3,3,0144,validation
13,3,3,0161,validation
13,3,3,0170,train
13,3,3,0178,train
13,3,3,0202,train
13,3,3,0227,train
13,3,3,0242,validation
13,3,3,0246,train
13,3,3,0248,train
13,3,3,0256,train
13,3,3,0262,train
13,3,3,0268,validation
13,3,3,0273,validation
13,3,3,0283,train
13,3,3,0287,train
13,3,3,0289,train
13,3,3,0296,train
13,3,3,0304,train
13,3,3,0309,train
13,3,3,0311,train
13,3,3,0323,train
13,3,3,0347,train
13,3,3,0369,train
13,3,3,0370,train
13,3,3,0376,train
13,3,3,0379,train
13,3,3,0384,validation
13,3,3,0399,train
13,3,3,0409,train
13,3,3,0412,train
13,3,3,0427,validation
13,3,3,0432,train
13,3,3,0468,train
13,3,3,0498,validation
13,3,3,0546,train
13,3,4,0003,train
13,3,4,0008,validation
13,3,4,0009,validation
13,3,4,0027,train
13,3,4,0029,train
13,3,4,0033,train
13,3,4,0037,train
13,3,4,0038,train
13,3,4,0041,validation
13,3,4,0046,validation
13,3,4,0053,validation
13,3,4,0054,train
13,3,4,0063,validation
13,3,4,0069,train
13,3,4,0089,train
13,3,4,0095,train
13,3,4,0100,train
13,3,4,0112,train
13,3,4,0117,validation
13,3,4,0118,train
13,3,4,0135,train
13,3,4,0139,train
13,3,4,0144,train
13,3,4,0161,train
13,3,4,0170,train
13,3,4,0178,train
13,3,4,0202,train
13,3,4,0227,train
13,3,4,0242,train
13,3,4,0246,train
13,3,4,0248,validation
13,3,4,0256,train
13,3,4,0262,train
13,3,4,0268,train
13,3,4,0273,train
13,3,4,0283,train
13,3,4,0287,train
13,3,4,0289,train
13,3,4,0296,train
13,3,4,0304,train
13,3,4,0309,train
13,3,4,0311,train
13,3,4,0323,validation
13,3,4,0347,validation
13,3,4,0369,train
13,3,4,0370,train
13,3,4,0376,train
13,3,4,0379,train
13,3,4,0384,train
13,3,4,0399,train
13,3,4,0409,train
13,3,4,0412,train
13,3,4,0427,train
13,3,4,0432,validation
13,3,4,0468,train
13,3,4,0498,train
13,3,4,0546,train
13,3,5,0003,train
13,3,5,0008,train
13,3,5,0009,train
13,3,5,0027,train
13,3,5,0029,train
13,3,5,0033,train
13,3,5,0037,train
13,3,5,0038,train
13,3,5,0041,train
13,3,5,0046,train
13,3,5,0053,train
13,3,5,0054,train
13,3,5,0063,train
13,3,5,0069,train
13,3,5,0089,validation
13,3,5,0095,train
13,3,5,0100,validation
13,3,5,0112,train
13,3,5,0117,train
13,3,5,0118,train
13,3,5,0135,train
13,3,5,0139,validation
13,3,5,0144,train
13,3,5,0161,train
13,3,5,0170,validation
13,3,5,0178,train
13,3,5,0202,train
13,3,5,0227,train
13,3,5,0242,train
13,3,5,0246,validation
13,3,5,0248,train
13,3,5,0256,validation
13,3,5,0262,train
13,3,5,0268,train
13,3,5,0273,train
13,3,5,0283,validation
13,3,5,0287,train
13,3,5,0289,train
13,3,5,0296,train
13,3,5,0304,train
13,3,5,0309,validation
13,3,5,0311,validation
13,3,5,0323,train
13,3,5,0347,train
13,3,5,0369,train
13,3,5,0370,train
13,3,5,0376,train
13,3,5,0379,train
13,3,5,0384,train
13,3,5,0399,validation
13,3,5,0409,train
13,3,5,0412,validation
13,3,5,0427,train
13,3,5,0432,train
13,3,5,0468,train
13,3,5,0498,train
13,3,5,0546,train
13,4,1,0009,train
13,4,1,0014,train
13,4,1,0038,train
13,4,1,0046,train
13,4,1,0053,train
13,4,1,0054,validation
13,4,1,0063,train
13,4,1,0069,train
13,4,1,0079,train
13,4,1,0089,validation
13,4,1,0095,validation
13,4,1,0100,validation
13,4,1,0106,train
13,4,1,0116,train
13,4,1,0117,train
13,4,1,0118,train
13,4,1,0135,train
13,4,1,0144,train
13,4,1,0153,validation
13,4,1,0161,train
13,4,1,0170,train
13,4,1,0178,train
13,4,1,0202,train
13,4,1,0212,train
13,4,1,0227,train
13,4,1,0242,train
13,4,1,0246,train
13,4,1,0248,train
13,4,1,0256,train
13,4,1,0262,train
13,4,1,0268,train
13,4,1,0278,train
13,4,1,0281,validation
13,4,1,0283,train
13,4,1,0287,validation
13,4,1,0289,train
13,4,1,0304,train
13,4,1,0306,train
13,4,1,0309,validation
13,4,1,0311,validation
13,4,1,0322,train
13,4,1,0323,train
13,4,1,0330,train
13,4,1,0346,train
13,4,1,0347,train
13,4,1,0369,train
13,4,1,0370,train
13,4,1,0399,train
13,4,1,0406,train
13,4,1,0409,validation
13,4,1,0412,train
13,4,1,0427,validation
13,4,1,0432,train
13,4,1,0459,train
13,4,1,0468,validation
13,4,1,0498,train
13,4,1,0546,train
13,4,2,0009,train
13,4,2,0014,train
13,4,2,0038,train
13,4,2,0046,validation
13,4,2,0053,validation
13,4,2,0054,train
13,4,2,0063,train
13,4,2,0069,validation
13,4,2,0079,train
13,4,2,0089,train
13,4,2,0095,train
13,4,2,0100,train
13,4,2,0106,validation
13,4,2,0116,train
13,4,2,0117,train
13,4,2,0118,train
13,4,2,0135,train
13,4,2,0144,validation
13,4,2,0153,train
13,4,2,0161,train
13,4,2,0170,train
13,4,2,0178,train
13,4,2,0202,train
13,4,2,0212,train
13,4,2,0227,train
13,4,2,0242,train
13,4,2,0246,validation
13,4,2,0248,train
13,4,2,0256,validation
13,4,2,0262,train
13,4,2,0268,validation
13,4,2,0278,train
13,4,2,0281,train
13,4,2,0283,train
13,4,2,0287,train
13,4,2,0289,train
13,4,2,0304,validation
13,4,2,0306,validation
13,4,2,0309,train
13,4,2,0311,train
13,4,2,0322,train
13,4,2,0323,validation
13,4,2,0330,train
13,4,2,0346,train
13,4,2,0347,train
13,4,2,0369,train
13,4,2,0370,train
13,4,2,0399,train
13,4,2,0406,train
13,4,2,0409,train
13,4,2,0412,validation
13,4,2,0427,train
13,4,2,0432,train
13,4,2,0459,train
13,4,2,0468,train
13,4,2,0498,train
13,4,2,0546,train
13,4,3,0009,train
13,4,3,0014,train
13,4,3,0038,train
13,4,3,0046,train
13,4,3,0053,train
13,4,3,0054,train
13,4,3,0063,train
13,4,3,0069,train
13,4,3,0079,train
13,4,3,0089,train
13,4,3,0095,train
13,4,3,0100,train
13,4,3,0106,train
13,4,3,0116,validation
13,4,3,0117,train
13,4,3,0118,validation
13,4,3,0135,validation
13,4,3,0144,train
13,4,3,0153,train
13,4,3,0161,train
13,4,3,0170,train
13,4,3,0178,validation
13,4,3,0202,train
13,4,3,0212,validation
13,4,3,0227,train
13,4,3,0242,train
13,4,3,0246,train
13,4,3,0248,train
13,4,3,0256,train
13,4,3,0262,train
13,4,3,0268,train
13,4,3,0278,train
13,4,3,0281,train
13,4,3,0283,train
13,4,3,0287,train
13,4,3,0289,train
13,4,3,0304,train
13,4,3,0306,train
13,4,3,0309,train
13,4,3,0311,train
13,4,3,0322,validation
13,4,3,0323,train
13,4,3,0330,train
13,4,3,0346,validation
13,4,3,0347,train
13,4,3,0369,validation
13,4,3,0370,validation
13,4,3,0399,train
13,4,3,0406,train
13,4,3,0409,train
13,4,3,0412,train
13,4,3,0427,train
13,4,3,0432,train
13,4,3,0459,validation
13,4,3,0468,train
13,4,3,0498,train
13,4,3,0546,validation
13,4,4,0009,validation
13,4,4,0014,train
13,4,4,0038,train
13,4,4,0046,train
13,4,4,0053,train
13,4,4,0054,train
13,4,4,0063,train
13,4,4,0069,train
13,4,4,0079,train
13,4,4,0089,train
13,4,4,0095,train
13,4,4,0100,train
13,4,4,0106,train
13,4,4,0116,train
13,4,4,0117,validation
13,4,4,0118,train
13,4,4,0135,train
13,4,4,0144,train
13,4,4,0153,train
13,4,4,0161,train
13,4,4,0170,train
13,4,4,0178,train
13,4,4,0202,validation
13,4,4,0212,train
13,4,4,0227,train
13,4,4,0242,train
13,4,4,0246,train
13,4,4,0248,validation
13,4,4,0256,train
13,4,4,0262,validation
13,4,4,0268,train
13,4,4,0278,train
13,4,4,0281,train
13,4,4,0283,train
13,4,4,0287,train
13,4,4,0289,validation
13,4,4,0304,train
13,4,4,0306,train
13,4,4,0309,train
13,4,4,0311,train
13,4,4,0322,train
13,4,4,0323,train
13,4,4,0330,validation
13,4,4,0346,train
13,4,4,0347,validation
13,4,4,0369,train
13,4,4,0370,train
13,4,4,0399,validation
13,4,4,0406,train
13,4,4,0409,train
13,4,4,0412,train
13,4,4,0427,train
13,4,4,0432,validation
13,4,4,0459,train
13,4,4,0468,train
13,4,4,0498,validation
13,4,4,0546,train
13,4,5,0009,train
13,4,5,0014,validation
13,4,5,0038,validation
13,4,5,0046,train
13,4,5,0053,train
13,4,5,0054,train
13,4,5,0063,validation
13,4,5,0069,train
13,4,5,0079,validation
13,4,5,0089,train
13,4,5,0095,train
13,4,5,0100,train
13,4,5,0106,train
13,4,5,0116,train
13,4,5,0117,train
13,4,5,0118,train
13,4,5,0135,train
13,4,5,0144,train
13,4,5,0153,train
13,4,5,0161,validation
13,4,5,0170,validation
13,4,5,0178,train
13,4,5,0202,train
13,4,5,0212,train
13,4,5,0227,validation
13,4,5,0242,validation
13,4,5,0246,train
13,4,5,0248,train
13,4,5,0256,train
13,4,5,0262,train
13,4,5,0268,train
13,4,5,0278,validation
13,4,5,0281,train
13,4,5,0283,validation
13,4,5,0287,train
13,4,5,0289,train
13,4,5,0304,train
13,4,5,0306,train
13,4,5,0309,train
13,4,5,0311,train
13,4,5,0322,train
13,4,5,0323,train
13,4,5,0330,train
13,4,5,0346,train
13,4,5,0347,train
13,4,5,0369,train
13,4,5,0370,train
13,4,5,0399,train
13,4,5,0406,validation
13,4,5,0409,train
13,4,5,0412,train
13,4,5,0427,train
13,4,5,0432,train
13,4,5,0459,train
13,4,5,0468,train
13,4,5,0498,train
13,4,5,0546,train
13,5,1,0003,train
13,5,1,0008,train
13,5,1,0014,train
13,5,1,0027,validation
13,5,1,0029,train
13,5,1,0033,train
13,5,1,0037,train
13,5,1,0038,train
13,5,1,0041,train
13,5,1,0046,validation
13,5,1,0054,train
13,5,1,0063,train
13,5,1,0069,validation
13,5,1,0079,validation
13,5,1,0100,train
13,5,1,0106,train
13,5,1,0112,train
13,5,1,0116,train
13,5,1,0117,train
13,5,1,0118,validation
13,5,1,0135,train
13,5,1,0139,train
13,5,1,0153,train
13,5,1,0161,train
13,5,1,0170,train
13,5,1,0178,validation
13,5,1,0212,train
13,5,1,0227,train
13,5,1,0242,train
13,5,1,0246,train
13,5,1,0248,train
13,5,1,0256,train
13,5,1,0268,train
13,5,1,0273,train
13,5,1,0278,train
13,5,1,0281,train
13,5,1,0283,train
13,5,1,0287,train
13,5,1,0289,train
13,5,1,0296,train
13,5,1,0306,validation
13,5,1,0309,train
13,5,1,0311,validation
13,5,1,0322,train
13,5,1,0330,train
13,5,1,0346,validation
13,5,1,0347,train
13,5,1,0370,train
13,5,1,0376,validation
13,5,1,0379,train
13,5,1,0384,train
13,5,1,0399,validation
13,5,1,0406,validation
13,5,1,0409,train
13,5,1,0459,train
13,5,1,0468,train
13,5,1,0546,train
13,5,2,0003,train
13,5,2,0008,train
13,5,2,0014,validation
13,5,2,0027,train
13,5,2,0029,train
13,5,2,0033,train
13,5,2,0037,train
13,5,2,0038,validation
13,5,2,0041,validation
13,5,2,0046,train
13,5,2,0054,validation
13,5,2,0063,train
13,5,2,0069,train
13,5,2,0079,train
13,5,2,0100,train
13,5,2,0106,train
13,5,2,0112,train
13,5,2,0116,train
13,5,2,0117,train
13,5,2,0118,train
13,5,2,0135,train
13,5,2,0139,validation
13,5,2,0153,train
13,5,2,0161,train
13,5,2,0170,train
13,5,2,0178,train
13,5,2,0212,validation
13,5,2,0227,validation
13,5,2,0242,train
13,5,2,0246,validation
13,5,2,0248,train
13,5,2,0256,train
13,5,2,0268,validation
13,5,2,0273,train
13,5,2,0278,train
13,5,2,0281,validation
13,5,2,0283,train
13,5,2,0287,train
13,5,2,0289,train
13,5,2,0296,train
13,5,2,0306,train
13,5,2,0309,train
13,5,2,0311,train
13,5,2,0322,train
13,5,2,0330,train
13,5,2,0346,train
13,5,2,0347,train
13,5,2,0370,train
13,5,2,0376,train
13,5,2,0379,train
13,5,2,0384,train
13,5,2,0399,train
13,5,2,0406,train
13,5,2,0409,validation
13,5,2,0459,train
13,5,2,0468,validation
13,5,2,0546,train
13,5,3,0003,train
13,5,3,0008,train
13,5,3,0014,train
13,5,3,0027,train
13,5,3,0029,train
13,5,3,0033,validation
13,5,3,0037,train
13,5,3,0038,train
13,5,3,0041,train
13,5,3,0046,train
13,5,3,0054,train
13,5,3,0063,validation
13,5,3,0069,train
13,5,3,0079,train
13,5,3,0100,train
13,5,3,0106,train
13,5,3,0112,train
13,5,3,0116,train
13,5,3,0117,validation
13,5,3,0118,train
13,5,3,0135,validation
13,5,3,0139,train
13,5,3,0153,train
13,5,3,0161,train
13,5,3,0170,train
13,5,3,0178,train
13,5,3,0212,train
13,5,3,0227,train
13,5,3,0242,validation
13,5,3,0246,train
13,5,3,0248,train
13,5,3,0256,train
13,5,3,0268,train
13,5,3,0273,train
13,5,3,0278,validation
13,5,3,0281,train
13,5,3,0283,train
13,5,3,0287,train
13,5,3,0289,train
13,5,3,0296,validation
13,5,3,0306,train
13,5,3,0309,validation
13,5,3,0311,train
13,5,3,0322,validation
13,5,3,0330,train
13,5,3,0346,train
13,5,3,0347,train
13,5,3,0370,validation
13,5,3,0376,train
13,5,3,0379,train
13,5,3,0384,train
13,5,3,0399,train
13,5,3,0406,train
13,5,3,0409,train
13,5,3,0459,validation
13,5,3,0468,train
13,5,3,0546,train
13,5,4,0003,train
13,5,4,0008,train
13,5,4,0014,train
13,5,4,0027,train
13,5,4,0029,train
13,5,4,0033,train
13,5,4,0037,validation
13,5,4,0038,train
13,5,4,0041,train
13,5,4,0046,train
13,5,4,0054,train
13,5,4,0063,train
13,5,4,0069,train
13,5,4,0079,train
13,5,4,0100,validation
13,5,4,0106,validation
13,5,4,0112,train
13,5,4,0116,train
13,5,4,0117,train
13,5,4,0118,train
13,5,4,0135,train
13,5,4,0139,train
13,5,4,0153,train
13,5,4,0161,train
13,5,4,0170,validation
13,5,4,0178,train
13,5,4,0212,train
13,5,4,0227,train
13,5,4,0242,train
13,5,4,0246,train
13,5,4,0248,validation
13,5,4,0256,validation
13,5,4,0268,train
13,5,4,0273,validation
13,5,4,0278,train
13,5,4,0281,train
13,5,4,0283,train
13,5,4,0287,validation
13,5,4,0289,validation
13,5,4,0296,train
13,5,4,0306,train
13,5,4,0309,train
13,5,4,0311,train
13,5,4,0322,train
13,5,4,0330,validation
13,5,4,0346,train
13,5,4,0347,train
13,5,4,0370,train
13,5,4,0376,train
13,5,4,0379,validation
13,5,4,0384,train
13,5,4,0399,train
13,5,4,0406,train
13,5,4,0409,train
13,5,4,0459,train
13,5,4,0468,train
13,5,4,0546,train
13,5,5,0003,validation
13,5,5,0008,validation
13,5,5,0014,train
13,5,5,0027,train
13,5,5,0029,validation
13,5,5,0033,train
13,5,5,0037,train
13,5,5,0038,train
13,5,5,0041,train
13,5,5,0046,train
13,5,5,0054,train
13,5,5,0063,train
13,5,5,0069,train
13,5,5,0079,train
13,5,5,0100,train
13,5,5,0106,train
13,5,5,0112,validation
13,5,5,0116,validation
13,5,5,0117,train
13,5,5,0118,train
13,5,5,0135,train
13,5,5,0139,train
13,5,5,0153,validation
13,5,5,0161,validation
13,5,5,0170,train
13,5,5,0178,train
13,5,5,0212,train
13,5,5,0227,train
13,5,5,0242,train
13,5,5,0246,train
13,5,5,0248,train
13,5,5,0256,train
13,5,5,0268,train
13,5,5,0273,train
13,5,5,0278,train
13,5,5,0281,train
13,5,5,0283,validation
13,5,5,0287,train
13,5,5,0289,train
13,5,5,0296,train
13,5,5,0306,train
13,5,5,0309,train
13,5,5,0311,train
13,5,5,0322,train
13,5,5,0330,train
13,5,5,0346,train
13,5,5,0347,validation
13,5,5,0370,train
13,5,5,0376,train
13,5,5,0379,train
13,5,5,0384,validation
13,5,5,0399,train
13,5,5,0406,train
13,5,5,0409,train
13,5,5,0459,train
13,5,5,0468,train
13,5,5,0546,validation
14,1,1,0008,train
14,1,1,0014,train
14,1,1,0027,validation
14,1,1,0029,validation
14,1,1,0033,validation
14,1,1,0037,train
14,1,1,0041,train
14,1,1,0053,train
14,1,1,0054,train
14,1,1,0063,validation
14,1,1,0069,train
14,1,1,0079,train
14,1,1,0089,validation
14,1,1,0095,train
14,1,1,0100,train
14,1,1,0117,train
14,1,1,0118,train
14,1,1,0135,train
14,1,1,0139,train
14,1,1,0144,train
14,1,1,0153,train
14,1,1,0161,train
14,1,1,0170,train
14,1,1,0178,train
14,1,1,0202,train
14,1,1,0212,train
14,1,1,0227,train
14,1,1,0242,train
14,1,1,0246,train
14,1,1,0256,validation
14,1,1,0262,train
14,1,1,0273,train
14,1,1,0281,validation
14,1,1,0283,train
14,1,1,0287,train
14,1,1,0289,train
14,1,1,0296,train
14,1,1,0306,train
14,1,1,0311,train
14,1,1,0323,train
14,1,1,0330,train
14,1,1,0346,train
14,1,1,0347,train
14,1,1,0369,train
14,1,1,0370,validation
14,1,1,0376,train
14,1,1,0379,train
14,1,1,0384,validation
14,1,1,0399,train
14,1,1,0409,train
14,1,1,0412,validation
14,1,1,0427,train
14,1,1,0459,validation
14,1,1,0468,train
14,1,1,0498,train
14,1,1,0546,validation
14,1,2,0008,train
14,1,2,0014,train
14,1,2,0027,train
14,1,2,0029,train
14,1,2,0033,train
14,1,2,0037,train
14,1,2,0041,train
14,1,2,0053,train
14,1,2,0054,train
14,1,2,0063,train
14,1,2,0069,train
14,1,2,0079,validation
14,1,2,0089,train
14,1,2,0095,validation
14,1,2,0100,train
14,1,2,0117,train
14,1,2,0118,train
14,1,2,0135,train
14,1,2,0139,validation
14,1,2,0144,train
14,1,2,0153,validation
14,1,2,0161,train
14,1,2,0170,validation
14,1,2,0178,train
14,1,2,0202,validation
14,1,2,0212,train
14,1,2,0227,train
14,1,2,0242,train
14,1,2,0246,validation
14,1,2,0256,train
14,1,2,0262,train
14,1,2,0273,validation
14,1,2,0281,train
14,1,2,0283,train
14,1,2,0287,train
14,1,2,0289,train
14,1,2,0296,train
14,1,2,0306,train
14,1,2,0311,train
14,1,2,0323,train
14,1,2,0330,validation
14,1,2,0346,train
14,1,2,0347,train
14,1,2,0369,train
14,1,2,0370,train
14,1,2,0376,train
14,1,2,0379,train
14,1,2,0384,train
14,1,2,0399,validation
14,1,2,0409,train
14,1,2,0412,train
14,1,2,0427,validation
14,1,2,0459,train
14,1,2,0468,validation
14,1,2,0498,train
14,1,2,0546,train
14,1,3,0008,train
14,1,3,0014,validation
14,1,3,0027,train
14,1,3,0029,train
14,1,3,0033,train
14,1,3,0037,validation
14,1,3,0041,validation
14,1,3,0053,validation
14,1,3,0054,train
14,1,3,0063,train
14,1,3,0069,train
14,1,3,0079,train
14,1,3,0089,train
14,1,3,0095,train
14,1,3,0100,train
14,1,3,0117,validation
14,1,3,0118,train
14,1,3,0135,train
14,1,3,0139,train
14,1,3,0144,train
14,1,3,0153,train
14,1,3,0161,train
14,1,3,0170,train
14,1,3,0178,train
14,1,3,0202,train
14,1,3,0212,train
14,1,3,0227,validation
14,1,3,0242,validation
14,1,3,0246,train
14,1,3,0256,train
14,1,3,0262,train
14,1,3,0273,train
14,1,3,0281,train
14,1,3,0283,validation
14,1,3,0287,train
14,1,3,0289,validation
14,1,3,0296,train
14,1,3,0306,train
14,1,3,0311,validation
14,1,3,0323,train
14,1,3,0330,train
14,1,3,0346,train
14,1,3,0347,train
14,1,3,0369,train
14,1,3,0370,train
14,1,3,0376,train
14,1,3,0379,validation
14,1,3,0384,train
14,1,3,0399,train
14,1,3,0409,train
14,1,3,0412,train
14,1,3,0427,train
14,1,3,0459,train
14,1,3,0468,train
14,1,3,0498,train
14,1,3,0546,train
14,1,4,0008,validation
14,1,4,0014,train
14,1,4,0027,train
14,1,4,0029,train
14,1,4,0033,train
14,1,4,0037,train
14,1,4,0041,train
14,1,4,0053,train
14,1,4,0054,train
14,1,4,0063,train
14,1,4,0069,validation
14,1,4,0079,train
14,1,4,0089,train
14,1,4,0095,train
14,1,4,0100,train
14,1,4,0117,train
14,1,4,0118,validation
14,1,4,0135,validation
14,1,4,0139,train
14,1,4,0144,validation
14,1,4,0153,train
14,1,4,0161,validation
14,1,4,0170,train
14,1,4,0178,validation
14,1,4,0202,train
14,1,4,0212,validation
14,1,4,0227,train
14,1,4,0242,train
14,1,4,0246,train
14,1,4,0256,train
14,1,4,0262,train
14,1,4,0273,train
14,1,4,0281,train
14,1,4,0283,train
14,1,4,0287,train
14,1,4,0289,train
14,1,4,0296,train
14,1,4,0306,train
14,1,4,0311,train
14,1,4,0323,validation
14,1,4,0330,train
14,1,4,0346,validation
14,1,4,0347,train
14,1,4,0369,validation
14,1,4,0370,train
14,1,4,0376,train
14,1,4,0379,train
14,1,4,0384,train
14,1,4,0399,train
14,1,4,0409,train
14,1,4,0412,train
14,1,4,0427,train
14,1,4,0459,train
14,1,4,0468,train
14,1,4,0498,train
14,1,4,0546,train
14,1,5,0008,train
14,1,5,0014,train
14,1,5,0027,train
14,1,5,0029,train
14,1,5,0033,train
14,1,5,0037,train
14,1,5,0041,train
14,1,5,0053,train
14,1,5,0054,validation
14,1,5,0063,train
14,1,5,0069,train
14,1,5,0079,train
14,1,5,0089,train
14,1,5,0095,train
14,1,5,0100,validation
14,1,5,0117,train
14,1,5,0118,train
14,1,5,0135,train
14,1,5,0139,train
14,1,5,0144,train
14,1,5,0153,train
14,1,5,0161,train
14,1,5,0170,train
14,1,5,0178,train
14,1,5,0202,train
14,1,5,0212,train
14,1,5,0227,train
14,1,5,0242,train
14,1,5,0246,train
14,1,5,0256,train
14,1,5,0262,validation
14,1,5,0273,train
14,1,5,0281,train
14,1,5,0283,train
14,1,5,0287,validation
14,1,5,0289,train
14,1,5,0296,validation
14,1,5,0306,validation
14,1,5,0311,train
14,1,5,0323,train
14,1,5,0330,train
14,1,5,0346,train
14,1,5,0347,validation
14,1,5,0369,train
14,1,5,0370,train
14,1,5,0376,validation
14,1,5,0379,train
14,1,5,0384,train
14,1,5,0399,train
14,1,5,0409,validation
14,1,5,0412,train
14,1,5,0427,train
14,1,5,0459,train
14,1,5,0468,train
14,1,5,0498,validation
14,1,5,0546,train
14,2,1,0003,train
14,2,1,0009,train
14,2,1,0014,train
14,2,1,0027,train
14,2,1,0029,train
14,2,1,0033,train
14,2,1,0038,train
14,2,1,0046,validation
14,2,1,0054,train
14,2,1,0063,validation
14,2,1,0089,validation
14,2,1,0095,train
14,2,1,0100,train
14,2,1,0106,train
14,2,1,0112,train
14,2,1,0116,train
14,2,1,0118,train
14,2,1,0144,train
14,2,1,0153,train
14,2,1,0161,train
14,2,1,0178,train
14,2,1,0202,train
14,2,1,0212,train
14,2,1,0242,train
14,2,1,0246,train
14,2,1,0248,train
14,2,1,0256,train
14,2,1,0262,train
14,2,1,0268,train
14,2,1,0278,validation
14,2,1,0281,validation
14,2,1,0283,train
14,2,1,0287,train
14,2,1,0289,train
14,2,1,0296,train
14,2,1,0304,train
14,2,1,0306,validation
14,2,1,0309,train
14,2,1,0311,train
14,2,1,0322,train
14,2,1,0323,train
14,2,1,0330,train
14,2,1,0346,train
14,2,1,0347,validation
14,2,1,0370,train
14,2,1,0376,train
14,2,1,0384,validation
14,2,1,0399,train
14,2,1,0406,validation
14,2,1,0409,train
14,2,1,0412,train
14,2,1,0427,train
14,2,1,0432,train
14,2,1,0459,validation
14,2,1,0468,validation
14,2,1,0498,train
14,2,1,0546,validation
14,2,2,0003,train
14,2,2,0009,validation
14,2,2,0014,validation
14,2,2,0027,train
14,2,2,0029,train
14,2,2,0033,train
14,2,2,0038,train
14,2,2,0046,train
14,2,2,0054,validation
14,2,2,0063,train
14,2,2,0089,train
14,2,2,0095,validation
14,2,2,0100,train
14,2,2,0106,train
14,2,2,0112,train
14,2,2,0116,validation
14,2,2,0118,train
14,2,2,0144,validation
14,2,2,0153,train
14,2,2,0161,train
14,2,2,0178,train
14,2,2,0202,train
14,2,2,0212,train
14,2,2,0242,train
14,2,2,0246,validation
14,2,2,0248,train
14,2,2,0256,train
14,2,2,0262,train
14,2,2,0268,train
14,2,2,0278,train
14,2,2,0281,train
14,2,2,0283,train
14,2,2,0287,validation
14,2,2,0289,train
14,2,2,0296,train
14,2,2,0304,validation
14,2,2,0306,train
14,2,2,0309,validation
14,2,2,0311,train
14,2,2,0322,train
14,2,2,0323,train
14,2,2,0330,train
14,2,2,0346,train
14,2,2,0347,train
14,2,2,0370,validation
14,2,2,0376,train
14,2,2,0384,train
14,2,2,0399,validation
14,2,2,0406,train
14,2,2,0409,train
14,2,2,0412,train
14,2,2,0427,train
14,2,2,0432,train
14,2,2,0459,train
14,2,2,0468,train
14,2,2,0498,train
14,2,2,0546,train
14,2,3,0003,validation
14,2,3,0009,train
14,2,3,0014,train
14,2,3,0027,validation
14,2,3,0029,train
14,2,3,0033,train
14,2,3,0038,train
14,2,3,0046,train
14,2,3,0054,train
14,2,3,0063,train
14,2,3,0089,train
14,2,3,0095,train
14,2,3,0100,train
14,2,3,0106,validation
14,2,3,0112,train
14,2,3,0116,train
14,2,3,0118,validation
14,2,3,0144,train
14,2,3,0153,train
14,2,3,0161,train
14,2,3,0178,train
14,2,3,0202,train
14,2,3,0212,train
14,2,3,0242,validation
14,2,3,0246,train
14,2,3,0248,train
14,2,3,0256,validation
14,2,3,0262,train
14,2,3,0268,train
14,2,3,0278,train
14,2,3,0281,train
14,2,3,0283,train
14,2,3,0287,train
14,2,3,0289,train
14,2,3,0296,train
14,2,3,0304,train
14,2,3,0306,train
14,2,3,0309,train
14,2,3,0311,validation
14,2,3,0322,validation
14,2,3,0323,train
14,2,3,0330,validation
14,2,3,0346,train
14,2,3,0347,train
14,2,3,0370,train
14,2,3,0376,train
14,2,3,0384,train
14,2,3,0399,train
14,2,3,0406,train
14,2,3,0409,train
14,2,3,0412,validation
14,2,3,0427,validation
14,2,3,0432,train
14,2,3,0459,train
14,2,3,0468,train
14,2,3,0498,train
14,2,3,0546,train
14,2,4,0003,train
14,2,4,0009,train
14,2,4,0014,train
14,2,4,0027,train
14,2,4,0029,train
14,2,4,0033,validation
14,2,4,0038,validation
14,2,4,0046,train
14,2,4,0054,train
14,2,4,0063,train
14,2,4,0089,train
14,2,4,0095,train
14,2,4,0100,train
14,2,4,0106,train
14,2,4,0112,validation
14,2,4,0116,train
14,2,4,0118,train
14,2,4,0144,train
14,2,4,0153,train
14,2,4,0161,validation
14,2,4,0178,validation
14,2,4,0202,train
14,2,4,0212,train
14,2,4,0242,train
14,2,4,0246,train
14,2,4,0248,train
14,2,4,0256,train
14,2,4,0262,validation
14,2,4,0268,train
14,2,4,0278,train
14,2,4,0281,train
14,2,4,0283,train
14,2,4,0287,train
14,2,4,0289,train
14,2,4,0296,validation
14,2,4,0304,train
14,2,4,0306,train
14,2,4,0309,train
14,2,4,0311,train
14,2,4,0322,train
14,2,4,0323,validation
14,2,4,0330,train
14,2,4,0346,train
14,2,4,0347,train
14,2,4,0370,train
14,2,4,0376,validation
14,2,4,0384,train
14,2,4,0399,train
14,2,4,0406,train
14,2,4,0409,validation
14,2,4,0412,train
14,2,4,0427,train
14,2,4,0432,train
14,2,4,0459,train
14,2,4,0468,train
14,2,4,0498,validation
14,2,4,0546,train
14,2,5,0003,train
14,2,5,0009,train
14,2,5,0014,train
14,2,5,0027,train
14,2,5,0029,validation
14,2,5,0033,train
14,2,5,0038,train
14,2,5,0046,train
14,2,5,0054,train
14,2,5,0063,train
14,2,5,0089,train
14,2,5,0095,train
14,2,5,0100,validation
14,2,5,0106,train
14,2,5,0112,train
14,2,5,0116,train
14,2,5,0118,train
14,2,5,0144,train
14,2,5,0153,validation
14,2,5,0161,train
14,2,5,0178,train
14,2,5,0202,validation
14,2,5,0212,validation
14,2,5,0242,train
14,2,5,0246,train
14,2,5,0248,validation
14,2,5,0256,train
14,2,5,0262,train
14,2,5,0268,validation
14,2,5,0278,train
14,2,5,0281,train
14,2,5,0283,validation
14,2,5,0287,train
14,2,5,0289,validation
14,2,5,0296,train
14,2,5,0304,train
14,2,5,0306,train
14,2,5,0309,train
14,2,5,0311,train
14,2,5,0322,train
14,2,5,0323,train
14,2,5,0330,train
14,2,5,0346,validation
14,2,5,0347,train
14,2,5,0370,train
14,2,5,0376,train
14,2,5,0384,train
14,2,5,0399,train
14,2,5,0406,train
14,2,5,0409,train
14,2,5,0412,train
14,2,5,0427,train
14,2,5,0432,validation
14,2,5,0459,train
14,2,5,0468,train
14,2,5,0498,train
14,2,5,0546,train
14,3,1,0003,train
14,3,1,0008,train
14,3,1,0009,train
14,3,1,0014,train
14,3,1,0029,train
14,3,1,0033,train
14,3,1,0037,train
14,3,1,0038,validation
14,3,1,0041,train
14,3,1,0046,validation
14,3,1,0053,train
14,3,1,0054,train
14,3,1,0063,train
14,3,1,0069,train
14,3,1,0079,train
14,3,1,0089,validation
14,3,1,0095,validation
14,3,1,0100,train
14,3,1,0106,train
14,3,1,0112,validation
14,3,1,0116,train
14,3,1,0117,train
14,3,1,0118,train
14,3,1,0135,train
14,3,1,0139,train
14,3,1,0161,train
14,3,1,0170,train
14,3,1,0202,train
14,3,1,0212,train
14,3,1,0227,train
14,3,1,0242,train
14,3,1,0248,train
14,3,1,0262,train
14,3,1,0268,validation
14,3,1,0273,train
14,3,1,0278,train
14,3,1,0289,train
14,3,1,0296,validation
14,3,1,0304,train
14,3,1,0309,train
14,3,1,0311,train
14,3,1,0322,validation
14,3,1,0323,validation
14,3,1,0346,train
14,3,1,0347,train
14,3,1,0369,train
14,3,1,0370,train
14,3,1,0376,train
14,3,1,0379,train
14,3,1,0399,validation
14,3,1,0406,validation
14,3,1,0412,validation
14,3,1,0427,train
14,3,1,0432,train
14,3,1,0468,train
14,3,1,0498,train
14,3,1,0546,train
14,3,2,0003,train
14,3,2,0008,train
14,3,2,0009,train
14,3,2,0014,train
14,3,2,0029,train
14,3,2,0033,train
14,3,2,0037,validation
14,3,2,0038,train
14,3,2,0041,train
14,3,2,0046,train
14,3,2,0053,validation
14,3,2,0054,train
14,3,2,0063,train
14,3,2,0069,train
14,3,2,0079,train
14,3,2,0089,train
14,3,2,0095,train
14,3,2,0100,train
14,3,2,0106,train
14,3,2,0112,train
14,3,2,0116,train
14,3,2,0117,train
14,3,2,0118,train
14,3,2,0135,train
14,3,2,0139,validation
14,3,2,0161,train
14,3,2,0170,train
14,3,2,0202,train
14,3,2,0212,train
14,3,2,0227,train
14,3,2,0242,train
14,3,2,0248,train
14,3,2,0262,train
14,3,2,0268,train
14,3,2,0273,validation
14,3,2,0278,train
14,3,2,0289,validation
14,3,2,0296,train
14,3,2,0304,validation
14,3,2,0309,validation
14,3,2,0311,train
14,3,2,0322,train
14,3,2,0323,train
14,3,2,0346,train
14,3,2,0347,validation
14,3,2,0369,validation
14,3,2,0370,train
14,3,2,0376,train
14,3,2,0379,train
14,3,2,0399,train
14,3,2,0406,train
14,3,2,0412,train
14,3,2,0427,validation
14,3,2,0432,validation
14,3,2,0468,train
14,3,2,0498,train
14,3,2,0546,validation
14,3,3,0003,train
14,3,3,0008,validation
14,3,3,0009,validation
14,3,3,0014,validation
14,3,3,0029,train
14,3,3,0033,train
14,3,3,0037,train
14,3,3,0038,train
14,3,3,0041,train
14,3,3,0046,train
14,3,3,0053,train
14,3,3,0054,validation
14,3,3,0063,train
14,3,3,0069,train
14,3,3,0079,train
14,3,3,0089,train
14,3,3,0095,train
14,3,3,0100,train
14,3,3,0106,train
14,3,3,0112,train
14,3,3,0116,validation
14,3,3,0117,validation
14,3,3,0118,train
14,3,3,0135,train
14,3,3,0139,train
14,3,3,0161,validation
14,3,3,0170,train
14,3,3,0202,train
14,3,3,0212,train
14,3,3,0227,validation
14,3,3,0242,train
14,3,3,0248,train
14,3,3,0262,validation
14,3,3,0268,train
14,3,3,0273,train
14,3,3,0278,train
14,3,3,0289,train
14,3,3,0296,train
14,3,3,0304,train
14,3,3,0309,train
14,3,3,0311,validation
14,3,3,0322,train
14,3,3,0323,train
14,3,3,0346,validation
14,3,3,0347,train
14,3,3,0369,train
14,3,3,0370,train
14,3,3,0376,train
14,3,3,0379,train
14,3,3,0399,train
14,3,3,0406,train
14,3,3,0412,train
14,3,3,0427,train
14,3,3,0432,train
14,3,3,0468,train
14,3,3,0498,train
14,3,3,0546,train
14,3,4,0003,train
14,3,4,0008,train
14,3,4,0009,train
14,3,4,0014,train
14,3,4,0029,train
14,3,4,0033,validation
14,3,4,0037,train
14,3,4,0038,train
14,3,4,0041,validation
14,3,4,0046,train
14,3,4,0053,train
14,3,4,0054,train
14,3,4,0063,validation
14,3,4,0069,train
14,3,4,0079,train
14,3,4,0089,train
14,3,4,0095,train
14,3,4,0100,train
14,3,4,0106,validation
14,3,4,0112,train
14,3,4,0116,train
14,3,4,0117,train
14,3,4,0118,train
14,3,4,0135,train
14,3,4,0139,train
14,3,4,0161,train
14,3,4,0170,train
14,3,4,0202,train
14,3,4,0212,train
14,3,4,0227,train
14,3,4,0242,validation
14,3,4,0248,validation
14,3,4,0262,train
14,3,4,0268,train
14,3,4,0273,train
14,3,4,0278,validation
14,3,4,0289,train
14,3,4,0296,train
14,3,4,0304,train
14,3,4,0309,train
14,3,4,0311,train
14,3,4,0322,train
14,3,4,0323,train
14,3,4,0346,train
14,3,4,0347,train
14,3,4,0369,train
14,3,4,0370,train
14,3,4,0376,validation
14,3,4,0379,validation
14,3,4,0399,train
14,3,4,0406,train
14,3,4,0412,train
14,3,4,0427,train
14,3,4,0432,train
14,3,4,0468,validation
14,3,4,0498,validation
14,3,4,0546,train
14,3,5,0003,validation
14,3,5,0008,train
14,3,5,0009,train
14,3,5,0014,train
14,3,5,0029,validation
14,3,5,0033,train
14,3,5,0037,train
14,3,5,0038,train
14,3,5,0041,train
14,3,5,0046,train
14,3,5,0053,train
14,3,5,0054,train
14,3,5,0063,train
14,3,5,0069,validation
14,3,5,0079,validation
14,3,5,0089,train
14,3,5,0095,train
14,3,5,0100,validation
14,3,5,0106,train
14,3,5,0112,train
14,3,5,0116,train
14,3,5,0117,train
14,3,5,0118,validation
14,3,5,0135,validation
14,3,5,0139,train
14,3,5,0161,train
14,3,5,0170,validation
14,3,5,0202,validation
14,3,5,0212,validation
14,3,5,0227,train
14,3,5,0242,train
14,3,5,0248,train
14,3,5,0262,train
14,3,5,0268,train
14,3,5,0273,train
14,3,5,0278,train
14,3,5,0289,train
14,3,5,0296,train
14,3,5,0304,train
14,3,5,0309,train
14,3,5,0311,train
14,3,5,0322,train
14,3,5,0323,train
14,3,5,0346,train
14,3,5,0347,train
14,3,5,0369,train
14,3,5,0370,validation
14,3,5,0376,train
14,3,5,0379,train
14,3,5,0399,train
14,3,5,0406,train
14,3,5,0412,train
14,3,5,0427,train
14,3,5,0432,train
14,3,5,0468,train
14,3,5,0498,train
14,3,5,0546,train
14,4,1,0003,train
14,4,1,0008,train
14,4,1,0009,validation
14,4,1,0014,validation
14,4,1,0027,train
14,4,1,0029,train
14,4,1,0037,train
14,4,1,0038,train
14,4,1,0041,train
14,4,1,0046,train
14,4,1,0053,train
14,4,1,0063,train
14,4,1,0069,train
14,4,1,0079,train
14,4,1,0089,validation
14,4,1,0100,train
14,4,1,0106,train
14,4,1,0112,train
14,4,1,0116,train
14,4,1,0117,train
14,4,1,0118,train
14,4,1,0135,train
14,4,1,0139,train
14,4,1,0144,train
14,4,1,0153,validation
14,4,1,0170,train
14,4,1,0178,train
14,4,1,0212,validation
14,4,1,0227,validation
14,4,1,0242,validation
14,4,1,0246,train
14,4,1,0248,train
14,4,1,0256,train
14,4,1,0268,validation
14,4,1,0273,validation
14,4,1,0278,train
14,4,1,0281,train
14,4,1,0283,train
14,4,1,0287,train
14,4,1,0304,train
14,4,1,0306,train
14,4,1,0309,train
14,4,1,0311,train
14,4,1,0322,train
14,4,1,0323,train
14,4,1,0330,validation
14,4,1,0369,train
14,4,1,0370,train
14,4,1,0379,train
14,4,1,0384,train
14,4,1,0406,train
14,4,1,0409,validation
14,4,1,0427,train
14,4,1,0432,train
14,4,1,0459,validation
14,4,1,0468,train
14,4,1,0498,train
14,4,2,0003,train
14,4,2,0008,train
14,4,2,0009,train
14,4,2,0014,train
14,4,2,0027,train
14,4,2,0029,train
14,4,2,0037,validation
14,4,2,0038,train
14,4,2,0041,train
14,4,2,0046,train
14,4,2,0053,train
14,4,2,0063,train
14,4,2,0069,train
14,4,2,0079,validation
14,4,2,0089,train
14,4,2,0100,validation
14,4,2,0106,train
14,4,2,0112,train
14,4,2,0116,train
14,4,2,0117,train
14,4,2,0118,validation
14,4,2,0135,validation
14,4,2,0139,validation
14,4,2,0144,validation
14,4,2,0153,train
14,4,2,0170,validation
14,4,2,0178,train
14,4,2,0212,train
14,4,2,0227,train
14,4,2,0242,train
14,4,2,0246,train
14,4,2,0248,train
14,4,2,0256,train
14,4,2,0268,train
14,4,2,0273,train
14,4,2,0278,train
14,4,2,0281,validation
14,4,2,0283,validation
14,4,2,0287,train
14,4,2,0304,train
14,4,2,0306,train
14,4,2,0309,train
14,4,2,0311,train
14,4,2,0322,validation
14,4,2,0323,train
14,4,2,0330,train
14,4,2,0369,train
14,4,2,0370,validation
14,4,2,0379,train
14,4,2,0384,train
14,4,2,0406,train
14,4,2,0409,train
14,4,2,0427,train
14,4,2,0432,train
14,4,2,0459,train
14,4,2,0468,train
14,4,2,0498,train
14,4,3,0003,train
14,4,3,0008,validation
14,4,3,0009,train
14,4,3,0014,train
14,4,3,0027,train
14,4,3,0029,train
14,4,3,0037,train
14,4,3,0038,train
14,4,3,0041,train
14,4,3,0046,train
14,4,3,0053,train
14,4,3,0063,train
14,4,3,0069,train
14,4,3,0079,train
14,4,3,0089,train
14,4,3,0100,train
14,4,3,0106,validation
14,4,3,0112,train
14,4,3,0116,validation
14,4,3,0117,train
14,4,3,0118,train
14,4,3,0135,train
14,4,3,0139,train
14,4,3,0144,train
14,4,3,0153,train
14,4,3,0170,train
14,4,3,0178,train
14,4,3,0212,train
14,4,3,0227,train
14,4,3,0242,train
14,4,3,0246,validation
14,4,3,0248,train
14,4,3,0256,train
14,4,3,0268,train
14,4,3,0273,train
14,4,3,0278,train
14,4,3,0281,train
14,4,3,0283,train
14,4,3,0287,validation
14,4,3,0304,validation
14,4,3,0306,train
14,4,3,0309,train
14,4,3,0311,validation
14,4,3,0322,train
14,4,3,0323,train
14,4,3,0330,train
14,4,3,0369,train
14,4,3,0370,train
14,4,3,0379,validation
14,4,3,0384,validation
14,4,3,0406,train
14,4,3,0409,train
14,4,3,0427,validation
14,4,3,0432,train
14,4,3,0459,train
14,4,3,0468,validation
14,4,3,0498,train
14,4,4,0003,train
14,4,4,0008,train
14,4,4,0009,train
14,4,4,0014,train
14,4,4,0027,validation
14,4,4,0029,train
14,4,4,0037,train
14,4,4,0038,train
14,4,4,0041,train
14,4,4,0046,train
14,4,4,0053,train
14,4,4,0063,validation
14,4,4,0069,train
14,4,4,0079,train
14,4,4,0089,train
14,4,4,0100,train
14,4,4,0106,train
14,4,4,0112,train
14,4,4,0116,train
14,4,4,0117,train
14,4,4,0118,train
14,4,4,0135,train
14,4,4,0139,train
14,4,4,0144,train
14,4,4,0153,train
14,4,4,0170,train
14,4,4,0178,validation
14,4,4,0212,train
14,4,4,0227,train
14,4,4,0242,train
14,4,4,0246,train
14,4,4,0248,validation
14,4,4,0256,validation
14,4,4,0268,train
14,4,4,0273,train
14,4,4,0278,validation
14,4,4,0281,train
14,4,4,0283,train
14,4,4,0287,train
14,4,4,0304,train
14,4,4,0306,train
14,4,4,0309,validation
14,4,4,0311,train
14,4,4,0322,train
14,4,4,0323,validation
14,4,4,0330,train
14,4,4,0369,validation
14,4,4,0370,train
14,4,4,0379,train
14,4,4,0384,train
14,4,4,0406,validation
14,4,4,0409,train
14,4,4,0427,train
14,4,4,0432,train
14,4,4,0459,train
14,4,4,0468,train
14,4,4,0498,validation
14,4,5,0003,validation
14,4,5,0008,train
14,4,5,0009,train
14,4,5,0014,train
14,4,5,0027,train
14,4,5,0029,validation
14,4,5,0037,train
14,4,5,0038,validation
14,4,5,0041,validation
14,4,5,0046,validation
14,4,5,0053,validation
14,4,5,0063,train
14,4,5,0069,validation
14,4,5,0079,train
14,4,5,0089,train
14,4,5,0100,train
14,4,5,0106,train
14,4,5,0112,validation
14,4,5,0116,train
14,4,5,0117,validation
14,4,5,0118,train
14,4,5,0135,train
14,4,5,0139,train
14,4,5,0144,train
14,4,5,0153,train
14,4,5,0170,train
14,4,5,0178,train
14,4,5,0212,train
14,4,5,0227,train
14,4,5,0242,train
14,4,5,0246,train
14,4,5,0248,train
14,4,5,0256,train
14,4,5,0268,train
14,4,5,0273,train
14,4,5,0278,train
14,4,5,0281,train
14,4,5,0283,train
14,4,5,0287,train
14,4,5,0304,train
14,4,5,0306,validation
14,4,5,0309,train
14,4,5,0311,train
14,4,5,0322,train
14,4,5,0323,train
14,4,5,0330,train
14,4,5,0369,train
14,4,5,0370,train
14,4,5,0379,train
14,4,5,0384,train
14,4,5,0406,train
14,4,5,0409,train
14,4,5,0427,train
14,4,5,0432,validation
14,4,5,0459,train
14,4,5,0468,train
14,4,5,0498,train
14,5,1,0003,train
14,5,1,0008,train
14,5,1,0009,validation
14,5,1,0027,validation
14,5,1,0033,train
14,5,1,0037,train
14,5,1,0038,validation
14,5,1,0041,train
14,5,1,0046,train
14,5,1,0053,train
14,5,1,0054,train
14,5,1,0069,train
14,5,1,0079,train
14,5,1,0095,train
14,5,1,0106,train
14,5,1,0112,train
14,5,1,0116,train
14,5,1,0117,train
14,5,1,0135,train
14,5,1,0139,train
14,5,1,0144,train
14,5,1,0153,train
14,5,1,0161,train
14,5,1,0170,validation
14,5,1,0178,validation
14,5,1,0202,train
14,5,1,0227,train
14,5,1,0246,validation
14,5,1,0248,train
14,5,1,0256,train
14,5,1,0262,validation
14,5,1,0268,train
14,5,1,0273,train
14,5,1,0278,train
14,5,1,0281,train
14,5,1,0283,train
14,5,1,0287,validation
14,5,1,0289,train
14,5,1,0296,validation
14,5,1,0304,train
14,5,1,0306,train
14,5,1,0309,train
14,5,1,0322,train
14,5,1,0330,train
14,5,1,0346,train
14,5,1,0347,train
14,5,1,0369,validation
14,5,1,0376,train
14,5,1,0379,train
14,5,1,0384,train
14,5,1,0399,train
14,5,1,0406,train
14,5,1,0409,validation
14,5,1,0412,train
14,5,1,0432,train
14,5,1,0459,validation
14,5,1,0546,train
14,5,2,0003,train
14,5,2,0008,train
14,5,2,0009,train
14,5,2,0027,train
14,5,2,0033,validation
14,5,2,0037,train
14,5,2,0038,train
14,5,2,0041,validation
14,5,2,0046,validation
14,5,2,0053,train
14,5,2,0054,validation
14,5,2,0069,train
14,5,2,0079,train
14,5,2,0095,train
14,5,2,0106,validation
14,5,2,0112,train
14,5,2,0116,train
14,5,2,0117,validation
14,5,2,0135,train
14,5,2,0139,validation
14,5,2,0144,train
14,5,2,0153,train
14,5,2,0161,validation
14,5,2,0170,train
14,5,2,0178,train
14,5,2,0202,train
14,5,2,0227,train
14,5,2,0246,train
14,5,2,0248,train
14,5,2,0256,validation
14,5,2,0262,train
14,5,2,0268,validation
14,5,2,0273,train
14,5,2,0278,train
14,5,2,0281,train
14,5,2,0283,train
14,5,2,0287,train
14,5,2,0289,train
14,5,2,0296,train
14,5,2,0304,train
14,5,2,0306,train
14,5,2,0309,train
14,5,2,0322,train
14,5,2,0330,train
14,5,2,0346,validation
14,5,2,0347,train
14,5,2,0369,train
14,5,2,0376,train
14,5,2,0379,validation
14,5,2,0384,train
14,5,2,0399,train
14,5,2,0406,train
14,5,2,0409,train
14,5,2,0412,train
14,5,2,0432,train
14,5,2,0459,train
14,5,2,0546,train
14,5,3,0003,validation
14,5,3,0008,train
14,5,3,0009,train
14,5,3,0027,train
14,5,3,0033,train
14,5,3,0037,train
14,5,3,0038,train
14,5,3,0041,train
14,5,3,0046,train
14,5,3,0053,validation
14,5,3,0054,train
14,5,3,0069,train
14,5,3,0079,train
14,5,3,0095,validation
14,5,3,0106,train
14,5,3,0112,train
14,5,3,0116,train
14,5,3,0117,train
14,5,3,0135,validation
14,5,3,0139,train
14,5,3,0144,validation
14,5,3,0153,train
14,5,3,0161,train
14,5,3,0170,train
14,5,3,0178,train
14,5,3,0202,train
14,5,3,0227,validation
14,5,3,0246,train
14,5,3,0248,validation
14,5,3,0256,train
14,5,3,0262,train
14,5,3,0268,train
14,5,3,0273,train
14,5,3,0278,train
14,5,3,0281,validation
14,5,3,0283,train
14,5,3,0287,train
14,5,3,0289,validation
14,5,3,0296,train
14,5,3,0304,validation
14,5,3,0306,train
14,5,3,0309,train
14,5,3,0322,train
14,5,3,0330,train
14,5,3,0346,train
14,5,3,0347,train
14,5,3,0369,train
14,5,3,0376,train
14,5,3,0379,train
14,5,3,0384,train
14,5,3,0399,train
14,5,3,0406,train
14,5,3,0409,train
14,5,3,0412,validation
14,5,3,0432,train
14,5,3,0459,train
14,5,3,0546,train
14,5,4,0003,train
14,5,4,0008,validation
14,5,4,0009,train
14,5,4,0027,train
14,5,4,0033,train
14,5,4,0037,train
14,5,4,0038,train
14,5,4,0041,train
14,5,4,0046,train
14,5,4,0053,train
14,5,4,0054,train
14,5,4,0069,validation
14,5,4,0079,validation
14,5,4,0095,train
14,5,4,0106,train
14,5,4,0112,train
14,5,4,0116,train
14,5,4,0117,train
14,5,4,0135,train
14,5,4,0139,train
14,5,4,0144,train
14,5,4,0153,train
14,5,4,0161,train
14,5,4,0170,train
14,5,4,0178,train
14,5,4,0202,validation
14,5,4,0227,train
14,5,4,0246,train
14,5,4,0248,train
14,5,4,0256,train
14,5,4,0262,train
14,5,4,0268,train
14,5,4,0273,train
14,5,4,0278,train
14,5,4,0281,train
14,5,4,0283,train
14,5,4,0287,train
14,5,4,0289,train
14,5,4,0296,train
14,5,4,0304,train
14,5,4,0306,validation
14,5,4,0309,train
14,5,4,0322,validation
14,5,4,0330,train
14,5,4,0346,train
14,5,4,0347,validation
14,5,4,0369,train
14,5,4,0376,train
14,5,4,0379,train
14,5,4,0384,validation
14,5,4,0399,validation
14,5,4,0406,validation
14,5,4,0409,train
14,5,4,0412,train
14,5,4,0432,train
14,5,4,0459,train
14,5,4,0546,validation
14,5,5,0003,train
14,5,5,0008,train
14,5,5,0009,train
14,5,5,0027,train
14,5,5,0033,train
14,5,5,0037,validation
14,5,5,0038,train
14,5,5,0041,train
14,5,5,0046,train
14,5,5,0053,train
14,5,5,0054,train
14,5,5,0069,train
14,5,5,0079,train
14,5,5,0095,train
14,5,5,0106,train
14,5,5,0112,validation
14,5,5,0116,validation
14,5,5,0117,train
14,5,5,0135,train
14,5,5,0139,train
14,5,5,0144,train
14,5,5,0153,validation
14,5,5,0161,train
14,5,5,0170,train
14,5,5,0178,train
14,5,5,0202,train
14,5,5,0227,train
14,5,5,0246,train
14,5,5,0248,train
14,5,5,0256,train
14,5,5,0262,train
14,5,5,0268,train
14,5,5,0273,validation
14,5,5,0278,validation
14,5,5,0281,train
14,5,5,0283,validation
14,5,5,0287,train
14,5,5,0289,train
14,5,5,0296,train
14,5,5,0304,train
14,5,5,0306,train
14,5,5,0309,validation
14,5,5,0322,train
14,5,5,0330,validation
14,5,5,0346,train
14,5,5,0347,train
14,5,5,0369,train
14,5,5,0376,validation
14,5,5,0379,train
14,5,5,0384,train
14,5,5,0399,train
14,5,5,0406,train
14,5,5,0409,train
14,5,5,0412,train
14,5,5,0432,validation
14,5,5,0459,train
14,5,5,0546,train
15,1,1,0003,train
15,1,1,0014,validation
15,1,1,0027,train
15,1,1,0029,validation
15,1,1,0033,train
15,1,1,0037,train
15,1,1,0038,train
15,1,1,0041,train
15,1,1,0046,train
15,1,1,0053,train
15,1,1,0054,train
15,1,1,0069,validation
15,1,1,0079,train
15,1,1,0089,train
15,1,1,0095,train
15,1,1,0100,train
15,1,1,0106,train
15,1,1,0116,train
15,1,1,0117,train
15,1,1,0118,train
15,1,1,0135,train
15,1,1,0139,train
15,1,1,0144,train
15,1,1,0161,train
15,1,1,0170,train
15,1,1,0202,train
15,1,1,0212,validation
15,1,1,0227,train
15,1,1,0248,train
15,1,1,0256,train
15,1,1,0268,train
15,1,1,0273,validation
15,1,1,0278,validation
15,1,1,0281,train
15,1,1,0287,train
15,1,1,0289,validation
15,1,1,0304,train
15,1,1,0306,validation
15,1,1,0309,train
15,1,1,0311,train
15,1,1,0322,train
15,1,1,0323,train
15,1,1,0330,train
15,1,1,0346,train
15,1,1,0369,train
15,1,1,0370,validation
15,1,1,0376,train
15,1,1,0379,train
15,1,1,0399,validation
15,1,1,0406,train
15,1,1,0409,train
15,1,1,0412,validation
15,1,1,0427,validation
15,1,1,0432,train
15,1,1,0498,train
15,1,1,0546,train
15,1,2,0003,train
15,1,2,0014,train
15,1,2,0027,validation
15,1,2,0029,train
15,1,2,0033,train
15,1,2,0037,train
15,1,2,0038,validation
15,1,2,0041,validation
15,1,2,0046,validation
15,1,2,0053,train
15,1,2,0054,train
15,1,2,0069,train
15,1,2,0079,train
15,1,2,0089,train
15,1,2,0095,train
15,1,2,0100,train
15,1,2,0106,validation
15,1,2,0116,train
15,1,2,0117,train
15,1,2,0118,validation
15,1,2,0135,train
15,1,2,0139,train
15,1,2,0144,train
15,1,2,0161,train
15,1,2,0170,train
15,1,2,0202,train
15,1,2,0212,train
15,1,2,0227,train
15,1,2,0248,train
15,1,2,0256,validation
15,1,2,0268,train
15,1,2,0273,train
15,1,2,0278,train
15,1,2,0281,train
15,1,2,0287,validation
15,1,2,0289,train
15,1,2,0304,validation
15,1,2,0306,train
15,1,2,0309,train
15,1,2,0311,train
15,1,2,0322,train
15,1,2,0323,train
15,1,2,0330,validation
15,1,2,0346,train
15,1,2,0369,train
15,1,2,0370,train
15,1,2,0376,train
15,1,2,0379,train
15,1,2,0399,train
15,1,2,0406,train
15,1,2,0409,validation
15,1,2,0412,train
15,1,2,0427,train
15,1,2,0432,train
15,1,2,0498,train
15,1,2,0546,validation
15,1,3,0003,train
15,1,3,0014,train
15,1,3,0027,train
15,1,3,0029,train
15,1,3,0033,validation
15,1,3,0037,train
15,1,3,0038,train
15,1,3,0041,train
15,1,3,0046,train
15,1,3,0053,validation
15,1,3,0054,train
15,1,3,0069,train
15,1,3,0079,validation
15,1,3,0089,train
15,1,3,0095,train
15,1,3,0100,validation
15,1,3,0106,train
15,1,3,0116,train
15,1,3,0117,train
15,1,3,0118,train
15,1,3,0135,train
15,1,3,0139,train
15,1,3,0144,validation
15,1,3,0161,validation
15,1,3,0170,train
15,1,3,0202,train
15,1,3,0212,train
15,1,3,0227,validation
15,1,3,0248,validation
15,1,3,0256,train
15,1,3,0268,train
15,1,3,0273,train
15,1,3,0278,train
15,1,3,0281,train
15,1,3,0287,train
15,1,3,0289,train
15,1,3,0304,train
15,1,3,0306,train
15,1,3,0309,train
15,1,3,0311,train
15,1,3,0322,validation
15,1,3,0323,validation
15,1,3,0330,train
15,1,3,0346,train
15,1,3,0369,validation
15,1,3,0370,train
15,1,3,0376,train
15,1,3,0379,train
15,1,3,0399,train
15,1,3,0406,train
15,1,3,0409,train
15,1,3,0412,train
15,1,3,0427,train
15,1,3,0432,train
15,1,3,0498,train
15,1,3,0546,train
15,1,4,0003,validation
15,1,4,0014,train
15,1,4,0027,train
15,1,4,0029,train
15,1,4,0033,train
15,1,4,0037,validation
15,1,4,0038,train
15,1,4,0041,train
15,1,4,0046,train
15,1,4,0053,train
15,1,4,0054,train
15,1,4,0069,train
15,1,4,0079,train
15,1,4,0089,train
15,1,4,0095,validation
15,1,4,0100,train
15,1,4,0106,train
15,1,4,0116,validation
15,1,4,0117,train
15,1,4,0118,train
15,1,4,0135,train
15,1,4,0139,train
15,1,4,0144,train
15,1,4,0161,train
15,1,4,0170,train
15,1,4,0202,validation
15,1,4,0212,train
15,1,4,0227,train
15,1,4,0248,train
15,1,4,0256,train
15,1,4,0268,validation
15,1,4,0273,train
15,1,4,0278,train
15,1,4,0281,validation
15,1,4,0287,train
15,1,4,0289,train
15,1,4,0304,train
15,1,4,0306,train
15,1,4,0309,train
15,1,4,0311,validation
15,1,4,0322,train
15,1,4,0323,train
15,1,4,0330,train
15,1,4,0346,train
15,1,4,0369,train
15,1,4,0370,train
15,1,4,0376,train
15,1,4,0379,validation
15,1,4,0399,train
15,1,4,0406,validation
15,1,4,0409,train
15,1,4,0412,train
15,1,4,0427,train
15,1,4,0432,train
15,1,4,0498,validation
15,1,4,0546,train
15,1,5,0003,train
15,1,5,0014,train
15,1,5,0027,train
15,1,5,0029,train
15,1,5,0033,train
15,1,5,0037,train
15,1,5,0038,train
15,1,5,0041,train
15,1,5,0046,train
15,1,5,0053,train
15,1,5,0054,validation
15,1,5,0069,train
15,1,5,0079,train
15,1,5,0089,validation
15,1,5,0095,train
15,1,5,0100,train
15,1,5,0106,train
15,1,5,0116,train
15,1,5,0117,validation
15,1,5,0118,train
15,1,5,0135,validation
15,1,5,0139,validation
15,1,5,0144,train
15,1,5,0161,train
15,1,5,0170,validation
15,1,5,0202,train
15,1,5,0212,train
15,1,5,0227,train
15,1,5,0248,train
15,1,5,0256,train
15,1,5,0268,train
15,1,5,0273,train
15,1,5,0278,train
15,1,5,0281,train
15,1,5,0287,train
15,1,5,0289,train
15,1,5,0304,train
15,1,5,0306,train
15,1,5,0309,validation
15,1,5,0311,train
15,1,5,0322,train
15,1,5,0323,train
15,1,5,0330,train
15,1,5,0346,validation
15,1,5,0369,train
15,1,5,0370,train
15,1,5,0376,validation
15,1,5,0379,train
15,1,5,0399,train
15,1,5,0406,train
15,1,5,0409,train
15,1,5,0412,train
15,1,5,0427,train
15,1,5,0432,validation
15,1,5,0498,train
15,1,5,0546,train
15,2,1,0008,train
15,2,1,0009,train
15,2,1,0014,validation
15,2,1,0027,validation
15,2,1,0029,train
15,2,1,0033,train
15,2,1,0037,train
15,2,1,0038,validation
15,2,1,0041,train
15,2,1,0046,train
15,2,1,0053,train
15,2,1,0063,train
15,2,1,0069,train
15,2,1,0089,train
15,2,1,0100,train
15,2,1,0106,train
15,2,1,0112,train
15,2,1,0118,validation
15,2,1,0139,train
15,2,1,0144,train
15,2,1,0153,train
15,2,1,0161,train
15,2,1,0170,train
15,2,1,0178,train
15,2,1,0202,train
15,2,1,0212,train
15,2,1,0242,train
15,2,1,0246,train
15,2,1,0248,train
15,2,1,0256,train
15,2,1,0262,validation
15,2,1,0268,train
15,2,1,0273,train
15,2,1,0278,validation
15,2,1,0281,validation
15,2,1,0283,train
15,2,1,0287,train
15,2,1,0289,train
15,2,1,0296,train
15,2,1,0304,train
15,2,1,0306,train
15,2,1,0309,train
15,2,1,0323,train
15,2,1,0330,validation
15,2,1,0346,train
15,2,1,0347,train
15,2,1,0369,train
15,2,1,0370,train
15,2,1,0376,train
15,2,1,0384,train
15,2,1,0406,validation
15,2,1,0427,validation
15,2,1,0432,validation
15,2,1,0459,train
15,2,1,0468,train
15,2,1,0498,validation
15,2,1,0546,train
15,2,2,0008,train
15,2,2,0009,train
15,2,2,0014,train
15,2,2,0027,train
15,2,2,0029,train
15,2,2,0033,train
15,2,2,0037,train
15,2,2,0038,train
15,2,2,0041,train
15,2,2,0046,train
15,2,2,0053,validation
15,2,2,0063,train
15,2,2,0069,validation
15,2,2,0089,train
15,2,2,0100,validation
15,2,2,0106,train
15,2,2,0112,train
15,2,2,0118,train
15,2,2,0139,train
15,2,2,0144,train
15,2,2,0153,train
15,2,2,0161,train
15,2,2,0170,train
15,2,2,0178,train
15,2,2,0202,validation
15,2,2,0212,validation
15,2,2,0242,train
15,2,2,0246,validation
15,2,2,0248,train
15,2,2,0256,validation
15,2,2,0262,train
15,2,2,0268,train
15,2,2,0273,train
15,2,2,0278,train
15,2,2,0281,train
15,2,2,0283,train
15,2,2,0287,train
15,2,2,0289,validation
15,2,2,0296,train
15,2,2,0304,validation
15,2,2,0306,train
15,2,2,0309,train
15,2,2,0323,train
15,2,2,0330,train
15,2,2,0346,train
15,2,2,0347,train
15,2,2,0369,train
15,2,2,0370,train
15,2,2,0376,validation
15,2,2,0384,validation
15,2,2,0406,train
15,2,2,0427,train
15,2,2,0432,train
15,2,2,0459,train
15,2,2,0468,validation
15,2,2,0498,train
15,2,2,0546,train
15,2,3,0008,validation
15,2,3,0009,train
15,2,3,0014,train
15,2,3,0027,train
15,2,3,0029,train
15,2,3,0033,train
15,2,3,0037,validation
15,2,3,0038,train
15,2,3,0041,validation
15,2,3,0046,validation
15,2,3,0053,train
15,2,3,0063,train
15,2,3,0069,train
15,2,3,0089,train
15,2,3,0100,train
15,2,3,0106,validation
15,2,3,0112,train
15,2,3,0118,train
15,2,3,0139,train
15,2,3,0144,train
15,2,3,0153,train
15,2,3,0161,train
15,2,3,0170,validation
15,2,3,0178,train
15,2,3,0202,train
15,2,3,0212,train
15,2,3,0242,train
15,2,3,0246,train
15,2,3,0248,train
15,2,3,0256,train
15,2,3,0262,train
15,2,3,0268,train
15,2,3,0273,train
15,2,3,0278,train
15,2,3,0281,train
15,2,3,0283,train
15,2,3,0287,validation
15,2,3,0289,train
15,2,3,0296,train
15,2,3,0304,train
15,2,3,0306,validation
15,2,3,0309,validation
15,2,3,0323,train
15,2,3,0330,train
15,2,3,0346,validation
15,2,3,0347,train
15,2,3,0369,train
15,2,3,0370,train
15,2,3,0376,train
15,2,3,0384,train
15,2,3,0406,train
15,2,3,0427,train
15,2,3,0432,train
15,2,3,0459,train
15,2,3,0468,train
15,2,3,0498,train
15,2,3,0546,validation
15,2,4,0008,train
15,2,4,0009,train
15,2,4,0014,train
15,2,4,0027,train
15,2,4,0029,validation
15,2,4,0033,train
15,2,4,0037,train
15,2,4,0038,train
15,2,4,0041,train
15,2,4,0046,train
15,2,4,0053,train
15,2,4,0063,validation
15,2,4,0069,train
15,2,4,0089,train
15,2,4,0100,train
15,2,4,0106,train
15,2,4,0112,validation
15,2,4,0118,train
15,2,4,0139,validation
15,2,4,0144,train
15,2,4,0153,validation
15,2,4,0161,validation
15,2,4,0170,train
15,2,4,0178,train
15,2,4,0202,train
15,2,4,0212,train
15,2,4,0242,train
15,2,4,0246,train
15,2,4,0248,train
15,2,4,0256,train
15,2,4,0262,train
15,2,4,0268,validation
15,2,4,0273,train
15,2,4,0278,train
15,2,4,0281,train
15,2,4,0283,train
15,2,4,0287,train
15,2,4,0289,train
15,2,4,0296,validation
15,2,4,0304,train
15,2,4,0306,train
15,2,4,0309,train
15,2,4,0323,train
15,2,4,0330,train
15,2,4,0346,train
15,2,4,0347,validation
15,2,4,0369,train
15,2,4,0370,validation
15,2,4,0376,train
15,2,4,0384,train
15,2,4,0406,train
15,2,4,0427,train
15,2,4,0432,train
15,2,4,0459,validation
15,2,4,0468,train
15,2,4,0498,train
15,2,4,0546,train
15,2,5,0008,train
15,2,5,0009,validation
15,2,5,0014,train
15,2,5,0027,train
15,2,5,0029,train
15,2,5,0033,validation
15,2,5,0037,train
15,2,5,0038,train
15,2,5,0041,train
15,2,5,0046,train
15,2,5,0053,train
15,2,5,0063,train
15,2,5,0069,train
15,2,5,0089,validation
15,2,5,0100,train
15,2,5,0106,train
15,2,5,0112,train
15,2,5,0118,train
15,2,5,0139,train
15,2,5,0144,validation
15,2,5,0153,train
15,2,5,0161,train
15,2,5,0170,train
15,2,5,0178,validation
15,2,5,0202,train
15,2,5,0212,train
15,2,5,0242,validation
15,2,5,0246,train
15,2,5,0248,validation
15,2,5,0256,train
15,2,5,0262,train
15,2,5,0268,train
15,2,5,0273,validation
15,2,5,0278,train
15,2,5,0281,train
15,2,5,0283,validation
15,2,5,0287,train
15,2,5,0289,train
15,2,5,0296,train
15,2,5,0304,train
15,2,5,0306,train
15,2,5,0309,train
15,2,5,0323,validation
15,2,5,0330,train
15,2,5,0346,train
15,2,5,0347,train
15,2,5,0369,validation
15,2,5,0370,train
15,2,5,0376,train
15,2,5,0384,train
15,2,5,0406,train
15,2,5,0427,train
15,2,5,0432,train
15,2,5,0459,train
15,2,5,0468,train
15,2,5,0498,train
15,2,5,0546,train
15,3,1,0003,validation
15,3,1,0008,validation
15,3,1,0009,train
15,3,1,0014,validation
15,3,1,0027,validation
15,3,1,0029,train
15,3,1,0037,validation
15,3,1,0038,train
15,3,1,0046,train
15,3,1,0053,train
15,3,1,0054,train
15,3,1,0063,train
15,3,1,0079,validation
15,3,1,0095,train
15,3,1,0100,train
15,3,1,0112,train
15,3,1,0116,validation
15,3,1,0117,train
15,3,1,0135,train
15,3,1,0139,train
15,3,1,0144,train
15,3,1,0153,train
15,3,1,0161,train
15,3,1,0178,train
15,3,1,0202,train
15,3,1,0212,validation
15,3,1,0227,train
15,3,1,0242,validation
15,3,1,0246,train
15,3,1,0248,train
15,3,1,0256,train
15,3,1,0262,train
15,3,1,0268,train
15,3,1,0273,validation
15,3,1,0278,train
15,3,1,0281,validation
15,3,1,0283,train
15,3,1,0289,train
15,3,1,0296,train
15,3,1,0304,train
15,3,1,0311,train
15,3,1,0322,train
15,3,1,0346,train
15,3,1,0347,train
15,3,1,0369,train
15,3,1,0370,train
15,3,1,0379,train
15,3,1,0384,train
15,3,1,0399,train
15,3,1,0406,train
15,3,1,0409,validation
15,3,1,0412,train
15,3,1,0432,train
15,3,1,0459,train
15,3,1,0468,train
15,3,1,0498,train
15,3,1,0546,train
15,3,2,0003,train
15,3,2,0008,train
15,3,2,0009,validation
15,3,2,0014,train
15,3,2,0027,train
15,3,2,0029,train
15,3,2,0037,train
15,3,2,0038,train
15,3,2,0046,train
15,3,2,0053,train
15,3,2,0054,validation
15,3,2,0063,train
15,3,2,0079,train
15,3,2,0095,train
15,3,2,0100,train
15,3,2,0112,train
15,3,2,0116,train
15,3,2,0117,validation
15,3,2,0135,train
15,3,2,0139,train
15,3,2,0144,validation
15,3,2,0153,train
15,3,2,0161,train
15,3,2,0178,train
15,3,2,0202,validation
15,3,2,0212,train
15,3,2,0227,validation
15,3,2,0242,train
15,3,2,0246,train
15,3,2,0248,train
15,3,2,0256,train
15,3,2,0262,train
15,3,2,0268,validation
15,3,2,0273,train
15,3,2,0278,validation
15,3,2,0281,train
15,3,2,0283,train
15,3,2,0289,validation
15,3,2,0296,train
15,3,2,0304,train
15,3,2,0311,train
15,3,2,0322,train
15,3,2,0346,train
15,3,2,0347,validation
15,3,2,0369,train
15,3,2,0370,train
15,3,2,0379,train
15,3,2,0384,train
15,3,2,0399,train
15,3,2,0406,validation
15,3,2,0409,train
15,3,2,0412,train
15,3,2,0432,train
15,3,2,0459,validation
15,3,2,0468,train
15,3,2,0498,train
15,3,2,0546,train
15,3,3,0003,train
15,3,3,0008,train
15,3,3,0009,train
15,3,3,0014,train
15,3,3,0027,train
15,3,3,0029,validation
15,3,3,0037,train
15,3,3,0038,train
15,3,3,0046,validation
15,3,3,0053,train
15,3,3,0054,train
15,3,3,0063,validation
15,3,3,0079,train
15,3,3,0095,validation
15,3,3,0100,train
15,3,3,0112,validation
15,3,3,0116,train
15,3,3,0117,train
15,3,3,0135,train
15,3,3,0139,train
15,3,3,0144,train
15,3,3,0153,validation
15,3,3,0161,train
15,3,3,0178,train
15,3,3,0202,train
15,3,3,0212,train
15,3,3,0227,train
15,3,3,0242,train
15,3,3,0246,validation
15,3,3,0248,train
15,3,3,0256,validation
15,3,3,0262,train
15,3,3,0268,train
15,3,3,0273,train
15,3,3,0278,train
15,3,3,0281,train
15,3,3,0283,train
15,3,3,0289,train
15,3,3,0296,train
15,3,3,0304,train
15,3,3,0311,train
15,3,3,0322,train
15,3,3,0346,train
15,3,3,0347,train
15,3,3,0369,train
15,3,3,0370,train
15,3,3,0379,train
15,3,3,0384,train
15,3,3,0399,train
15,3,3,0406,train
15,3,3,0409,train
15,3,3,0412,validation
15,3,3,0432,train
15,3,3,0459,train
15,3,3,0468,validation
15,3,3,0498,train
15,3,3,0546,validation
15,3,4,0003,train
15,3,4,0008,train
15,3,4,0009,train
15,3,4,0014,train
15,3,4,0027,train
15,3,4,0029,train
15,3,4,0037,train
15,3,4,0038,validation
15,3,4,0046,train
15,3,4,0053,validation
15,3,4,0054,train
15,3,4,0063,train
15,3,4,0079,train
15,3,4,0095,train
15,3,4,0100,train
15,3,4,0112,train
15,3,4,0116,train
15,3,4,0117,train
15,3,4,0135,validation
15,3,4,0139,validation
15,3,4,0144,train
15,3,4,0153,train
15,3,4,0161,validation
15,3,4,0178,train
15,3,4,0202,train
15,3,4,0212,train
15,3,4,0227,train
15,3,4,0242,train
15,3,4,0246,train
15,3,4,0248,train
15,3,4,0256,train
15,3,4,0262,train
15,3,4,0268,train
15,3,4,0273,train
15,3,4,0278,train
15,3,4,0281,train
15,3,4,0283,validation
15,3,4,0289,train
15,3,4,0296,validation
15,3,4,0304,validation
15,3,4,0311,validation
15,3,4,0322,train
15,3,4,0346,validation
15,3,4,0347,train
15,3,4,0369,train
15,3,4,0370,validation
15,3,4,0379,train
15,3,4,0384,train
15,3,4,0399,train
15,3,4,0406,train
15,3,4,0409,train
15,3,4,0412,train
15,3,4,0432,train
15,3,4,0459,train
15,3,4,0468,train
15,3,4,0498,train
15,3,4,0546,train
15,3,5,0003,train
15,3,5,0008,train
15,3,5,0009,train
15,3,5,0014,train
15,3,5,0027,train
15,3,5,0029,train
15,3,5,0037,train
15,3,5,0038,train
15,3,5,0046,train
15,3,5,0053,train
15,3,5,0054,train
15,3,5,0063,train
15,3,5,0079,train
15,3,5,0095,train
15,3,5,0100,validation
15,3,5,0112,train
15,3,5,0116,train
15,3,5,0117,train
15,3,5,0135,train
15,3,5,0139,train
15,3,5,0144,train
15,3,5,0153,train
15,3,5,0161,train
15,3,5,0178,validation
15,3,5,0202,train
15,3,5,0212,train
15,3,5,0227,train
15,3,5,0242,train
15,3,5,0246,train
15,3,5,0248,validation
15,3,5,0256,train
15,3,5,0262,validation
15,3,5,0268,train
15,3,5,0273,train
15,3,5,0278,train
15,3,5,0281,train
15,3,5,0283,train
15,3,5,0289,train
15,3,5,0296,train
15,3,5,0304,train
15,3,5,0311,train
15,3,5,0322,validation
15,3,5,0346,train
15,3,5,0347,train
15,3,5,0369,validation
15,3,5,0370,train
15,3,5,0379,validation
15,3,5,0384,validation
15,3,5,0399,validation
15,3,5,0406,train
15,3,5,0409,train
15,3,5,0412,train
15,3,5,0432,validation
15,3,5,0459,train
15,3,5,0468,train
15,3,5,0498,validation
15,3,5,0546,train
15,4,1,0003,train
15,4,1,0008,validation
15,4,1,0009,train
15,4,1,0027,train
15,4,1,0033,train
15,4,1,0037,train
15,4,1,0041,train
15,4,1,0053,validation
15,4,1,0054,train
15,4,1,0063,train
15,4,1,0069,train
15,4,1,0079,train
15,4,1,0089,validation
15,4,1,0095,train
15,4,1,0106,train
15,4,1,0112,train
15,4,1,0116,train
15,4,1,0117,train
15,4,1,0118,validation
15,4,1,0135,train
15,4,1,0144,train
15,4,1,0153,train
15,4,1,0170,train
15,4,1,0178,train
15,4,1,0212,train
15,4,1,0227,train
15,4,1,0242,train
15,4,1,0246,validation
15,4,1,0248,train
15,4,1,0256,train
15,4,1,0262,validation
15,4,1,0273,train
15,4,1,0283,validation
15,4,1,0287,train
15,4,1,0296,train
15,4,1,0304,train
15,4,1,0306,train
15,4,1,0309,train
15,4,1,0311,train
15,4,1,0322,validation
15,4,1,0323,train
15,4,1,0330,train
15,4,1,0347,train
15,4,1,0369,train
15,4,1,0370,train
15,4,1,0376,validation
15,4,1,0379,train
15,4,1,0384,validation
15,4,1,0399,train
15,4,1,0409,train
15,4,1,0412,train
15,4,1,0427,train
15,4,1,0432,train
15,4,1,0459,validation
15,4,1,0468,train
15,4,1,0498,train
15,4,1,0546,validation
15,4,2,0003,validation
15,4,2,0008,train
15,4,2,0009,train
15,4,2,0027,train
15,4,2,0033,train
15,4,2,0037,validation
15,4,2,0041,train
15,4,2,0053,train
15,4,2,0054,train
15,4,2,0063,validation
15,4,2,0069,train
15,4,2,0079,train
15,4,2,0089,train
15,4,2,0095,train
15,4,2,0106,train
15,4,2,0112,train
15,4,2,0116,train
15,4,2,0117,train
15,4,2,0118,train
15,4,2,0135,train
15,4,2,0144,train
15,4,2,0153,train
15,4,2,0170,train
15,4,2,0178,validation
15,4,2,0212,train
15,4,2,0227,train
15,4,2,0242,validation
15,4,2,0246,train
15,4,2,0248,train
15,4,2,0256,train
15,4,2,0262,train
15,4,2,0273,train
15,4,2,0283,train
15,4,2,0287,train
15,4,2,0296,train
15,4,2,0304,train
15,4,2,0306,train
15,4,2,0309,train
15,4,2,0311,train
15,4,2,0322,train
15,4,2,0323,train
15,4,2,0330,validation
15,4,2,0347,validation
15,4,2,0369,train
15,4,2,0370,train
15,4,2,0376,train
15,4,2,0379,validation
15,4,2,0384,train
15,4,2,0399,train
15,4,2,0409,validation
15,4,2,0412,train
15,4,2,0427,validation
15,4,2,0432,validation
15,4,2,0459,train
15,4,2,0468,validation
15,4,2,0498,train
15,4,2,0546,train
15,4,3,0003,train
15,4,3,0008,train
15,4,3,0009,train
15,4,3,0027,train
15,4,3,0033,train
15,4,3,0037,train
15,4,3,0041,train
15,4,3,0053,train
15,4,3,0054,train
15,4,3,0063,train
15,4,3,0069,train
15,4,3,0079,validation
15,4,3,0089,train
15,4,3,0095,validation
15,4,3,0106,train
15,4,3,0112,train
15,4,3,0116,validation
15,4,3,0117,train
15,4,3,0118,train
15,4,3,0135,train
15,4,3,0144,validation
15,4,3,0153,train
15,4,3,0170,train
15,4,3,0178,train
15,4,3,0212,validation
15,4,3,0227,validation
15,4,3,0242,train
15,4,3,0246,train
15,4,3,0248,validation
15,4,3,0256,train
15,4,3,0262,train
15,4,3,0273,validation
15,4,3,0283,train
15,4,3,0287,validation
15,4,3,0296,validation
15,4,3,0304,train
15,4,3,0306,train
15,4,3,0309,train
15,4,3,0311,train
15,4,3,0322,train
15,4,3,0323,train
15,4,3,0330,train
15,4,3,0347,train
15,4,3,0369,train
15,4,3,0370,train
15,4,3,0376,train
15,4,3,0379,train
15,4,3,0384,train
15,4,3,0399,train
15,4,3,0409,train
15,4,3,0412,validation
15,4,3,0427,train
15,4,3,0432,train
15,4,3,0459,train
15,4,3,0468,train
15,4,3,0498,train
15,4,3,0546,train
15,4,4,0003,train
15,4,4,0008,train
15,4,4,0009,train
15,4,4,0027,train
15,4,4,0033,validation
15,4,4,0037,train
15,4,4,0041,train
15,4,4,0053,train
15,4,4,0054,train
15,4,4,0063,train
15,4,4,0069,train
15,4,4,0079,train
15,4,4,0089,train
15,4,4,0095,train
15,4,4,0106,validation
15,4,4,0112,validation
15,4,4,0116,train
15,4,4,0117,validation
15,4,4,0118,train
15,4,4,0135,validation
15,4,4,0144,train
15,4,4,0153,train
15,4,4,0170,train
15,4,4,0178,train
15,4,4,0212,train
15,4,4,0227,train
15,4,4,0242,train
15,4,4,0246,train
15,4,4,0248,train
15,4,4,0256,train
15,4,4,0262,train
15,4,4,0273,train
15,4,4,0283,train
15,4,4,0287,train
15,4,4,0296,train
15,4,4,0304,validation
15,4,4,0306,train
15,4,4,0309,validation
15,4,4,0311,validation
15,4,4,0322,train
15,4,4,0323,train
15,4,4,0330,train
15,4,4,0347,train
15,4,4,0369,validation
15,4,4,0370,train
15,4,4,0376,train
15,4,4,0379,train
15,4,4,0384,train
15,4,4,0399,validation
15,4,4,0409,train
15,4,4,0412,train
15,4,4,0427,train
15,4,4,0432,train
15,4,4,0459,train
15,4,4,0468,train
15,4,4,0498,validation
15,4,4,0546,train
15,4,5,0003,train
15,4,5,0008,train
15,4,5,0009,validation
15,4,5,0027,validation
15,4,5,0033,train
15,4,5,0037,train
15,4,5,0041,validation
15,4,5,0053,train
15,4,5,0054,validation
15,4,5,0063,train
15,4,5,0069,validation
15,4,5,0079,train
15,4,5,0089,train
15,4,5,0095,train
15,4,5,0106,train
15,4,5,0112,train
15,4,5,0116,train
15,4,5,0117,train
15,4,5,0118,train
15,4,5,0135,train
15,4,5,0144,train
15,4,5,0153,validation
15,4,5,0170,validation
15,4,5,0178,train
15,4,5,0212,train
15,4,5,0227,train
15,4,5,0242,train
15,4,5,0246,train
15,4,5,0248,train
15,4,5,0256,validation
15,4,5,0262,train
15,4,5,0273,train
15,4,5,0283,train
15,4,5,0287,train
15,4,5,0296,train
15,4,5,0304,train
15,4,5,0306,validation
15,4,5,0309,train
15,4,5,0311,train
15,4,5,0322,train
15,4,5,0323,validation
15,4,5,0330,train
15,4,5,0347,train
15,4,5,0369,train
15,4,5,0370,validation
15,4,5,0376,train
15,4,5,0379,train
15,4,5,0384,train
15,4,5,0399,train
15,4,5,0409,train
15,4,5,0412,train
15,4,5,0427,train
15,4,5,0432,train
15,4,5,0459,train
15,4,5,0468,train
15,4,5,0498,train
15,4,5,0546,train
15,5,1,0003,train
15,5,1,0008,train
15,5,1,0009,train
15,5,1,0014,train
15,5,1,0029,train
15,5,1,0033,train
15,5,1,0038,train
15,5,1,0041,train
15,5,1,0046,train
15,5,1,0054,train
15,5,1,0063,train
15,5,1,0069,train
15,5,1,0079,train
15,5,1,0089,validation
15,5,1,0095,validation
15,5,1,0100,train
15,5,1,0106,train
15,5,1,0112,train
15,5,1,0116,train
15,5,1,0117,train
15,5,1,0118,validation
15,5,1,0135,train
15,5,1,0139,train
15,5,1,0153,train
15,5,1,0161,train
15,5,1,0170,validation
15,5,1,0178,train
15,5,1,0202,train
15,5,1,0227,validation
15,5,1,0242,train
15,5,1,0246,train
15,5,1,0262,train
15,5,1,0268,train
15,5,1,0278,validation
15,5,1,0281,train
15,5,1,0283,train
15,5,1,0287,train
15,5,1,0289,train
15,5,1,0296,train
15,5,1,0306,validation
15,5,1,0309,train
15,5,1,0311,train
15,5,1,0322,train
15,5,1,0323,train
15,5,1,0330,validation
15,5,1,0346,validation
15,5,1,0347,train
15,5,1,0376,train
15,5,1,0379,train
15,5,1,0384,train
15,5,1,0399,train
15,5,1,0406,validation
15,5,1,0409,train
15,5,1,0412,train
15,5,1,0427,validation
15,5,1,0459,train
15,5,1,0468,validation
15,5,2,0003,train
15,5,2,0008,train
15,5,2,0009,train
15,5,2,0014,train
15,5,2,0029,train
15,5,2,0033,train
15,5,2,0038,validation
15,5,2,0041,train
15,5,2,0046,train
15,5,2,0054,train
15,5,2,0063,train
15,5,2,0069,train
15,5,2,0079,validation
15,5,2,0089,train
15,5,2,0095,train
15,5,2,0100,train
15,5,2,0106,validation
15,5,2,0112,train
15,5,2,0116,train
15,5,2,0117,validation
15,5,2,0118,train
15,5,2,0135,train
15,5,2,0139,train
15,5,2,0153,train
15,5,2,0161,validation
15,5,2,0170,train
15,5,2,0178,train
15,5,2,0202,train
15,5,2,0227,train
15,5,2,0242,validation
15,5,2,0246,train
15,5,2,0262,train
15,5,2,0268,train
15,5,2,0278,train
15,5,2,0281,train
15,5,2,0283,train
15,5,2,0287,train
15,5,2,0289,train
15,5,2,0296,train
15,5,2,0306,train
15,5,2,0309,validation
15,5,2,0311,validation
15,5,2,0322,train
15,5,2,0323,validation
15,5,2,0330,train
15,5,2,0346,train
15,5,2,0347,train
15,5,2,0376,validation
15,5,2,0379,train
15,5,2,0384,train
15,5,2,0399,validation
15,5,2,0406,train
15,5,2,0409,validation
15,5,2,0412,train
15,5,2,0427,train
15,5,2,0459,train
15,5,2,0468,train
15,5,3,0003,train
15,5,3,0008,train
15,5,3,0009,train
15,5,3,0014,train
15,5,3,0029,train
15,5,3,0033,train
15,5,3,0038,train
15,5,3,0041,train
15,5,3,0046,train
15,5,3,0054,validation
15,5,3,0063,validation
15,5,3,0069,validation
15,5,3,0079,train
15,5,3,0089,train
15,5,3,0095,train
15,5,3,0100,validation
15,5,3,0106,train
15,5,3,0112,train
15,5,3,0116,train
15,5,3,0117,train
15,5,3,0118,train
15,5,3,0135,train
15,5,3,0139,validation
15,5,3,0153,validation
15,5,3,0161,train
15,5,3,0170,train
15,5,3,0178,train
15,5,3,0202,train
15,5,3,0227,train
15,5,3,0242,train
15,5,3,0246,train
15,5,3,0262,validation
15,5,3,0268,validation
15,5,3,0278,train
15,5,3,0281,train
15,5,3,0283,train
15,5,3,0287,train
15,5,3,0289,train
15,5,3,0296,validation
15,5,3,0306,train
15,5,3,0309,train
15,5,3,0311,train
15,5,3,0322,validation
15,5,3,0323,train
15,5,3,0330,train
15,5,3,0346,train
15,5,3,0347,train
15,5,3,0376,train
15,5,3,0379,train
15,5,3,0384,train
15,5,3,0399,train
15,5,3,0406,train
15,5,3,0409,train
15,5,3,0412,train
15,5,3,0427,train
15,5,3,0459,validation
15,5,3,0468,train
15,5,4,0003,validation
15,5,4,0008,validation
15,5,4,0009,validation
15,5,4,0014,train
15,5,4,0029,validation
15,5,4,0033,train
15,5,4,0038,train
15,5,4,0041,train
15,5,4,0046,validation
15,5,4,0054,train
15,5,4,0063,train
15,5,4,0069,train
15,5,4,0079,train
15,5,4,0089,train
15,5,4,0095,train
15,5,4,0100,train
15,5,4,0106,train
15,5,4,0112,validation
15,5,4,0116,train
15,5,4,0117,train
15,5,4,0118,train
15,5,4,0135,validation
15,5,4,0139,train
15,5,4,0153,train
15,5,4,0161,train
15,5,4,0170,train
15,5,4,0178,train
15,5,4,0202,train
15,5,4,0227,train
15,5,4,0242,train
15,5,4,0246,train
15,5,4,0262,train
15,5,4,0268,train
15,5,4,0278,train
15,5,4,0281,validation
15,5,4,0283,train
15,5,4,0287,train
15,5,4,0289,train
15,5,4,0296,train
15,5,4,0306,train
15,5,4,0309,train
15,5,4,0311,train
15,5,4,0322,train
15,5,4,0323,train
15,5,4,0330,train
15,5,4,0346,train
15,5,4,0347,validation
15,5,4,0376,train
15,5,4,0379,validation
15,5,4,0384,train
15,5,4,0399,train
15,5,4,0406,train
15,5,4,0409,train
15,5,4,0412,validation
15,5,4,0427,train
15,5,4,0459,train
15,5,4,0468,train
15,5,5,0003,train
15,5,5,0008,train
15,5,5,0009,train
15,5,5,0014,validation
15,5,5,0029,train
15,5,5,0033,validation
15,5,5,0038,train
15,5,5,0041,validation
15,5,5,0046,train
15,5,5,0054,train
15,5,5,0063,train
15,5,5,0069,train
15,5,5,0079,train
15,5,5,0089,train
15,5,5,0095,train
15,5,5,0100,train
15,5,5,0106,train
15,5,5,0112,train
15,5,5,0116,validation
15,5,5,0117,train
15,5,5,0118,train
15,5,5,0135,train
15,5,5,0139,train
15,5,5,0153,train
15,5,5,0161,train
15,5,5,0170,train
15,5,5,0178,validation
15,5,5,0202,validation
15,5,5,0227,train
15,5,5,0242,train
15,5,5,0246,validation
15,5,5,0262,train
15,5,5,0268,train
15,5,5,0278,train
15,5,5,0281,train
15,5,5,0283,validation
15,5,5,0287,validation
15,5,5,0289,validation
15,5,5,0296,train
15,5,5,0306,train
15,5,5,0309,train
15,5,5,0311,train
15,5,5,0322,train
15,5,5,0323,train
15,5,5,0330,train
15,5,5,0346,train
15,5,5,0347,train
15,5,5,0376,train
15,5,5,0379,train
15,5,5,0384,validation
15,5,5,0399,train
15,5,5,0406,train
15,5,5,0409,train
15,5,5,0412,train
15,5,5,0427,train
15,5,5,0459,train
15,5,5,0468,train
16,1,1,0003,train
16,1,1,0009,train
16,1,1,0027,train
16,1,1,0029,train
16,1,1,0033,train
16,1,1,0038,train
16,1,1,0041,train
16,1,1,0046,validation
16,1,1,0053,train
16,1,1,0054,validation
16,1,1,0063,validation
16,1,1,0069,validation
16,1,1,0079,validation
16,1,1,0089,validation
16,1,1,0095,train
16,1,1,0100,train
16,1,1,0106,train
16,1,1,0112,train
16,1,1,0116,train
16,1,1,0117,train
16,1,1,0118,train
16,1,1,0139,train
16,1,1,0144,train
16,1,1,0153,train
16,1,1,0161,train
16,1,1,0178,train
16,1,1,0227,validation
16,1,1,0242,train
16,1,1,0248,validation
16,1,1,0256,train
16,1,1,0273,train
16,1,1,0278,train
16,1,1,0281,train
16,1,1,0283,validation
16,1,1,0287,train
16,1,1,0289,train
16,1,1,0296,train
16,1,1,0304,train
16,1,1,0306,train
16,1,1,0309,train
16,1,1,0311,train
16,1,1,0330,train
16,1,1,0346,train
16,1,1,0347,train
16,1,1,0369,train
16,1,1,0376,train
16,1,1,0379,train
16,1,1,0384,train
16,1,1,0399,train
16,1,1,0409,validation
16,1,1,0412,train
16,1,1,0427,train
16,1,1,0432,validation
16,1,1,0459,train
16,1,1,0468,validation
16,1,1,0546,train
16,1,2,0003,train
16,1,2,0009,train
16,1,2,0027,train
16,1,2,0029,validation
16,1,2,0033,train
16,1,2,0038,validation
16,1,2,0041,train
16,1,2,0046,train
16,1,2,0053,train
16,1,2,0054,train
16,1,2,0063,train
16,1,2,0069,train
16,1,2,0079,train
16,1,2,0089,train
16,1,2,0095,train
16,1,2,0100,train
16,1,2,0106,validation
16,1,2,0112,train
16,1,2,0116,train
16,1,2,0117,validation
16,1,2,0118,validation
16,1,2,0139,train
16,1,2,0144,validation
16,1,2,0153,train
16,1,2,0161,train
16,1,2,0178,train
16,1,2,0227,train
16,1,2,0242,train
16,1,2,0248,train
16,1,2,0256,train
16,1,2,0273,train
16,1,2,0278,train
16,1,2,0281,train
16,1,2,0283,train
16,1,2,0287,train
16,1,2,0289,train
16,1,2,0296,train
16,1,2,0304,train
16,1,2,0306,train
16,1,2,0309,train
16,1,2,0311,train
16,1,2,0330,validation
16,1,2,0346,validation
16,1,2,0347,validation
16,1,2,0369,train
16,1,2,0376,train
16,1,2,0379,train
16,1,2,0384,train
16,1,2,0399,train
16,1,2,0409,train
16,1,2,0412,validation
16,1,2,0427,validation
16,1,2,0432,train
16,1,2,0459,train
16,1,2,0468,train
16,1,2,0546,validation
16,1,3,0003,train
16,1,3,0009,train
16,1,3,0027,validation
16,1,3,0029,train
16,1,3,0033,train
16,1,3,0038,train
16,1,3,0041,train
16,1,3,0046,train
16,1,3,0053,train
16,1,3,0054,train
16,1,3,0063,train
16,1,3,0069,train
16,1,3,0079,train
16,1,3,0089,train
16,1,3,0095,train
16,1,3,0100,train
16,1,3,0106,train
16,1,3,0112,validation
16,1,3,0116,validation
16,1,3,0117,train
16,1,3,0118,train
16,1,3,0139,train
16,1,3,0144,train
16,1,3,0153,train
16,1,3,0161,train
16,1,3,0178,train
16,1,3,0227,train
16,1,3,0242,train
16,1,3,0248,train
16,1,3,0256,train
16,1,3,0273,train
16,1,3,0278,validation
16,1,3,0281,train
16,1,3,0283,train
16,1,3,0287,validation
16,1,3,0289,train
16,1,3,0296,train
16,1,3,0304,validation
16,1,3,0306,validation
16,1,3,0309,train
16,1,3,0311,validation
16,1,3,0330,train
16,1,3,0346,train
16,1,3,0347,train
16,1,3,0369,train
16,1,3,0376,train
16,1,3,0379,validation
16,1,3,0384,train
16,1,3,0399,validation
16,1,3,0409,train
16,1,3,0412,train
16,1,3,0427,train
16,1,3,0432,train
16,1,3,0459,validation
16,1,3,0468,train
16,1,3,0546,train
16,1,4,0003,validation
16,1,4,0009,train
16,1,4,0027,train
16,1,4,0029,train
16,1,4,0033,validation
16,1,4,0038,train
16,1,4,0041,train
16,1,4,0046,train
16,1,4,0053,validation
16,1,4,0054,train
16,1,4,0063,train
16,1,4,0069,train
16,1,4,0079,train
16,1,4,0089,train
16,1,4,0095,validation
16,1,4,0100,train
16,1,4,0106,train
16,1,4,0112,train
16,1,4,0116,train
16,1,4,0117,train
16,1,4,0118,train
16,1,4,0139,train
16,1,4,0144,train
16,1,4,0153,validation
16,1,4,0161,validation
16,1,4,0178,train
16,1,4,0227,train
16,1,4,0242,train
16,1,4,0248,train
16,1,4,0256,validation
16,1,4,0273,train
16,1,4,0278,train
16,1,4,0281,train
16,1,4,0283,train
16,1,4,0287,train
16,1,4,0289,validation
16,1,4,0296,validation
16,1,4,0304,train
16,1,4,0306,train
16,1,4,0309,train
16,1,4,0311,train
16,1,4,0330,train
16,1,4,0346,train
16,1,4,0347,train
16,1,4,0369,train
16,1,4,0376,validation
16,1,4,0379,train
16,1,4,0384,validation
16,1,4,0399,train
16,1,4,0409,train
16,1,4,0412,train
16,1,4,0427,train
16,1,4,0432,train
16,1,4,0459,train
16,1,4,0468,train
16,1,4,0546,train
16,1,5,0003,train
16,1,5,0009,validation
16,1,5,0027,train
16,1,5,0029,train
16,1,5,0033,train
16,1,5,0038,train
16,1,5,0041,validation
16,1,5,0046,train
16,1,5,0053,train
16,1,5,0054,train
16,1,5,0063,train
16,1,5,0069,train
16,1,5,0079,train
16,1,5,0089,train
16,1,5,0095,train
16,1,5,0100,validation
16,1,5,0106,train
16,1,5,0112,train
16,1,5,0116,train
16,1,5,0117,train
16,1,5,0118,train
16,1,5,0139,validation
16,1,5,0144,train
16,1,5,0153,train
16,1,5,0161,train
16,1,5,0178,validation
16,1,5,0227,train
16,1,5,0242,validation
16,1,5,0248,train
16,1,5,0256,train
16,1,5,0273,validation
16,1,5,0278,train
16,1,5,0281,validation
16,1,5,0283,train
16,1,5,0287,train
16,1,5,0289,train
16,1,5,0296,train
16,1,5,0304,train
16,1,5,0306,train
16,1,5,0309,validation
16,1,5,0311,train
16,1,5,0330,train
16,1,5,0346,train
16,1,5,0347,train
16,1,5,0369,validation
16,1,5,0376,train
16,1,5,0379,train
16,1,5,0384,train
16,1,5,0399,train
16,1,5,0409,train
16,1,5,0412,train
16,1,5,0427,train
16,1,5,0432,train
16,1,5,0459,train
16,1,5,0468,train
16,1,5,0546,train
16,2,1,0003,train
16,2,1,0008,validation
16,2,1,0009,train
16,2,1,0014,validation
16,2,1,0029,train
16,2,1,0037,train
16,2,1,0046,validation
16,2,1,0063,train
16,2,1,0069,train
16,2,1,0079,train
16,2,1,0089,train
16,2,1,0100,train
16,2,1,0106,validation
16,2,1,0112,validation
16,2,1,0116,train
16,2,1,0118,train
16,2,1,0135,train
16,2,1,0139,train
16,2,1,0144,train
16,2,1,0153,validation
16,2,1,0161,validation
16,2,1,0170,train
16,2,1,0178,train
16,2,1,0202,train
16,2,1,0212,train
16,2,1,0227,train
16,2,1,0242,train
16,2,1,0246,train
16,2,1,0248,train
16,2,1,0262,train
16,2,1,0268,validation
16,2,1,0278,train
16,2,1,0281,train
16,2,1,0283,train
16,2,1,0287,train
16,2,1,0289,train
16,2,1,0296,validation
16,2,1,0304,train
16,2,1,0306,train
16,2,1,0309,train
16,2,1,0311,train
16,2,1,0322,train
16,2,1,0323,train
16,2,1,0330,train
16,2,1,0346,train
16,2,1,0369,train
16,2,1,0370,train
16,2,1,0376,train
16,2,1,0384,train
16,2,1,0399,validation
16,2,1,0406,train
16,2,1,0409,validation
16,2,1,0427,train
16,2,1,0459,train
16,2,1,0468,validation
16,2,1,0498,train
16,2,1,0546,train
16,2,2,0003,train
16,2,2,0008,train
16,2,2,0009,train
16,2,2,0014,train
16,2,2,0029,validation
16,2,2,0037,validation
16,2,2,0046,train
16,2,2,0063,train
16,2,2,0069,train
16,2,2,0079,train
16,2,2,0089,validation
16,2,2,0100,validation
16,2,2,0106,train
16,2,2,0112,train
16,2,2,0116,validation
16,2,2,0118,train
16,2,2,0135,train
16,2,2,0139,train
16,2,2,0144,train
16,2,2,0153,train
16,2,2,0161,train
16,2,2,0170,train
16,2,2,0178,validation
16,2,2,0202,train
16,2,2,0212,train
16,2,2,0227,train
16,2,2,0242,validation
16,2,2,0246,train
16,2,2,0248,train
16,2,2,0262,validation
16,2,2,0268,train
16,2,2,0278,train
16,2,2,0281,train
16,2,2,0283,validation
16,2,2,0287,train
16,2,2,0289,train
16,2,2,0296,train
16,2,2,0304,train
16,2,2,0306,train
16,2,2,0309,validation
16,2,2,0311,train
16,2,2,0322,train
16,2,2,0323,train
16,2,2,0330,train
16,2,2,0346,train
16,2,2,0369,train
16,2,2,0370,train
16,2,2,0376,validation
16,2,2,0384,validation
16,2,2,0399,train
16,2,2,0406,train
16,2,2,0409,train
16,2,2,0427,train
16,2,2,0459,train
16,2,2,0468,train
16,2,2,0498,train
16,2,2,0546,train
16,2,3,0003,validation
16,2,3,0008,train
16,2,3,0009,train
16,2,3,0014,train
16,2,3,0029,train
16,2,3,0037,train
16,2,3,0046,train
16,2,3,0063,validation
16,2,3,0069,train
16,2,3,0079,train
16,2,3,0089,train
16,2,3,0100,train
16,2,3,0106,train
16,2,3,0112,train
16,2,3,0116,train
16,2,3,0118,train
16,2,3,0135,train
16,2,3,0139,train
16,2,3,0144,validation
16,2,3,0153,train
16,2,3,0161,train
16,2,3,0170,train
16,2,3,0178,train
16,2,3,0202,train
16,2,3,0212,train
16,2,3,0227,validation
16,2,3,0242,train
16,2,3,0246,validation
16,2,3,0248,train
16,2,3,0262,train
16,2,3,0268,train
16,2,3,0278,train
16,2,3,0281,train
16,2,3,0283,train
16,2,3,0287,validation
16,2,3,0289,train
16,2,3,0296,train
16,2,3,0304,train
16,2,3,0306,validation
16,2,3,0309,train
16,2,3,0311,validation
16,2,3,0322,validation
16,2,3,0323,train
16,2,3,0330,train
16,2,3,0346,validation
16,2,3,0369,validation
16,2,3,0370,train
16,2,3,0376,train
16,2,3,0384,train
16,2,3,0399,train
16,2,3,0406,train
16,2,3,0409,train
16,2,3,0427,train
16,2,3,0459,train
16,2,3,0468,train
16,2,3,0498,train
16,2,3,0546,train
16,2,4,0003,train
16,2,4,0008,train
16,2,4,0009,train
16,2,4,0014,train
16,2,4,0029,train
16,2,4,0037,train
16,2,4,0046,train
16,2,4,0063,train
16,2,4,0069,validation
16,2,4,0079,validation
16,2,4,0089,train
16,2,4,0100,train
16,2,4,0106,train
16,2,4,0112,train
16,2,4,0116,train
16,2,4,0118,validation
16,2,4,0135,train
16,2,4,0139,validation
16,2,4,0144,train
16,2,4,0153,train
16,2,4,0161,train
16,2,4,0170,train
16,2,4,0178,train
16,2,4,0202,validation
16,2,4,0212,validation
16,2,4,0227,train
16,2,4,0242,train
16,2,4,0246,train
16,2,4,0248,train
16,2,4,0262,train
16,2,4,0268,train
16,2,4,0278,validation
16,2,4,0281,validation
16,2,4,0283,train
16,2,4,0287,train
16,2,4,0289,train
16,2,4,0296,train
16,2,4,0304,validation
16,2,4,0306,train
16,2,4,0309,train
16,2,4,0311,train
16,2,4,0322,train
16,2,4,0323,train
16,2,4,0330,train
16,2,4,0346,train
16,2,4,0369,train
16,2,4,0370,validation
16,2,4,0376,train
16,2,4,0384,train
16,2,4,0399,train
16,2,4,0406,train
16,2,4,0409,train
16,2,4,0427,train
16,2,4,0459,train
16,2,4,0468,train
16,2,4,0498,train
16,2,4,0546,validation
16,2,5,0003,train
16,2,5,0008,train
16,2,5,0009,validation
16,2,5,0014,train
16,2,5,0029,train
16,2,5,0037,train
16,2,5,0046,train
16,2,5,0063,train
16,2,5,0069,train
16,2,5,0079,train
16,2,5,0089,train
16,2,5,0100,train
16,2,5,0106,train
16,2,5,0112,train
16,2,5,0116,train
16,2,5,0118,train
16,2,5,0135,validation
16,2,5,0139,train
16,2,5,0144,train
16,2,5,0153,train
16,2,5,0161,train
16,2,5,0170,validation
16,2,5,0178,train
16,2,5,0202,train
16,2,5,0212,train
16,2,5,0227,train
16,2,5,0242,train
16,2,5,0246,train
16,2,5,0248,validation
16,2,5,0262,train
16,2,5,0268,train
16,2,5,0278,train
16,2,5,0281,train
16,2,5,0283,train
16,2,5,0287,train
16,2,5,0289,validation
16,2,5,0296,train
16,2,5,0304,train
16,2,5,0306,train
16,2,5,0309,train
16,2,5,0311,train
16,2,5,0322,train
16,2,5,0323,validation
16,2,5,0330,validation
16,2,5,0346,train
16,2,5,0369,train
16,2,5,0370,train
16,2,5,0376,train
16,2,5,0384,train
16,2,5,0399,train
16,2,5,0406,validation
16,2,5,0409,train
16,2,5,0427,validation
16,2,5,0459,validation
16,2,5,0468,train
16,2,5,0498,validation
16,2,5,0546,train
16,3,1,0003,train
16,3,1,0008,train
16,3,1,0009,train
16,3,1,0014,validation
16,3,1,0027,train
16,3,1,0029,train
16,3,1,0033,train
16,3,1,0037,train
16,3,1,0038,train
16,3,1,0041,train
16,3,1,0046,train
16,3,1,0053,train
16,3,1,0054,train
16,3,1,0095,validation
16,3,1,0106,train
16,3,1,0112,train
16,3,1,0116,validation
16,3,1,0117,validation
16,3,1,0118,train
16,3,1,0135,validation
16,3,1,0139,validation
16,3,1,0144,train
16,3,1,0161,train
16,3,1,0170,validation
16,3,1,0202,train
16,3,1,0212,train
16,3,1,0227,train
16,3,1,0242,train
16,3,1,0246,train
16,3,1,0248,train
16,3,1,0256,train
16,3,1,0262,train
16,3,1,0268,train
16,3,1,0273,validation
16,3,1,0278,train
16,3,1,0281,train
16,3,1,0283,train
16,3,1,0287,train
16,3,1,0296,validation
16,3,1,0304,train
16,3,1,0311,train
16,3,1,0322,train
16,3,1,0323,train
16,3,1,0330,train
16,3,1,0347,train
16,3,1,0369,validation
16,3,1,0370,train
16,3,1,0379,train
16,3,1,0399,validation
16,3,1,0406,validation
16,3,1,0409,train
16,3,1,0412,train
16,3,1,0427,train
16,3,1,0432,train
16,3,1,0459,train
16,3,1,0468,train
16,3,1,0498,train
16,3,2,0003,validation
16,3,2,0008,train
16,3,2,0009,train
16,3,2,0014,train
16,3,2,0027,train
16,3,2,0029,train
16,3,2,0033,train
16,3,2,0037,train
16,3,2,0038,validation
16,3,2,0041,train
16,3,2,0046,train
16,3,2,0053,train
16,3,2,0054,train
16,3,2,0095,train
16,3,2,0106,train
16,3,2,0112,train
16,3,2,0116,train
16,3,2,0117,train
16,3,2,0118,train
16,3,2,0135,train
16,3,2,0139,train
16,3,2,0144,train
16,3,2,0161,train
16,3,2,0170,train
16,3,2,0202,validation
16,3,2,0212,validation
16,3,2,0227,train
16,3,2,0242,validation
16,3,2,0246,train
16,3,2,0248,train
16,3,2,0256,validation
16,3,2,0262,validation
16,3,2,0268,train
16,3,2,0273,train
16,3,2,0278,validation
16,3,2,0281,train
16,3,2,0283,train
16,3,2,0287,train
16,3,2,0296,train
16,3,2,0304,validation
16,3,2,0311,train
16,3,2,0322,train
16,3,2,0323,validation
16,3,2,0330,train
16,3,2,0347,train
16,3,2,0369,train
16,3,2,0370,train
16,3,2,0379,train
16,3,2,0399,train
16,3,2,0406,train
16,3,2,0409,train
16,3,2,0412,train
16,3,2,0427,validation
16,3,2,0432,train
16,3,2,0459,train
16,3,2,0468,train
16,3,2,0498,validation
16,3,3,0003,train
16,3,3,0008,train
16,3,3,0009,train
16,3,3,0014,train
16,3,3,0027,validation
16,3,3,0029,train
16,3,3,0033,train
16,3,3,0037,train
16,3,3,0038,train
16,3,3,0041,train
16,3,3,0046,validation
16,3,3,0053,validation
16,3,3,0054,validation
16,3,3,0095,train
16,3,3,0106,train
16,3,3,0112,train
16,3,3,0116,train
16,3,3,0117,train
16,3,3,0118,validation
16,3,3,0135,train
16,3,3,0139,train
16,3,3,0144,validation
16,3,3,0161,validation
16,3,3,0170,train
16,3,3,0202,train
16,3,3,0212,train
16,3,3,0227,validation
16,3,3,0242,train
16,3,3,0246,validation
16,3,3,0248,train
16,3,3,0256,train
16,3,3,0262,train
16,3,3,0268,train
16,3,3,0273,train
16,3,3,0278,train
16,3,3,0281,validation
16,3,3,0283,train
16,3,3,0287,train
16,3,3,0296,train
16,3,3,0304,train
16,3,3,0311,train
16,3,3,0322,validation
16,3,3,0323,train
16,3,3,0330,train
16,3,3,0347,train
16,3,3,0369,train
16,3,3,0370,train
16,3,3,0379,train
16,3,3,0399,train
16,3,3,0406,train
16,3,3,0409,train
16,3,3,0412,train
16,3,3,0427,train
16,3,3,0432,train
16,3,3,0459,train
16,3,3,0468,train
16,3,3,0498,train
16,3,4,0003,train
16,3,4,0008,validation
16,3,4,0009,train
16,3,4,0014,train
16,3,4,0027,train
16,3,4,0029,train
16,3,4,0033,train
16,3,4,0037,train
16,3,4,0038,train
16,3,4,0041,validation
16,3,4,0046,train
16,3,4,0053,train
16,3,4,0054,train
16,3,4,0095,train
16,3,4,0106,validation
16,3,4,0112,validation
16,3,4,0116,train
16,3,4,0117,train
16,3,4,0118,train
16,3,4,0135,train
16,3,4,0139,train
16,3,4,0144,train
16,3,4,0161,train
16,3,4,0170,train
16,3,4,0202,train
16,3,4,0212,train
16,3,4,0227,train
16,3,4,0242,train
16,3,4,0246,train
16,3,4,0248,train
16,3,4,0256,train
16,3,4,0262,train
16,3,4,0268,train
16,3,4,0273,train
16,3,4,0278,train
16,3,4,0281,train
16,3,4,0283,validation
16,3,4,0287,train
16,3,4,0296,train
16,3,4,0304,train
16,3,4,0311,train
16,3,4,0322,train
16,3,4,0323,train
16,3,4,0330,validation
16,3,4,0347,validation
16,3,4,0369,train
16,3,4,0370,validation
16,3,4,0379,train
16,3,4,0399,train
16,3,4,0406,train
16,3,4,0409,validation
16,3,4,0412,train
16,3,4,0427,train
16,3,4,0432,validation
16,3,4,0459,validation
16,3,4,0468,train
16,3,4,0498,train
16,3,5,0003,train
16,3,5,0008,train
16,3,5,0009,validation
16,3,5,0014,train
16,3,5,0027,train
16,3,5,0029,validation
16,3,5,0033,validation
16,3,5,0037,validation
16,3,5,0038,train
16,3,5,0041,train
16,3,5,0046,train
16,3,5,0053,train
16,3,5,0054,train
16,3,5,0095,train
16,3,5,0106,train
16,3,5,0112,train
16,3,5,0116,train
16,3,5,0117,train
16,3,5,0118,train
16,3,5,0135,train
16,3,5,0139,train
16,3,5,0144,train
16,3,5,0161,train
16,3,5,0170,train
16,3,5,0202,train
16,3,5,0212,train
16,3,5,0227,train
16,3,5,0242,train
16,3,5,0246,train
16,3,5,0248,validation
16,3,5,0256,train
16,3,5,0262,train
16,3,5,0268,validation
16,3,5,0273,train
16,3,5,0278,train
16,3,5,0281,train
16,3,5,0283,train
16,3,5,0287,validation
16,3,5,0296,train
16,3,5,0304,train
16,3,5,0311,validation
16,3,5,0322,train
16,3,5,0323,train
16,3,5,0330,train
16,3,5,0347,train
16,3,5,0369,train
16,3,5,0370,train
16,3,5,0379,validation
16,3,5,0399,train
16,3,5,0406,train
16,3,5,0409,train
16,3,5,0412,validation
16,3,5,0427,train
16,3,5,0432,train
16,3,5,0459,train
16,3,5,0468,validation
16,3,5,0498,train
16,4,1,0003,train
16,4,1,0008,validation
16,4,1,0014,train
16,4,1,0027,train
16,4,1,0033,train
16,4,1,0037,train
16,4,1,0038,validation
16,4,1,0041,train
16,4,1,0046,train
16,4,1,0053,validation
16,4,1,0054,train
16,4,1,0063,train
16,4,1,0069,train
16,4,1,0079,train
16,4,1,0089,train
16,4,1,0095,train
16,4,1,0100,train
16,4,1,0112,train
16,4,1,0117,train
16,4,1,0118,train
16,4,1,0135,train
16,4,1,0144,train
16,4,1,0153,train
16,4,1,0170,train
16,4,1,0178,train
16,4,1,0202,train
16,4,1,0212,train
16,4,1,0227,train
16,4,1,0246,train
16,4,1,0248,train
16,4,1,0256,validation
16,4,1,0262,train
16,4,1,0268,train
16,4,1,0273,validation
16,4,1,0278,train
16,4,1,0283,train
16,4,1,0287,train
16,4,1,0289,train
16,4,1,0296,train
16,4,1,0306,train
16,4,1,0309,train
16,4,1,0322,train
16,4,1,0323,train
16,4,1,0346,validation
16,4,1,0347,validation
16,4,1,0370,validation
16,4,1,0376,train
16,4,1,0379,train
16,4,1,0384,validation
16,4,1,0399,train
16,4,1,0406,train
16,4,1,0409,train
16,4,1,0412,train
16,4,1,0432,validation
16,4,1,0459,validation
16,4,1,0498,train
16,4,1,0546,validation
16,4,2,0003,train
16,4,2,0008,train
16,4,2,0014,train
16,4,2,0027,train
16,4,2,0033,train
16,4,2,0037,validation
16,4,2,0038,train
16,4,2,0041,train
16,4,2,0046,train
16,4,2,0053,train
16,4,2,0054,train
16,4,2,0063,validation
16,4,2,0069,train
16,4,2,0079,validation
16,4,2,0089,train
16,4,2,0095,validation
16,4,2,0100,train
16,4,2,0112,train
16,4,2,0117,train
16,4,2,0118,validation
16,4,2,0135,train
16,4,2,0144,train
16,4,2,0153,train
16,4,2,0170,train
16,4,2,0178,train
16,4,2,0202,train
16,4,2,0212,train
16,4,2,0227,validation
16,4,2,0246,train
16,4,2,0248,train
16,4,2,0256,train
16,4,2,0262,train
16,4,2,0268,train
16,4,2,0273,train
16,4,2,0278,train
16,4,2,0283,train
16,4,2,0287,validation
16,4,2,0289,validation
16,4,2,0296,validation
16,4,2,0306,validation
16,4,2,0309,validation
16,4,2,0322,train
16,4,2,0323,validation
16,4,2,0346,train
16,4,2,0347,train
16,4,2,0370,train
16,4,2,0376,train
16,4,2,0379,train
16,4,2,0384,train
16,4,2,0399,train
16,4,2,0406,train
16,4,2,0409,train
16,4,2,0412,train
16,4,2,0432,train
16,4,2,0459,train
16,4,2,0498,train
16,4,2,0546,train
16,4,3,0003,train
16,4,3,0008,train
16,4,3,0014,validation
16,4,3,0027,validation
16,4,3,0033,train
16,4,3,0037,train
16,4,3,0038,train
16,4,3,0041,train
16,4,3,0046,validation
16,4,3,0053,train
16,4,3,0054,train
16,4,3,0063,train
16,4,3,0069,train
16,4,3,0079,train
16,4,3,0089,train
16,4,3,0095,train
16,4,3,0100,validation
16,4,3,0112,validation
16,4,3,0117,train
16,4,3,0118,train
16,4,3,0135,train
16,4,3,0144,train
16,4,3,0153,validation
16,4,3,0170,train
16,4,3,0178,train
16,4,3,0202,validation
16,4,3,0212,train
16,4,3,0227,train
16,4,3,0246,validation
16,4,3,0248,train
16,4,3,0256,train
16,4,3,0262,validation
16,4,3,0268,train
16,4,3,0273,train
16,4,3,0278,validation
16,4,3,0283,train
16,4,3,0287,train
16,4,3,0289,train
16,4,3,0296,train
16,4,3,0306,train
16,4,3,0309,train
16,4,3,0322,train
16,4,3,0323,train
16,4,3,0346,train
16,4,3,0347,train
16,4,3,0370,train
16,4,3,0376,train
16,4,3,0379,train
16,4,3,0384,train
16,4,3,0399,train
16,4,3,0406,train
16,4,3,0409,train
16,4,3,0412,train
16,4,3,0432,train
16,4,3,0459,train
16,4,3,0498,validation
16,4,3,0546,train
16,4,4,0003,train
16,4,4,0008,train
16,4,4,0014,train
16,4,4,0027,train
16,4,4,0033,validation
16,4,4,0037,train
16,4,4,0038,train
16,4,4,0041,validation
16,4,4,0046,train
16,4,4,0053,train
16,4,4,0054,train
16,4,4,0063,train
16,4,4,0069,validation
16,4,4,0079,train
16,4,4,0089,validation
16,4,4,0095,train
16,4,4,0100,train
16,4,4,0112,train
16,4,4,0117,validation
16,4,4,0118,train
16,4,4,0135,validation
16,4,4,0144,train
16,4,4,0153,train
16,4,4,0170,train
16,4,4,0178,train
16,4,4,0202,train
16,4,4,0212,validation
16,4,4,0227,train
16,4,4,0246,train
16,4,4,0248,validation
16,4,4,0256,train
16,4,4,0262,train
16,4,4,0268,train
16,4,4,0273,train
16,4,4,0278,train
16,4,4,0283,train
16,4,4,0287,train
16,4,4,0289,train
16,4,4,0296,train
16,4,4,0306,train
16,4,4,0309,train
16,4,4,0322,validation
16,4,4,0323,train
16,4,4,0346,train
16,4,4,0347,train
16,4,4,0370,train
16,4,4,0376,train
16,4,4,0379,validation
16,4,4,0384,train
16,4,4,0399,train
16,4,4,0406,train
16,4,4,0409,train
16,4,4,0412,validation
16,4,4,0432,train
16,4,4,0459,train
16,4,4,0498,train
16,4,4,0546,train
16,4,5,0003,validation
16,4,5,0008,train
16,4,5,0014,train
16,4,5,0027,train
16,4,5,0033,train
16,4,5,0037,train
16,4,5,0038,train
16,4,5,0041,train
16,4,5,0046,train
16,4,5,0053,train
16,4,5,0054,validation
16,4,5,0063,train
16,4,5,0069,train
16,4,5,0079,train
16,4,5,0089,train
16,4,5,0095,train
16,4,5,0100,train
16,4,5,0112,train
16,4,5,0117,train
16,4,5,0118,train
16,4,5,0135,train
16,4,5,0144,validation
16,4,5,0153,train
16,4,5,0170,validation
16,4,5,0178,validation
16,4,5,0202,train
16,4,5,0212,train
16,4,5,0227,train
16,4,5,0246,train
16,4,5,0248,train
16,4,5,0256,train
16,4,5,0262,train
16,4,5,0268,validation
16,4,5,0273,train
16,4,5,0278,train
16,4,5,0283,validation
16,4,5,0287,train
16,4,5,0289,train
16,4,5,0296,train
16,4,5,0306,train
16,4,5,0309,train
16,4,5,0322,train
16,4,5,0323,train
16,4,5,0346,train
16,4,5,0347,train
16,4,5,0370,train
16,4,5,0376,validation
16,4,5,0379,train
16,4,5,0384,train
16,4,5,0399,validation
16,4,5,0406,validation
16,4,5,0409,validation
16,4,5,0412,train
16,4,5,0432,train
16,4,5,0459,train
16,4,5,0498,train
16,4,5,0546,train
16,5,1,0008,validation
16,5,1,0009,validation
16,5,1,0014,validation
16,5,1,0027,validation
16,5,1,0029,train
16,5,1,0033,train
16,5,1,0037,train
16,5,1,0038,train
16,5,1,0041,train
16,5,1,0053,train
16,5,1,0054,train
16,5,1,0063,validation
16,5,1,0069,train
16,5,1,0079,train
16,5,1,0089,train
16,5,1,0095,train
16,5,1,0100,train
16,5,1,0106,train
16,5,1,0116,train
16,5,1,0117,train
16,5,1,0135,train
16,5,1,0139,validation
16,5,1,0153,train
16,5,1,0161,train
16,5,1,0170,train
16,5,1,0178,train
16,5,1,0202,train
16,5,1,0212,validation
16,5,1,0242,train
16,5,1,0246,validation
16,5,1,0256,validation
16,5,1,0262,train
16,5,1,0268,train
16,5,1,0273,train
16,5,1,0281,train
16,5,1,0289,train
16,5,1,0304,validation
16,5,1,0306,validation
16,5,1,0309,train
16,5,1,0311,train
16,5,1,0322,train
16,5,1,0323,train
16,5,1,0330,train
16,5,1,0346,validation
16,5,1,0347,train
16,5,1,0369,train
16,5,1,0370,train
16,5,1,0376,train
16,5,1,0379,train
16,5,1,0384,train
16,5,1,0406,train
16,5,1,0412,train
16,5,1,0427,train
16,5,1,0432,train
16,5,1,0468,train
16,5,1,0498,train
16,5,1,0546,train
16,5,2,0008,train
16,5,2,0009,train
16,5,2,0014,train
16,5,2,0027,train
16,5,2,0029,train
16,5,2,0033,train
16,5,2,0037,train
16,5,2,0038,train
16,5,2,0041,train
16,5,2,0053,validation
16,5,2,0054,train
16,5,2,0063,train
16,5,2,0069,validation
16,5,2,0079,train
16,5,2,0089,train
16,5,2,0095,train
16,5,2,0100,train
16,5,2,0106,validation
16,5,2,0116,train
16,5,2,0117,train
16,5,2,0135,validation
16,5,2,0139,train
16,5,2,0153,validation
16,5,2,0161,validation
16,5,2,0170,train
16,5,2,0178,validation
16,5,2,0202,train
16,5,2,0212,train
16,5,2,0242,train
16,5,2,0246,train
16,5,2,0256,train
16,5,2,0262,train
16,5,2,0268,train
16,5,2,0273,train
16,5,2,0281,train
16,5,2,0289,train
16,5,2,0304,train
16,5,2,0306,train
16,5,2,0309,train
16,5,2,0311,validation
16,5,2,0322,train
16,5,2,0323,train
16,5,2,0330,train
16,5,2,0346,train
16,5,2,0347,train
16,5,2,0369,train
16,5,2,0370,train
16,5,2,0376,train
16,5,2,0379,validation
16,5,2,0384,train
16,5,2,0406,validation
16,5,2,0412,train
16,5,2,0427,train
16,5,2,0432,validation
16,5,2,0468,train
16,5,2,0498,validation
16,5,2,0546,train
16,5,3,0008,train
16,5,3,0009,train
16,5,3,0014,train
16,5,3,0027,train
16,5,3,0029,train
16,5,3,0033,train
16,5,3,0037,validation
16,5,3,0038,train
16,5,3,0041,train
16,5,3,0053,train
16,5,3,0054,train
16,5,3,0063,train
16,5,3,0069,train
16,5,3,0079,validation
16,5,3,0089,train
16,5,3,0095,train
16,5,3,0100,train
16,5,3,0106,train
16,5,3,0116,validation
16,5,3,0117,validation
16,5,3,0135,train
16,5,3,0139,train
16,5,3,0153,train
16,5,3,0161,train
16,5,3,0170,train
16,5,3,0178,train
16,5,3,0202,validation
16,5,3,0212,train
16,5,3,0242,validation
16,5,3,0246,train
16,5,3,0256,train
16,5,3,0262,train
16,5,3,0268,train
16,5,3,0273,train
16,5,3,0281,train
16,5,3,0289,train
16,5,3,0304,train
16,5,3,0306,train
16,5,3,0309,train
16,5,3,0311,train
16,5,3,0322,train
16,5,3,0323,validation
16,5,3,0330,validation
16,5,3,0346,train
16,5,3,0347,train
16,5,3,0369,train
16,5,3,0370,train
16,5,3,0376,train
16,5,3,0379,train
16,5,3,0384,validation
16,5,3,0406,train
16,5,3,0412,train
16,5,3,0427,validation
16,5,3,0432,train
16,5,3,0468,train
16,5,3,0498,train
16,5,3,0546,validation
16,5,4,0008,train
16,5,4,0009,train
16,5,4,0014,train
16,5,4,0027,train
16,5,4,0029,validation
16,5,4,0033,train
16,5,4,0037,train
16,5,4,0038,train
16,5,4,0041,validation
16,5,4,0053,train
16,5,4,0054,validation
16,5,4,0063,train
16,5,4,0069,train
16,5,4,0079,train
16,5,4,0089,train
16,5,4,0095,train
16,5,4,0100,validation
16,5,4,0106,train
16,5,4,0116,train
16,5,4,0117,train
16,5,4,0135,train
16,5,4,0139,train
16,5,4,0153,train
16,5,4,0161,train
16,5,4,0170,train
16,5,4,0178,train
16,5,4,0202,train
16,5,4,0212,train
16,5,4,0242,train
16,5,4,0246,train
16,5,4,0256,train
16,5,4,0262,validation
16,5,4,0268,train
16,5,4,0273,train
16,5,4,0281,train
16,5,4,0289,validation
16,5,4,0304,train
16,5,4,0306,train
16,5,4,0309,train
16,5,4,0311,train
16,5,4,0322,train
16,5,4,0323,train
16,5,4,0330,train
16,5,4,0346,train
16,5,4,0347,validation
16,5,4,0369,validation
16,5,4,0370,train
16,5,4,0376,validation
16,5,4,0379,train
16,5,4,0384,train
16,5,4,0406,train
16,5,4,0412,validation
16,5,4,0427,train
16,5,4,0432,train
16,5,4,0468,validation
16,5,4,0498,train
16,5,4,0546,train
16,5,5,0008,train
16,5,5,0009,train
16,5,5,0014,train
16,5,5,0027,train
16,5,5,0029,train
16,5,5,0033,validation
16,5,5,0037,train
16,5,5,0038,validation
16,5,5,0041,train
16,5,5,0053,train
16,5,5,0054,train
16,5,5,0063,train
16,5,5,0069,train
16,5,5,0079,train
16,5,5,0089,validation
16,5,5,0095,validation
16,5,5,0100,train
16,5,5,0106,train
16,5,5,0116,train
16,5,5,0117,train
16,5,5,0135,train
16,5,5,0139,train
16,5,5,0153,train
16,5,5,0161,train
16,5,5,0170,validation
16,5,5,0178,train
16,5,5,0202,train
16,5,5,0212,train
16,5,5,0242,train
16,5,5,0246,train
16,5,5,0256,train
16,5,5,0262,train
16,5,5,0268,validation
16,5,5,0273,validation
16,5,5,0281,validation
16,5,5,0289,train
16,5,5,0304,train
16,5,5,0306,train
16,5,5,0309,validation
16,5,5,0311,train
16,5,5,0322,validation
16,5,5,0323,train
16,5,5,0330,train
16,5,5,0346,train
16,5,5,0347,train
16,5,5,0369,train
16,5,5,0370,validation
16,5,5,0376,train
16,5,5,0379,train
16,5,5,0384,train
16,5,5,0406,train
16,5,5,0412,train
16,5,5,0427,train
16,5,5,0432,train
16,5,5,0468,train
16,5,5,0498,train
16,5,5,0546,train
17,1,1,0003,train
17,1,1,0008,train
17,1,1,0009,train
17,1,1,0014,validation
17,1,1,0027,validation
17,1,1,0029,train
17,1,1,0033,train
17,1,1,0037,train
17,1,1,0038,train
17,1,1,0041,train
17,1,1,0054,train
17,1,1,0063,validation
17,1,1,0069,train
17,1,1,0079,validation
17,1,1,0095,train
17,1,1,0106,train
17,1,1,0112,train
17,1,1,0116,validation
17,1,1,0117,train
17,1,1,0118,train
17,1,1,0135,train
17,1,1,0139,train
17,1,1,0144,validation
17,1,1,0153,train
17,1,1,0161,train
17,1,1,0170,train
17,1,1,0202,train
17,1,1,0212,train
17,1,1,0227,train
17,1,1,0242,train
17,1,1,0256,train
17,1,1,0268,train
17,1,1,0273,train
17,1,1,0278,train
17,1,1,0281,validation
17,1,1,0283,validation
17,1,1,0289,train
17,1,1,0296,validation
17,1,1,0306,validation
17,1,1,0309,train
17,1,1,0322,train
17,1,1,0323,train
17,1,1,0330,train
17,1,1,0346,train
17,1,1,0370,train
17,1,1,0376,train
17,1,1,0379,train
17,1,1,0384,train
17,1,1,0399,validation
17,1,1,0406,train
17,1,1,0409,validation
17,1,1,0427,train
17,1,1,0432,train
17,1,1,0468,train
17,1,1,0498,train
17,1,1,0546,train
17,1,2,0003,train
17,1,2,0008,train
17,1,2,0009,validation
17,1,2,0014,train
17,1,2,0027,train
17,1,2,0029,train
17,1,2,0033,train
17,1,2,0037,validation
17,1,2,0038,validation
17,1,2,0041,train
17,1,2,0054,train
17,1,2,0063,train
17,1,2,0069,train
17,1,2,0079,train
17,1,2,0095,validation
17,1,2,0106,train
17,1,2,0112,train
17,1,2,0116,train
17,1,2,0117,train
17,1,2,0118,train
17,1,2,0135,validation
17,1,2,0139,train
17,1,2,0144,train
17,1,2,0153,validation
17,1,2,0161,train
17,1,2,0170,train
17,1,2,0202,validation
17,1,2,0212,train
17,1,2,0227,train
17,1,2,0242,train
17,1,2,0256,train
17,1,2,0268,train
17,1,2,0273,train
17,1,2,0278,validation
17,1,2,0281,train
17,1,2,0283,train
17,1,2,0289,train
17,1,2,0296,train
17,1,2,0306,train
17,1,2,0309,train
17,1,2,0322,validation
17,1,2,0323,validation
17,1,2,0330,train
17,1,2,0346,train
17,1,2,0370,validation
17,1,2,0376,train
17,1,2,0379,train
17,1,2,0384,validation
17,1,2,0399,train
17,1,2,0406,train
17,1,2,0409,train
17,1,2,0427,train
17,1,2,0432,train
17,1,2,0468,train
17,1,2,0498,train
17,1,2,0546,train
17,1,3,0003,train
17,1,3,0008,validation
17,1,3,0009,train
17,1,3,0014,train
17,1,3,0027,train
17,1,3,0029,train
17,1,3,0033,validation
17,1,3,0037,train
17,1,3,0038,train
17,1,3,0041,train
17,1,3,0054,train
17,1,3,0063,train
17,1,3,0069,validation
17,1,3,0079,train
17,1,3,0095,train
17,1,3,0106,validation
17,1,3,0112,validation
17,1,3,0116,train
17,1,3,0117,train
17,1,3,0118,train
17,1,3,0135,train
17,1,3,0139,train
17,1,3,0144,train
17,1,3,0153,train
17,1,3,0161,train
17,1,3,0170,train
17,1,3,0202,train
17,1,3,0212,train
17,1,3,0227,train
17,1,3,0242,validation
17,1,3,0256,train
17,1,3,0268,train
17,1,3,0273,train
17,1,3,0278,train
17,1,3,0281,train
17,1,3,0283,train
17,1,3,0289,train
17,1,3,0296,train
17,1,3,0306,train
17,1,3,0309,validation
17,1,3,0322,train
17,1,3,0323,train
17,1,3,0330,train
17,1,3,0346,validation
17,1,3,0370,train
17,1,3,0376,train
17,1,3,0379,train
17,1,3,0384,train
17,1,3,0399,train
17,1,3,0406,train
17,1,3,0409,train
17,1,3,0427,validation
17,1,3,0432,train
17,1,3,0468,train
17,1,3,0498,validation
17,1,3,0546,validation
17,1,4,0003,validation
17,1,4,0008,train
17,1,4,0009,train
17,1,4,0014,train
17,1,4,0027,train
17,1,4,0029,train
17,1,4,0033,train
17,1,4,0037,train
17,1,4,0038,train
17,1,4,0041,train
17,1,4,0054,train
17,1,4,0063,train
17,1,4,0069,train
17,1,4,0079,train
17,1,4,0095,train
17,1,4,0106,train
17,1,4,0112,train
17,1,4,0116,train
17,1,4,0117,train
17,1,4,0118,validation
17,1,4,0135,train
17,1,4,0139,train
17,1,4,0144,train
17,1,4,0153,train
17,1,4,0161,validation
17,1,4,0170,train
17,1,4,0202,train
17,1,4,0212,validation
17,1,4,0227,validation
17,1,4,0242,train
17,1,4,0256,train
17,1,4,0268,validation
17,1,4,0273,train
17,1,4,0278,train
17,1,4,0281,train
17,1,4,0283,train
17,1,4,0289,validation
17,1,4,0296,train
17,1,4,0306,train
17,1,4,0309,train
17,1,4,0322,train
17,1,4,0323,train
17,1,4,0330,validation
17,1,4,0346,train
17,1,4,0370,train
17,1,4,0376,train
17,1,4,0379,validation
17,1,4,0384,train
17,1,4,0399,train
17,1,4,0406,train
17,1,4,0409,train
17,1,4,0427,train
17,1,4,0432,validation
17,1,4,0468,validation
17,1,4,0498,train
17,1,4,0546,train
17,1,5,0003,train
17,1,5,0008,train
17,1,5,0009,train
17,1,5,0014,train
17,1,5,0027,train
17,1,5,0029,validation
17,1,5,0033,train
17,1,5,0037,train
17,1,5,0038,train
17,1,5,0041,validation
17,1,5,0054,validation
17,1,5,0063,train
17,1,5,0069,train
17,1,5,0079,train
17,1,5,0095,train
17,1,5,0106,train
17,1,5,0112,train
17,1,5,0116,train
17,1,5,0117,validation
17,1,5,0118,train
17,1,5,0135,train
17,1,5,0139,validation
17,1,5,0144,train
17,1,5,0153,train
17,1,5,0161,train
17,1,5,0170,validation
17,1,5,0202,train
17,1,5,0212,train
17,1,5,0227,train
17,1,5,0242,train
17,1,5,0256,validation
17,1,5,0268,train
17,1,5,0273,validation
17,1,5,0278,train
17,1,5,0281,train
17,1,5,0283,train
17,1,5,0289,train
17,1,5,0296,train
17,1,5,0306,train
17,1,5,0309,train
17,1,5,0322,train
17,1,5,0323,train
17,1,5,0330,train
17,1,5,0346,train
17,1,5,0370,train
17,1,5,0376,validation
17,1,5,0379,train
17,1,5,0384,train
17,1,5,0399,train
17,1,5,0406,validation
17,1,5,0409,train
17,1,5,0427,train
17,1,5,0432,train
17,1,5,0468,train
17,1,5,0498,train
17,1,5,0546,train
17,2,1,0003,train
17,2,1,0008,train
17,2,1,0009,train
17,2,1,0027,validation
17,2,1,0029,validation
17,2,1,0033,train
17,2,1,0037,validation
17,2,1,0038,train
17,2,1,0041,train
17,2,1,0046,train
17,2,1,0053,train
17,2,1,0054,train
17,2,1,0063,train
17,2,1,0069,train
17,2,1,0079,train
17,2,1,0089,train
17,2,1,0100,validation
17,2,1,0112,train
17,2,1,0117,train
17,2,1,0118,train
17,2,1,0135,train
17,2,1,0139,train
17,2,1,0144,train
17,2,1,0153,validation
17,2,1,0178,train
17,2,1,0227,train
17,2,1,0242,train
17,2,1,0246,train
17,2,1,0248,train
17,2,1,0262,train
17,2,1,0268,train
17,2,1,0273,train
17,2,1,0278,train
17,2,1,0281,train
17,2,1,0283,train
17,2,1,0287,train
17,2,1,0289,train
17,2,1,0296,train
17,2,1,0304,train
17,2,1,0306,train
17,2,1,0309,validation
17,2,1,0311,train
17,2,1,0323,train
17,2,1,0347,validation
17,2,1,0369,validation
17,2,1,0370,train
17,2,1,0376,validation
17,2,1,0379,validation
17,2,1,0399,train
17,2,1,0406,validation
17,2,1,0409,train
17,2,1,0412,train
17,2,1,0432,train
17,2,1,0459,train
17,2,1,0468,train
17,2,1,0498,validation
17,2,1,0546,train
17,2,2,0003,train
17,2,2,0008,validation
17,2,2,0009,train
17,2,2,0027,train
17,2,2,0029,train
17,2,2,0033,train
17,2,2,0037,train
17,2,2,0038,train
17,2,2,0041,train
17,2,2,0046,train
17,2,2,0053,train
17,2,2,0054,train
17,2,2,0063,validation
17,2,2,0069,validation
17,2,2,0079,train
17,2,2,0089,validation
17,2,2,0100,train
17,2,2,0112,validation
17,2,2,0117,train
17,2,2,0118,train
17,2,2,0135,train
17,2,2,0139,validation
17,2,2,0144,train
17,2,2,0153,train
17,2,2,0178,train
17,2,2,0227,validation
17,2,2,0242,validation
17,2,2,0246,train
17,2,2,0248,train
17,2,2,0262,train
17,2,2,0268,validation
17,2,2,0273,train
17,2,2,0278,validation
17,2,2,0281,train
17,2,2,0283,train
17,2,2,0287,train
17,2,2,0289,train
17,2,2,0296,validation
17,2,2,0304,train
17,2,2,0306,train
17,2,2,0309,train
17,2,2,0311,train
17,2,2,0323,train
17,2,2,0347,train
17,2,2,0369,train
17,2,2,0370,train
17,2,2,0376,train
17,2,2,0379,train
17,2,2,0399,train
17,2,2,0406,train
17,2,2,0409,train
17,2,2,0412,train
17,2,2,0432,train
17,2,2,0459,train
17,2,2,0468,validation
17,2,2,0498,train
17,2,2,0546,train
17,2,3,0003,train
17,2,3,0008,train
17,2,3,0009,validation
17,2,3,0027,train
17,2,3,0029,train
17,2,3,0033,train
17,2,3,0037,train
17,2,3,0038,validation
17,2,3,0041,train
17,2,3,0046,train
17,2,3,0053,train
17,2,3,0054,validation
17,2,3,0063,train
17,2,3,0069,train
17,2,3,0079,train
17,2,3,0089,train
17,2,3,0100,train
17,2,3,0112,train
17,2,3,0117,train
17,2,3,0118,validation
17,2,3,0135,train
17,2,3,0139,train
17,2,3,0144,validation
17,2,3,0153,train
17,2,3,0178,train
17,2,3,0227,train
17,2,3,0242,train
17,2,3,0246,validation
17,2,3,0248,validation
17,2,3,0262,train
17,2,3,0268,train
17,2,3,0273,validation
17,2,3,0278,train
17,2,3,0281,validation
17,2,3,0283,validation
17,2,3,0287,train
17,2,3,0289,train
17,2,3,0296,train
17,2,3,0304,train
17,2,3,0306,train
17,2,3,0309,train
17,2,3,0311,train
17,2,3,0323,train
17,2,3,0347,train
17,2,3,0369,train
17,2,3,0370,train
17,2,3,0376,train
17,2,3,0379,train
17,2,3,0399,train
17,2,3,0406,train
17,2,3,0409,train
17,2,3,0412,train
17,2,3,0432,train
17,2,3,0459,train
17,2,3,0468,train
17,2,3,0498,train
17,2,3,0546,validation
17,2,4,0003,validation
17,2,4,0008,train
17,2,4,0009,train
17,2,4,0027,train
17,2,4,0029,train
17,2,4,0033,train
17,2,4,0037,train
17,2,4,0038,train
17,2,4,0041,train
17,2,4,0046,validation
17,2,4,0053,validation
17,2,4,0054,train
17,2,4,0063,train
17,2,4,0069,train
17,2,4,0079,train
17,2,4,0089,train
17,2,4,0100,train
17,2,4,0112,train
17,2,4,0117,train
17,2,4,0118,train
17,2,4,0135,validation
17,2,4,0139,train
17,2,4,0144,train
17,2,4,0153,train
17,2,4,0178,validation
17,2,4,0227,train
17,2,4,0242,train
17,2,4,0246,train
17,2,4,0248,train
17,2,4,0262,train
17,2,4,0268,train
17,2,4,0273,train
17,2,4,0278,train
17,2,4,0281,train
17,2,4,0283,train
17,2,4,0287,train
17,2,4,0289,validation
17,2,4,0296,train
17,2,4,0304,validation
17,2,4,0306,train
17,2,4,0309,train
17,2,4,0311,validation
17,2,4,0323,train
17,2,4,0347,train
17,2,4,0369,train
17,2,4,0370,validation
17,2,4,0376,train
17,2,4,0379,train
17,2,4,0399,validation
17,2,4,0406,train
17,2,4,0409,train
17,2,4,0412,train
17,2,4,0432,train
17,2,4,0459,validation
17,2,4,0468,train
17,2,4,0498,train
17,2,4,0546,train
17,2,5,0003,train
17,2,5,0008,train
17,2,5,0009,train
17,2,5,0027,train
17,2,5,0029,train
17,2,5,0033,validation
17,2,5,0037,train
17,2,5,0038,train
17,2,5,0041,validation
17,2,5,0046,train
17,2,5,0053,train
17,2,5,0054,train
17,2,5,0063,train
17,2,5,0069,train
17,2,5,0079,validation
17,2,5,0089,train
17,2,5,0100,train
17,2,5,0112,train
17,2,5,0117,validation
17,2,5,0118,train
17,2,5,0135,train
17,2,5,0139,train
17,2,5,0144,train
17,2,5,0153,train
17,2,5,0178,train
17,2,5,0227,train
17,2,5,0242,train
17,2,5,0246,train
17,2,5,0248,train
17,2,5,0262,validation
17,2,5,0268,train
17,2,5,0273,train
17,2,5,0278,train
17,2,5,0281,train
17,2,5,0283,train
17,2,5,0287,validation
17,2,5,0289,train
17,2,5,0296,train
17,2,5,0304,train
17,2,5,0306,validation
17,2,5,0309,train
17,2,5,0311,train
17,2,5,0323,validation
17,2,5,0347,train
17,2,5,0369,train
17,2,5,0370,train
17,2,5,0376,train
17,2,5,0379,train
17,2,5,0399,train
17,2,5,0406,train
17,2,5,0409,validation
17,2,5,0412,validation
17,2,5,0432,validation
17,2,5,0459,train
17,2,5,0468,train
17,2,5,0498,train
17,2,5,0546,train
17,3,1,0009,train
17,3,1,0014,validation
17,3,1,0027,validation
17,3,1,0033,train
17,3,1,0037,validation
17,3,1,0038,train
17,3,1,0041,train
17,3,1,0046,train
17,3,1,0053,train
17,3,1,0054,train
17,3,1,0063,train
17,3,1,0069,validation
17,3,1,0079,train
17,3,1,0089,train
17,3,1,0095,train
17,3,1,0100,train
17,3,1,0106,train
17,3,1,0112,validation
17,3,1,0116,train
17,3,1,0117,train
17,3,1,0139,train
17,3,1,0153,validation
17,3,1,0161,train
17,3,1,0170,train
17,3,1,0178,train
17,3,1,0202,train
17,3,1,0212,train
17,3,1,0246,validation
17,3,1,0248,train
17,3,1,0256,validation
17,3,1,0262,validation
17,3,1,0268,train
17,3,1,0273,train
17,3,1,0283,train
17,3,1,0287,train
17,3,1,0296,validation
17,3,1,0304,train
17,3,1,0309,train
17,3,1,0311,train
17,3,1,0322,train
17,3,1,0330,train
17,3,1,0346,train
17,3,1,0347,train
17,3,1,0369,validation
17,3,1,0370,train
17,3,1,0376,train
17,3,1,0379,train
17,3,1,0384,validation
17,3,1,0406,train
17,3,1,0409,train
17,3,1,0412,train
17,3,1,0427,train
17,3,1,0432,train
17,3,1,0459,train
17,3,1,0468,train
17,3,1,0498,train
17,3,1,0546,train
17,3,2,0009,train
17,3,2,0014,train
17,3,2,0027,train
17,3,2,0033,train
17,3,2,0037,train
17,3,2,0038,train
17,3,2,0041,train
17,3,2,0046,validation
17,3,2,0053,validation
17,3,2,0054,train
17,3,2,0063,train
17,3,2,0069,train
17,3,2,0079,train
17,3,2,0089,train
17,3,2,0095,validation
17,3,2,0100,train
17,3,2,0106,validation
17,3,2,0112,train
17,3,2,0116,train
17,3,2,0117,validation
17,3,2,0139,train
17,3,2,0153,train
17,3,2,0161,train
17,3,2,0170,validation
17,3,2,0178,train
17,3,2,0202,train
17,3,2,0212,validation
17,3,2,0246,train
17,3,2,0248,train
17,3,2,0256,train
17,3,2,0262,train
17,3,2,0268,validation
17,3,2,0273,train
17,3,2,0283,validation
17,3,2,0287,train
17,3,2,0296,train
17,3,2,0304,train
17,3,2,0309,train
17,3,2,0311,validation
17,3,2,0322,train
17,3,2,0330,train
17,3,2,0346,train
17,3,2,0347,train
17,3,2,0369,train
17,3,2,0370,train
17,3,2,0376,train
17,3,2,0379,train
17,3,2,0384,train
17,3,2,0406,train
17,3,2,0409,train
17,3,2,0412,train
17,3,2,0427,validation
17,3,2,0432,train
17,3,2,0459,train
17,3,2,0468,validation
17,3,2,0498,train
17,3,2,0546,train
17,3,3,0009,validation
17,3,3,0014,train
17,3,3,0027,train
17,3,3,0033,train
17,3,3,0037,train
17,3,3,0038,train
17,3,3,0041,train
17,3,3,0046,train
17,3,3,0053,train
17,3,3,0054,train
17,3,3,0063,validation
17,3,3,0069,train
17,3,3,0079,train
17,3,3,0089,train
17,3,3,0095,train
17,3,3,0100,validation
17,3,3,0106,train
17,3,3,0112,train
17,3,3,0116,train
17,3,3,0117,train
17,3,3,0139,validation
17,3,3,0153,train
17,3,3,0161,validation
17,3,3,0170,train
17,3,3,0178,train
17,3,3,0202,train
17,3,3,0212,train
17,3,3,0246,train
17,3,3,0248,validation
17,3,3,0256,train
17,3,3,0262,train
17,3,3,0268,train
17,3,3,0273,train
17,3,3,0283,train
17,3,3,0287,validation
17,3,3,0296,train
17,3,3,0304,train
17,3,3,0309,train
17,3,3,0311,train
17,3,3,0322,validation
17,3,3,0330,train
17,3,3,0346,train
17,3,3,0347,train
17,3,3,0369,train
17,3,3,0370,train
17,3,3,0376,train
17,3,3,0379,train
17,3,3,0384,train
17,3,3,0406,train
17,3,3,0409,validation
17,3,3,0412,validation
17,3,3,0427,train
17,3,3,0432,validation
17,3,3,0459,train
17,3,3,0468,train
17,3,3,0498,train
17,3,3,0546,train
17,3,4,0009,train
17,3,4,0014,train
17,3,4,0027,train
17,3,4,0033,validation
17,3,4,0037,train
17,3,4,0038,train
17,3,4,0041,train
17,3,4,0046,train
17,3,4,0053,train
17,3,4,0054,validation
17,3,4,0063,train
17,3,4,0069,train
17,3,4,0079,validation
17,3,4,0089,train
17,3,4,0095,train
17,3,4,0100,train
17,3,4,0106,train
17,3,4,0112,train
17,3,4,0116,train
17,3,4,0117,train
17,3,4,0139,train
17,3,4,0153,train
17,3,4,0161,train
17,3,4,0170,train
17,3,4,0178,validation
17,3,4,0202,train
17,3,4,0212,train
17,3,4,0246,train
17,3,4,0248,train
17,3,4,0256,train
17,3,4,0262,train
17,3,4,0268,train
17,3,4,0273,train
17,3,4,0283,train
17,3,4,0287,train
17,3,4,0296,train
17,3,4,0304,train
17,3,4,0309,train
17,3,4,0311,train
17,3,4,0322,train
17,3,4,0330,validation
17,3,4,0346,validation
17,3,4,0347,validation
17,3,4,0369,train
17,3,4,0370,validation
17,3,4,0376,validation
17,3,4,0379,validation
17,3,4,0384,train
17,3,4,0406,train
17,3,4,0409,train
17,3,4,0412,train
17,3,4,0427,train
17,3,4,0432,train
17,3,4,0459,train
17,3,4,0468,train
17,3,4,0498,validation
17,3,4,0546,train
17,3,5,0009,train
17,3,5,0014,train
17,3,5,0027,train
17,3,5,0033,train
17,3,5,0037,train
17,3,5,0038,validation
17,3,5,0041,validation
17,3,5,0046,train
17,3,5,0053,train
17,3,5,0054,train
17,3,5,0063,train
17,3,5,0069,train
17,3,5,0079,train
17,3,5,0089,validation
17,3,5,0095,train
17,3,5,0100,train
17,3,5,0106,train
17,3,5,0112,train
17,3,5,0116,validation
17,3,5,0117,train
17,3,5,0139,train
17,3,5,0153,train
17,3,5,0161,train
17,3,5,0170,train
17,3,5,0178,train
17,3,5,0202,validation
17,3,5,0212,train
17,3,5,0246,train
17,3,5,0248,train
17,3,5,0256,train
17,3,5,0262,train
17,3,5,0268,train
17,3,5,0273,validation
17,3,5,0283,train
17,3,5,0287,train
17,3,5,0296,train
17,3,5,0304,validation
17,3,5,0309,validation
17,3,5,0311,train
17,3,5,0322,train
17,3,5,0330,train
17,3,5,0346,train
17,3,5,0347,train
17,3,5,0369,train
17,3,5,0370,train
17,3,5,0376,train
17,3,5,0379,train
17,3,5,0384,train
17,3,5,0406,validation
17,3,5,0409,train
17,3,5,0412,train
17,3,5,0427,train
17,3,5,0432,train
17,3,5,0459,validation
17,3,5,0468,train
17,3,5,0498,train
17,3,5,0546,validation
17,4,1,0003,train
17,4,1,0008,train
17,4,1,0014,train
17,4,1,0029,train
17,4,1,0038,train
17,4,1,0041,train
17,4,1,0046,train
17,4,1,0053,validation
17,4,1,0079,train
17,4,1,0089,train
17,4,1,0095,train
17,4,1,0100,train
17,4,1,0106,train
17,4,1,0112,train
17,4,1,0116,train
17,4,1,0118,train
17,4,1,0135,validation
17,4,1,0139,validation
17,4,1,0144,validation
17,4,1,0161,train
17,4,1,0170,validation
17,4,1,0178,validation
17,4,1,0202,train
17,4,1,0212,train
17,4,1,0227,train
17,4,1,0242,train
17,4,1,0246,validation
17,4,1,0248,train
17,4,1,0256,train
17,4,1,0262,train
17,4,1,0268,train
17,4,1,0278,train
17,4,1,0281,train
17,4,1,0287,train
17,4,1,0289,train
17,4,1,0296,train
17,4,1,0304,train
17,4,1,0306,train
17,4,1,0311,train
17,4,1,0322,train
17,4,1,0323,train
17,4,1,0330,validation
17,4,1,0346,train
17,4,1,0347,train
17,4,1,0369,train
17,4,1,0376,train
17,4,1,0379,train
17,4,1,0384,train
17,4,1,0399,validation
17,4,1,0406,train
17,4,1,0409,train
17,4,1,0412,train
17,4,1,0427,validation
17,4,1,0432,validation
17,4,1,0459,validation
17,4,1,0468,train
17,4,1,0498,train
17,4,2,0003,validation
17,4,2,0008,train
17,4,2,0014,train
17,4,2,0029,train
17,4,2,0038,train
17,4,2,0041,train
17,4,2,0046,train
17,4,2,0053,train
17,4,2,0079,validation
17,4,2,0089,train
17,4,2,0095,train
17,4,2,0100,validation
17,4,2,0106,train
17,4,2,0112,train
17,4,2,0116,train
17,4,2,0118,train
17,4,2,0135,train
17,4,2,0139,train
17,4,2,0144,train
17,4,2,0161,validation
17,4,2,0170,train
17,4,2,0178,train
17,4,2,0202,validation
17,4,2,0212,train
17,4,2,0227,validation
17,4,2,0242,train
17,4,2,0246,train
17,4,2,0248,validation
17,4,2,0256,train
17,4,2,0262,train
17,4,2,0268,validation
17,4,2,0278,train
17,4,2,0281,train
17,4,2,0287,train
17,4,2,0289,train
17,4,2,0296,train
17,4,2,0304,train
17,4,2,0306,validation
17,4,2,0311,validation
17,4,2,0322,train
17,4,2,0323,train
17,4,2,0330,train
17,4,2,0346,train
17,4,2,0347,train
17,4,2,0369,validation
17,4,2,0376,train
17,4,2,0379,train
17,4,2,0384,train
17,4,2,0399,train
17,4,2,0406,train
17,4,2,0409,train
17,4,2,0412,train
17,4,2,0427,train
17,4,2,0432,train
17,4,2,0459,train
17,4,2,0468,validation
17,4,2,0498,train
17,4,3,0003,train
17,4,3,0008,validation
17,4,3,0014,validation
17,4,3,0029,validation
17,4,3,0038,validation
17,4,3,0041,train
17,4,3,0046,train
17,4,3,0053,train
17,4,3,0079,train
17,4,3,0089,train
17,4,3,0095,train
17,4,3,0100,train
17,4,3,0106,validation
17,4,3,0112,train
17,4,3,0116,train
17,4,3,0118,train
17,4,3,0135,train
17,4,3,0139,train
17,4,3,0144,train
17,4,3,0161,train
17,4,3,0170,train
17,4,3,0178,train
17,4,3,0202,train
17,4,3,0212,validation
17,4,3,0227,train
17,4,3,0242,train
17,4,3,0246,train
17,4,3,0248,train
17,4,3,0256,validation
17,4,3,0262,train
17,4,3,0268,train
17,4,3,0278,train
17,4,3,0281,train
17,4,3,0287,train
17,4,3,0289,train
17,4,3,0296,train
17,4,3,0304,train
17,4,3,0306,train
17,4,3,0311,train
17,4,3,0322,validation
17,4,3,0323,train
17,4,3,0330,train
17,4,3,0346,train
17,4,3,0347,train
17,4,3,0369,train
17,4,3,0376,validation
17,4,3,0379,train
17,4,3,0384,train
17,4,3,0399,train
17,4,3,0406,train
17,4,3,0409,validation
17,4,3,0412,validation
17,4,3,0427,train
17,4,3,0432,train
17,4,3,0459,train
17,4,3,0468,train
17,4,3,0498,train
17,4,4,0003,train
17,4,4,0008,train
17,4,4,0014,train
17,4,4,0029,train
17,4,4,0038,train
17,4,4,0041,validation
17,4,4,0046,validation
17,4,4,0053,train
17,4,4,0079,train
17,4,4,0089,validation
17,4,4,0095,validation
17,4,4,0100,train
17,4,4,0106,train
17,4,4,0112,validation
17,4,4,0116,train
17,4,4,0118,train
17,4,4,0135,train
17,4,4,0139,train
17,4,4,0144,train
17,4,4,0161,train
17,4,4,0170,train
17,4,4,0178,train
17,4,4,0202,train
17,4,4,0212,train
17,4,4,0227,train
17,4,4,0242,train
17,4,4,0246,train
17,4,4,0248,train
17,4,4,0256,train
17,4,4,0262,validation
17,4,4,0268,train
17,4,4,0278,validation
17,4,4,0281,train
17,4,4,0287,validation
17,4,4,0289,train
17,4,4,0296,train
17,4,4,0304,train
17,4,4,0306,train
17,4,4,0311,train
17,4,4,0322,train
17,4,4,0323,train
17,4,4,0330,train
17,4,4,0346,validation
17,4,4,0347,train
17,4,4,0369,train
17,4,4,0376,train
17,4,4,0379,validation
17,4,4,0384,validation
17,4,4,0399,train
17,4,4,0406,train
17,4,4,0409,train
17,4,4,0412,train
17,4,4,0427,train
17,4,4,0432,train
17,4,4,0459,train
17,4,4,0468,train
17,4,4,0498,train
17,4,5,0003,train
17,4,5,0008,train
17,4,5,0014,train
17,4,5,0029,train
17,4,5,0038,train
17,4,5,0041,train
17,4,5,0046,train
17,4,5,0053,train
17,4,5,0079,train
17,4,5,0089,train
17,4,5,0095,train
17,4,5,0100,train
17,4,5,0106,train
17,4,5,0112,train
17,4,5,0116,validation
17,4,5,0118,validation
17,4,5,0135,train
17,4,5,0139,train
17,4,5,0144,train
17,4,5,0161,train
17,4,5,0170,train
17,4,5,0178,train
17,4,5,0202,train
17,4,5,0212,train
17,4,5,0227,train
17,4,5,0242,validation
17,4,5,0246,train
17,4,5,0248,train
17,4,5,0256,train
17,4,5,0262,train
17,4,5,0268,train
17,4,5,0278,train
17,4,5,0281,validation
17,4,5,0287,train
17,4,5,0289,validation
17,4,5,0296,validation
17,4,5,0304,validation
17,4,5,0306,train
17,4,5,0311,train
17,4,5,0322,train
17,4,5,0323,validation
17,4,5,0330,train
17,4,5,0346,train
17,4,5,0347,validation
17,4,5,0369,train
17,4,5,0376,train
17,4,5,0379,train
17,4,5,0384,train
17,4,5,0399,train
17,4,5,0406,validation
17,4,5,0409,train
17,4,5,0412,train
17,4,5,0427,train
17,4,5,0432,train
17,4,5,0459,train
17,4,5,0468,train
17,4,5,0498,validation
17,5,1,0003,train
17,5,1,0008,train
17,5,1,0009,train
17,5,1,0014,validation
17,5,1,0027,validation
17,5,1,0029,train
17,5,1,0033,train
17,5,1,0037,train
17,5,1,0046,train
17,5,1,0053,train
17,5,1,0054,train
17,5,1,0063,train
17,5,1,0069,train
17,5,1,0089,train
17,5,1,0095,train
17,5,1,0100,train
17,5,1,0106,train
17,5,1,0116,train
17,5,1,0117,validation
17,5,1,0118,train
17,5,1,0135,validation
17,5,1,0144,validation
17,5,1,0153,train
17,5,1,0161,train
17,5,1,0170,train
17,5,1,0178,train
17,5,1,0202,train
17,5,1,0212,train
17,5,1,0227,train
17,5,1,0242,validation
17,5,1,0246,validation
17,5,1,0248,train
17,5,1,0256,train
17,5,1,0262,validation
17,5,1,0273,train
17,5,1,0278,train
17,5,1,0281,train
17,5,1,0283,validation
17,5,1,0287,train
17,5,1,0289,train
17,5,1,0304,train
17,5,1,0306,train
17,5,1,0309,train
17,5,1,0311,train
17,5,1,0322,train
17,5,1,0323,train
17,5,1,0330,validation
17,5,1,0346,validation
17,5,1,0347,train
17,5,1,0369,train
17,5,1,0370,train
17,5,1,0384,validation
17,5,1,0399,train
17,5,1,0412,train
17,5,1,0427,train
17,5,1,0459,train
17,5,1,0546,train
17,5,2,0003,train
17,5,2,0008,train
17,5,2,0009,train
17,5,2,0014,train
17,5,2,0027,train
17,5,2,0029,train
17,5,2,0033,train
17,5,2,0037,train
17,5,2,0046,train
17,5,2,0053,validation
17,5,2,0054,train
17,5,2,0063,train
17,5,2,0069,train
17,5,2,0089,train
17,5,2,0095,train
17,5,2,0100,validation
17,5,2,0106,train
17,5,2,0116,validation
17,5,2,0117,train
17,5,2,0118,train
17,5,2,0135,train
17,5,2,0144,train
17,5,2,0153,train
17,5,2,0161,validation
17,5,2,0170,train
17,5,2,0178,train
17,5,2,0202,validation
17,5,2,0212,train
17,5,2,0227,validation
17,5,2,0242,train
17,5,2,0246,train
17,5,2,0248,validation
17,5,2,0256,train
17,5,2,0262,train
17,5,2,0273,train
17,5,2,0278,validation
17,5,2,0281,train
17,5,2,0283,train
17,5,2,0287,train
17,5,2,0289,train
17,5,2,0304,train
17,5,2,0306,train
17,5,2,0309,train
17,5,2,0311,train
17,5,2,0322,validation
17,5,2,0323,train
17,5,2,0330,train
17,5,2,0346,train
17,5,2,0347,validation
17,5,2,0369,train
17,5,2,0370,validation
17,5,2,0384,train
17,5,2,0399,train
17,5,2,0412,train
17,5,2,0427,validation
17,5,2,0459,train
17,5,2,0546,train
17,5,3,0003,train
17,5,3,0008,train
17,5,3,0009,train
17,5,3,0014,train
17,5,3,0027,train
17,5,3,0029,train
17,5,3,0033,validation
17,5,3,0037,train
17,5,3,0046,validation
17,5,3,0053,train
17,5,3,0054,train
17,5,3,0063,train
17,5,3,0069,validation
17,5,3,0089,train
17,5,3,0095,train
17,5,3,0100,train
17,5,3,0106,validation
17,5,3,0116,train
17,5,3,0117,train
17,5,3,0118,train
17,5,3,0135,train
17,5,3,0144,train
17,5,3,0153,train
17,5,3,0161,train
17,5,3,0170,validation
17,5,3,0178,train
17,5,3,0202,train
17,5,3,0212,train
17,5,3,0227,train
17,5,3,0242,train
17,5,3,0246,train
17,5,3,0248,train
17,5,3,0256,validation
17,5,3,0262,train
17,5,3,0273,validation
17,5,3,0278,train
17,5,3,0281,train
17,5,3,0283,train
17,5,3,0287,train
17,5,3,0289,validation
17,5,3,0304,validation
17,5,3,0306,train
17,5,3,0309,train
17,5,3,0311,validation
17,5,3,0322,train
17,5,3,0323,train
17,5,3,0330,train
17,5,3,0346,train
17,5,3,0347,train
17,5,3,0369,train
17,5,3,0370,train
17,5,3,0384,train
17,5,3,0399,train
17,5,3,0412,train
17,5,3,0427,train
17,5,3,0459,train
17,5,3,0546,validation
17,5,4,0003,validation
17,5,4,0008,train
17,5,4,0009,validation
17,5,4,0014,train
17,5,4,0027,train
17,5,4,0029,train
17,5,4,0033,train
17,5,4,0037,validation
17,5,4,0046,train
17,5,4,0053,train
17,5,4,0054,train
17,5,4,0063,train
17,5,4,0069,train
17,5,4,0089,train
17,5,4,0095,train
17,5,4,0100,train
17,5,4,0106,train
17,5,4,0116,train
17,5,4,0117,train
17,5,4,0118,validation
17,5,4,0135,train
17,5,4,0144,train
17,5,4,0153,validation
17,5,4,0161,train
17,5,4,0170,train
17,5,4,0178,train
17,5,4,0202,train
17,5,4,0212,validation
17,5,4,0227,train
17,5,4,0242,train
17,5,4,0246,train
17,5,4,0248,train
17,5,4,0256,train
17,5,4,0262,train
17,5,4,0273,train
17,5,4,0278,train
17,5,4,0281,train
17,5,4,0283,train
17,5,4,0287,validation
17,5,4,0289,train
17,5,4,0304,train
17,5,4,0306,train
17,5,4,0309,validation
17,5,4,0311,train
17,5,4,0322,train
17,5,4,0323,validation
17,5,4,0330,train
17,5,4,0346,train
17,5,4,0347,train
17,5,4,0369,validation
17,5,4,0370,train
17,5,4,0384,train
17,5,4,0399,train
17,5,4,0412,train
17,5,4,0427,train
17,5,4,0459,validation
17,5,4,0546,train
17,5,5,0003,train
17,5,5,0008,validation
17,5,5,0009,train
17,5,5,0014,train
17,5,5,0027,train
17,5,5,0029,validation
17,5,5,0033,train
17,5,5,0037,train
17,5,5,0046,train
17,5,5,0053,train
17,5,5,0054,validation
17,5,5,0063,validation
17,5,5,0069,train
17,5,5,0089,validation
17,5,5,0095,validation
17,5,5,0100,train
17,5,5,0106,train
17,5,5,0116,train
17,5,5,0117,train
17,5,5,0118,train
17,5,5,0135,train
17,5,5,0144,train
17,5,5,0153,train
17,5,5,0161,train
17,5,5,0170,train
17,5,5,0178,validation
17,5,5,0202,train
17,5,5,0212,train
17,5,5,0227,train
17,5,5,0242,train
17,5,5,0246,train
17,5,5,0248,train
17,5,5,0256,train
17,5,5,0262,train
17,5,5,0273,train
17,5,5,0278,train
17,5,5,0281,validation
17,5,5,0283,train
17,5,5,0287,train
17,5,5,0289,train
17,5,5,0304,train
17,5,5,0306,validation
17,5,5,0309,train
17,5,5,0311,train
17,5,5,0322,train
17,5,5,0323,train
17,5,5,0330,train
17,5,5,0346,train
17,5,5,0347,train
17,5,5,0369,train
17,5,5,0370,train
17,5,5,0384,train
17,5,5,0399,validation
17,5,5,0412,validation
17,5,5,0427,train
17,5,5,0459,train
17,5,5,0546,train
18,1,1,0003,train
18,1,1,0008,train
18,1,1,0009,validation
18,1,1,0014,train
18,1,1,0027,validation
18,1,1,0029,train
18,1,1,0033,train
18,1,1,0037,train
18,1,1,0038,train
18,1,1,0046,train
18,1,1,0053,train
18,1,1,0054,train
18,1,1,0063,train
18,1,1,0069,train
18,1,1,0079,validation
18,1,1,0089,train
18,1,1,0095,train
18,1,1,0106,train
18,1,1,0116,train
18,1,1,0117,train
18,1,1,0118,train
18,1,1,0135,validation
18,1,1,0139,train
18,1,1,0144,validation
18,1,1,0170,validation
18,1,1,0178,train
18,1,1,0202,train
18,1,1,0227,train
18,1,1,0242,validation
18,1,1,0246,train
18,1,1,0256,validation
18,1,1,0268,validation
18,1,1,0278,train
18,1,1,0287,validation
18,1,1,0289,train
18,1,1,0296,train
18,1,1,0304,train
18,1,1,0306,train
18,1,1,0309,train
18,1,1,0311,train
18,1,1,0323,train
18,1,1,0330,train
18,1,1,0346,train
18,1,1,0347,train
18,1,1,0369,validation
18,1,1,0370,train
18,1,1,0376,train
18,1,1,0379,train
18,1,1,0399,train
18,1,1,0409,validation
18,1,1,0412,train
18,1,1,0427,train
18,1,1,0432,train
18,1,1,0468,train
18,1,1,0498,train
18,1,1,0546,train
18,1,2,0003,validation
18,1,2,0008,train
18,1,2,0009,train
18,1,2,0014,train
18,1,2,0027,train
18,1,2,0029,validation
18,1,2,0033,train
18,1,2,0037,train
18,1,2,0038,validation
18,1,2,0046,validation
18,1,2,0053,train
18,1,2,0054,train
18,1,2,0063,train
18,1,2,0069,train
18,1,2,0079,train
18,1,2,0089,train
18,1,2,0095,train
18,1,2,0106,validation
18,1,2,0116,train
18,1,2,0117,train
18,1,2,0118,validation
18,1,2,0135,train
18,1,2,0139,train
18,1,2,0144,train
18,1,2,0170,train
18,1,2,0178,train
18,1,2,0202,validation
18,1,2,0227,train
18,1,2,0242,train
18,1,2,0246,train
18,1,2,0256,train
18,1,2,0268,train
18,1,2,0278,train
18,1,2,0287,train
18,1,2,0289,train
18,1,2,0296,validation
18,1,2,0304,train
18,1,2,0306,train
18,1,2,0309,train
18,1,2,0311,train
18,1,2,0323,train
18,1,2,0330,train
18,1,2,0346,validation
18,1,2,0347,train
18,1,2,0369,train
18,1,2,0370,validation
18,1,2,0376,train
18,1,2,0379,train
18,1,2,0399,validation
18,1,2,0409,train
18,1,2,0412,train
18,1,2,0427,train
18,1,2,0432,validation
18,1,2,0468,train
18,1,2,0498,train
18,1,2,0546,train
18,1,3,0003,train
18,1,3,0008,train
18,1,3,0009,train
18,1,3,0014,train
18,1,3,0027,train
18,1,3,0029,train
18,1,3,0033,train
18,1,3,0037,validation
18,1,3,0038,train
18,1,3,0046,train
18,1,3,0053,train
18,1,3,0054,validation
18,1,3,0063,train
18,1,3,0069,validation
18,1,3,0079,train
18,1,3,0089,validation
18,1,3,0095,validation
18,1,3,0106,train
18,1,3,0116,train
18,1,3,0117,train
18,1,3,0118,train
18,1,3,0135,train
18,1,3,0139,train
18,1,3,0144,train
18,1,3,0170,train
18,1,3,0178,train
18,1,3,0202,train
18,1,3,0227,train
18,1,3,0242,train
18,1,3,0246,train
18,1,3,0256,train
18,1,3,0268,train
18,1,3,0278,train
18,1,3,0287,train
18,1,3,0289,validation
18,1,3,0296,train
18,1,3,0304,train
18,1,3,0306,validation
18,1,3,0309,train
18,1,3,0311,train
18,1,3,0323,train
18,1,3,0330,validation
18,1,3,0346,train
18,1,3,0347,train
18,1,3,0369,train
18,1,3,0370,train
18,1,3,0376,train
18,1,3,0379,validation
18,1,3,0399,train
18,1,3,0409,train
18,1,3,0412,train
18,1,3,0427,train
18,1,3,0432,train
18,1,3,0468,validation
18,1,3,0498,train
18,1,3,0546,validation
18,1,4,0003,train
18,1,4,0008,train
18,1,4,0009,train
18,1,4,0014,train
18,1,4,0027,train
18,1,4,0029,train
18,1,4,0033,train
18,1,4,0037,train
18,1,4,0038,train
18,1,4,0046,train
18,1,4,0053,validation
18,1,4,0054,train
18,1,4,0063,train
18,1,4,0069,train
18,1,4,0079,train
18,1,4,0089,train
18,1,4,0095,train
18,1,4,0106,train
18,1,4,0116,train
18,1,4,0117,train
18,1,4,0118,train
18,1,4,0135,train
18,1,4,0139,validation
18,1,4,0144,train
18,1,4,0170,train
18,1,4,0178,validation
18,1,4,0202,train
18,1,4,0227,validation
18,1,4,0242,train
18,1,4,0246,validation
18,1,4,0256,train
18,1,4,0268,train
18,1,4,0278,train
18,1,4,0287,train
18,1,4,0289,train
18,1,4,0296,train
18,1,4,0304,train
18,1,4,0306,train
18,1,4,0309,validation
18,1,4,0311,validation
18,1,4,0323,train
18,1,4,0330,train
18,1,4,0346,train
18,1,4,0347,validation
18,1,4,0369,train
18,1,4,0370,train
18,1,4,0376,validation
18,1,4,0379,train
18,1,4,0399,train
18,1,4,0409,train
18,1,4,0412,validation
18,1,4,0427,validation
18,1,4,0432,train
18,1,4,0468,train
18,1,4,0498,train
18,1,4,0546,train
18,1,5,0003,train
18,1,5,0008,validation
18,1,5,0009,train
18,1,5,0014,validation
18,1,5,0027,train
18,1,5,0029,train
18,1,5,0033,validation
18,1,5,0037,train
18,1,5,0038,train
18,1,5,0046,train
18,1,5,0053,train
18,1,5,0054,train
18,1,5,0063,validation
18,1,5,0069,train
18,1,5,0079,train
18,1,5,0089,train
18,1,5,0095,train
18,1,5,0106,train
18,1,5,0116,validation
18,1,5,0117,validation
18,1,5,0118,train
18,1,5,0135,train
18,1,5,0139,train
18,1,5,0144,train
18,1,5,0170,train
18,1,5,0178,train
18,1,5,0202,train
18,1,5,0227,train
18,1,5,0242,train
18,1,5,0246,train
18,1,5,0256,train
18,1,5,0268,train
18,1,5,0278,validation
18,1,5,0287,train
18,1,5,0289,train
18,1,5,0296,train
18,1,5,0304,validation
18,1,5,0306,train
18,1,5,0309,train
18,1,5,0311,train
18,1,5,0323,validation
18,1,5,0330,train
18,1,5,0346,train
18,1,5,0347,train
18,1,5,0369,train
18,1,5,0370,train
18,1,5,0376,train
18,1,5,0379,train
18,1,5,0399,train
18,1,5,0409,train
18,1,5,0412,train
18,1,5,0427,train
18,1,5,0432,train
18,1,5,0468,train
18,1,5,0498,validation
18,1,5,0546,train
18,2,1,0003,train
18,2,1,0008,train
18,2,1,0014,train
18,2,1,0027,train
18,2,1,0029,train
18,2,1,0033,train
18,2,1,0037,train
18,2,1,0038,train
18,2,1,0041,train
18,2,1,0046,train
18,2,1,0054,validation
18,2,1,0063,train
18,2,1,0069,train
18,2,1,0079,train
18,2,1,0089,train
18,2,1,0095,train
18,2,1,0100,train
18,2,1,0112,train
18,2,1,0118,train
18,2,1,0139,validation
18,2,1,0144,train
18,2,1,0153,train
18,2,1,0161,validation
18,2,1,0170,validation
18,2,1,0178,train
18,2,1,0202,validation
18,2,1,0212,train
18,2,1,0227,train
18,2,1,0242,validation
18,2,1,0246,validation
18,2,1,0248,train
18,2,1,0262,train
18,2,1,0273,validation
18,2,1,0278,validation
18,2,1,0281,train
18,2,1,0283,train
18,2,1,0287,validation
18,2,1,0289,train
18,2,1,0296,train
18,2,1,0304,train
18,2,1,0311,train
18,2,1,0322,train
18,2,1,0323,validation
18,2,1,0346,train
18,2,1,0347,validation
18,2,1,0369,train
18,2,1,0370,train
18,2,1,0376,train
18,2,1,0379,train
18,2,1,0384,train
18,2,1,0399,train
18,2,1,0406,train
18,2,1,0412,train
18,2,1,0432,train
18,2,1,0459,train
18,2,1,0498,train
18,2,1,0546,train
18,2,2,0003,train
18,2,2,0008,train
18,2,2,0014,train
18,2,2,0027,train
18,2,2,0029,train
18,2,2,0033,train
18,2,2,0037,train
18,2,2,0038,train
18,2,2,0041,train
18,2,2,0046,train
18,2,2,0054,train
18,2,2,0063,train
18,2,2,0069,train
18,2,2,0079,train
18,2,2,0089,train
18,2,2,0095,validation
18,2,2,0100,train
18,2,2,0112,train
18,2,2,0118,train
18,2,2,0139,train
18,2,2,0144,validation
18,2,2,0153,validation
18,2,2,0161,train
18,2,2,0170,train
18,2,2,0178,validation
18,2,2,0202,train
18,2,2,0212,validation
18,2,2,0227,train
18,2,2,0242,train
18,2,2,0246,train
18,2,2,0248,validation
18,2,2,0262,train
18,2,2,0273,train
18,2,2,0278,train
18,2,2,0281,train
18,2,2,0283,train
18,2,2,0287,train
18,2,2,0289,train
18,2,2,0296,train
18,2,2,0304,validation
18,2,2,0311,train
18,2,2,0322,validation
18,2,2,0323,train
18,2,2,0346,validation
18,2,2,0347,train
18,2,2,0369,train
18,2,2,0370,train
18,2,2,0376,train
18,2,2,0379,train
18,2,2,0384,validation
18,2,2,0399,train
18,2,2,0406,train
18,2,2,0412,train
18,2,2,0432,validation
18,2,2,0459,train
18,2,2,0498,validation
18,2,2,0546,train
18,2,3,0003,validation
18,2,3,0008,validation
18,2,3,0014,train
18,2,3,0027,train
18,2,3,0029,validation
18,2,3,0033,validation
18,2,3,0037,train
18,2,3,0038,train
18,2,3,0041,validation
18,2,3,0046,train
18,2,3,0054,train
18,2,3,0063,train
18,2,3,0069,train
18,2,3,0079,train
18,2,3,0089,train
18,2,3,0095,train
18,2,3,0100,train
18,2,3,0112,train
18,2,3,0118,validation
18,2,3,0139,train
18,2,3,0144,train
18,2,3,0153,train
18,2,3,0161,train
18,2,3,0170,train
18,2,3,0178,train
18,2,3,0202,train
18,2,3,0212,train
18,2,3,0227,validation
18,2,3,0242,train
18,2,3,0246,train
18,2,3,0248,train
18,2,3,0262,train
18,2,3,0273,train
18,2,3,0278,train
18,2,3,0281,train
18,2,3,0283,train
18,2,3,0287,train
18,2,3,0289,train
18,2,3,0296,train
18,2,3,0304,train
18,2,3,0311,train
18,2,3,0322,train
18,2,3,0323,train
18,2,3,0346,train
18,2,3,0347,train
18,2,3,0369,train
18,2,3,0370,train
18,2,3,0376,validation
18,2,3,0379,train
18,2,3,0384,train
18,2,3,0399,train
18,2,3,0406,validation
18,2,3,0412,validation
18,2,3,0432,train
18,2,3,0459,validation
18,2,3,0498,train
18,2,3,0546,train
18,2,4,0003,train
18,2,4,0008,train
18,2,4,0014,validation
18,2,4,0027,validation
18,2,4,0029,train
18,2,4,0033,train
18,2,4,0037,train
18,2,4,0038,train
18,2,4,0041,train
18,2,4,0046,train
18,2,4,0054,train
18,2,4,0063,validation
18,2,4,0069,train
18,2,4,0079,train
18,2,4,0089,validation
18,2,4,0095,train
18,2,4,0100,train
18,2,4,0112,train
18,2,4,0118,train
18,2,4,0139,train
18,2,4,0144,train
18,2,4,0153,train
18,2,4,0161,train
18,2,4,0170,train
18,2,4,0178,train
18,2,4,0202,train
18,2,4,0212,train
18,2,4,0227,train
18,2,4,0242,train
18,2,4,0246,train
18,2,4,0248,train
18,2,4,0262,validation
18,2,4,0273,train
18,2,4,0278,train
18,2,4,0281,validation
18,2,4,0283,train
18,2,4,0287,train
18,2,4,0289,validation
18,2,4,0296,train
18,2,4,0304,train
18,2,4,0311,train
18,2,4,0322,train
18,2,4,0323,train
18,2,4,0346,train
18,2,4,0347,train
18,2,4,0369,validation
18,2,4,0370,validation
18,2,4,0376,train
18,2,4,0379,train
18,2,4,0384,train
18,2,4,0399,validation
18,2,4,0406,train
18,2,4,0412,train
18,2,4,0432,train
18,2,4,0459,train
18,2,4,0498,train
18,2,4,0546,validation
18,2,5,0003,train
18,2,5,0008,train
18,2,5,0014,train
18,2,5,0027,train
18,2,5,0029,train
18,2,5,0033,train
18,2,5,0037,validation
18,2,5,0038,validation
18,2,5,0041,train
18,2,5,0046,validation
18,2,5,0054,train
18,2,5,0063,train
18,2,5,0069,validation
18,2,5,0079,validation
18,2,5,0089,train
18,2,5,0095,train
18,2,5,0100,validation
18,2,5,0112,validation
18,2,5,0118,train
18,2,5,0139,train
18,2,5,0144,train
18,2,5,0153,train
18,2,5,0161,train
18,2,5,0170,train
18,2,5,0178,train
18,2,5,0202,train
18,2,5,0212,train
18,2,5,0227,train
18,2,5,0242,train
18,2,5,0246,train
18,2,5,0248,train
18,2,5,0262,train
18,2,5,0273,train
18,2,5,0278,train
18,2,5,0281,train
18,2,5,0283,validation
18,2,5,0287,train
18,2,5,0289,train
18,2,5,0296,validation
18,2,5,0304,train
18,2,5,0311,validation
18,2,5,0322,train
18,2,5,0323,train
18,2,5,0346,train
18,2,5,0347,train
18,2,5,0369,train
18,2,5,0370,train
18,2,5,0376,train
18,2,5,0379,validation
18,2,5,0384,train
18,2,5,0399,train
18,2,5,0406,train
18,2,5,0412,train
18,2,5,0432,train
18,2,5,0459,train
18,2,5,0498,train
18,2,5,0546,train
18,3,1,0003,validation
18,3,1,0009,validation
18,3,1,0014,train
18,3,1,0027,validation
18,3,1,0029,train
18,3,1,0033,validation
18,3,1,0038,train
18,3,1,0041,train
18,3,1,0053,train
18,3,1,0054,train
18,3,1,0100,train
18,3,1,0106,train
18,3,1,0112,train
18,3,1,0116,validation
18,3,1,0117,validation
18,3,1,0118,validation
18,3,1,0135,train
18,3,1,0139,train
18,3,1,0144,train
18,3,1,0153,train
18,3,1,0161,train
18,3,1,0178,validation
18,3,1,0202,train
18,3,1,0212,train
18,3,1,0242,train
18,3,1,0246,train
18,3,1,0248,train
18,3,1,0256,train
18,3,1,0262,train
18,3,1,0268,train
18,3,1,0273,train
18,3,1,0278,train
18,3,1,0281,train
18,3,1,0283,train
18,3,1,0287,train
18,3,1,0296,train
18,3,1,0304,validation
18,3,1,0306,train
18,3,1,0309,train
18,3,1,0322,train
18,3,1,0323,train
18,3,1,0330,train
18,3,1,0346,train
18,3,1,0369,validation
18,3,1,0370,validation
18,3,1,0376,train
18,3,1,0379,train
18,3,1,0384,train
18,3,1,0399,train
18,3,1,0406,train
18,3,1,0409,train
18,3,1,0412,train
18,3,1,0427,train
18,3,1,0432,train
18,3,1,0459,train
18,3,1,0468,validation
18,3,1,0546,train
18,3,2,0003,train
18,3,2,0009,train
18,3,2,0014,train
18,3,2,0027,train
18,3,2,0029,validation
18,3,2,0033,train
18,3,2,0038,validation
18,3,2,0041,train
18,3,2,0053,train
18,3,2,0054,validation
18,3,2,0100,train
18,3,2,0106,train
18,3,2,0112,train
18,3,2,0116,train
18,3,2,0117,train
18,3,2,0118,train
18,3,2,0135,validation
18,3,2,0139,train
18,3,2,0144,train
18,3,2,0153,train
18,3,2,0161,train
18,3,2,0178,train
18,3,2,0202,train
18,3,2,0212,validation
18,3,2,0242,train
18,3,2,0246,validation
18,3,2,0248,validation
18,3,2,0256,train
18,3,2,0262,train
18,3,2,0268,train
18,3,2,0273,validation
18,3,2,0278,train
18,3,2,0281,train
18,3,2,0283,train
18,3,2,0287,train
18,3,2,0296,train
18,3,2,0304,train
18,3,2,0306,train
18,3,2,0309,train
18,3,2,0322,train
18,3,2,0323,validation
18,3,2,0330,validation
18,3,2,0346,train
18,3,2,0369,train
18,3,2,0370,train
18,3,2,0376,train
18,3,2,0379,train
18,3,2,0384,train
18,3,2,0399,train
18,3,2,0406,train
18,3,2,0409,train
18,3,2,0412,train
18,3,2,0427,validation
18,3,2,0432,train
18,3,2,0459,train
18,3,2,0468,train
18,3,2,0546,validation
18,3,3,0003,train
18,3,3,0009,train
18,3,3,0014,train
18,3,3,0027,train
18,3,3,0029,train
18,3,3,0033,train
18,3,3,0038,train
18,3,3,0041,train
18,3,3,0053,train
18,3,3,0054,train
18,3,3,0100,validation
18,3,3,0106,train
18,3,3,0112,train
18,3,3,0116,train
18,3,3,0117,train
18,3,3,0118,train
18,3,3,0135,train
18,3,3,0139,train
18,3,3,0144,train
18,3,3,0153,validation
18,3,3,0161,validation
18,3,3,0178,train
18,3,3,0202,train
18,3,3,0212,train
18,3,3,0242,train
18,3,3,0246,train
18,3,3,0248,train
18,3,3,0256,validation
18,3,3,0262,validation
18,3,3,0268,validation
18,3,3,0273,train
18,3,3,0278,train
18,3,3,0281,train
18,3,3,0283,train
18,3,3,0287,train
18,3,3,0296,train
18,3,3,0304,train
18,3,3,0306,train
18,3,3,0309,validation
18,3,3,0322,validation
18,3,3,0323,train
18,3,3,0330,train
18,3,3,0346,train
18,3,3,0369,train
18,3,3,0370,train
18,3,3,0376,train
18,3,3,0379,train
18,3,3,0384,train
18,3,3,0399,validation
18,3,3,0406,validation
18,3,3,0409,train
18,3,3,0412,validation
18,3,3,0427,train
18,3,3,0432,train
18,3,3,0459,train
18,3,3,0468,train
18,3,3,0546,train
18,3,4,0003,train
18,3,4,0009,train
18,3,4,0014,validation
18,3,4,0027,train
18,3,4,0029,train
18,3,4,0033,train
18,3,4,0038,train
18,3,4,0041,validation
18,3,4,0053,validation
18,3,4,0054,train
18,3,4,0100,train
18,3,4,0106,validation
18,3,4,0112,validation
18,3,4,0116,train
18,3,4,0117,train
18,3,4,0118,train
18,3,4,0135,train
18,3,4,0139,validation
18,3,4,0144,train
18,3,4,0153,train
18,3,4,0161,train
18,3,4,0178,train
18,3,4,0202,train
18,3,4,0212,train
18,3,4,0242,validation
18,3,4,0246,train
18,3,4,0248,train
18,3,4,0256,train
18,3,4,0262,train
18,3,4,0268,train
18,3,4,0273,train
18,3,4,0278,train
18,3,4,0281,train
18,3,4,0283,train
18,3,4,0287,train
18,3,4,0296,train
18,3,4,0304,train
18,3,4,0306,validation
18,3,4,0309,train
18,3,4,0322,train
18,3,4,0323,train
18,3,4,0330,train
18,3,4,0346,validation
18,3,4,0369,train
18,3,4,0370,train
18,3,4,0376,validation
18,3,4,0379,train
18,3,4,0384,train
18,3,4,0399,train
18,3,4,0406,train
18,3,4,0409,train
18,3,4,0412,train
18,3,4,0427,train
18,3,4,0432,validation
18,3,4,0459,train
18,3,4,0468,train
18,3,4,0546,train
18,3,5,0003,train
18,3,5,0009,train
18,3,5,0014,train
18,3,5,0027,train
18,3,5,0029,train
18,3,5,0033,train
18,3,5,0038,train
18,3,5,0041,train
18,3,5,0053,train
18,3,5,0054,train
18,3,5,0100,train
18,3,5,0106,train
18,3,5,0112,train
18,3,5,0116,train
18,3,5,0117,train
18,3,5,0118,train
18,3,5,0135,train
18,3,5,0139,train
18,3,5,0144,validation
18,3,5,0153,train
18,3,5,0161,train
18,3,5,0178,train
18,3,5,0202,validation
18,3,5,0212,train
18,3,5,0242,train
18,3,5,0246,train
18,3,5,0248,train
18,3,5,0256,train
18,3,5,0262,train
18,3,5,0268,train
18,3,5,0273,train
18,3,5,0278,validation
18,3,5,0281,validation
18,3,5,0283,validation
18,3,5,0287,validation
18,3,5,0296,validation
18,3,5,0304,train
18,3,5,0306,train
18,3,5,0309,train
18,3,5,0322,train
18,3,5,0323,train
18,3,5,0330,train
18,3,5,0346,train
18,3,5,0369,train
18,3,5,0370,train
18,3,5,0376,train
18,3,5,0379,validation
18,3,5,0384,validation
18,3,5,0399,train
18,3,5,0406,train
18,3,5,0409,validation
18,3,5,0412,train
18,3,5,0427,train
18,3,5,0432,train
18,3,5,0459,validation
18,3,5,0468,train
18,3,5,0546,train
18,4,1,0008,validation
18,4,1,0009,train
18,4,1,0029,train
18,4,1,0037,train
18,4,1,0038,train
18,4,1,0041,train
18,4,1,0046,train
18,4,1,0053,train
18,4,1,0054,train
18,4,1,0063,train
18,4,1,0069,train
18,4,1,0079,train
18,4,1,0089,train
18,4,1,0095,train
18,4,1,0100,train
18,4,1,0106,train
18,4,1,0112,train
18,4,1,0116,train
18,4,1,0117,train
18,4,1,0135,validation
18,4,1,0144,train
18,4,1,0153,train
18,4,1,0161,train
18,4,1,0170,train
18,4,1,0178,validation
18,4,1,0212,train
18,4,1,0227,train
18,4,1,0246,train
18,4,1,0248,train
18,4,1,0256,validation
18,4,1,0262,train
18,4,1,0268,train
18,4,1,0273,train
18,4,1,0278,train
18,4,1,0281,train
18,4,1,0283,validation
18,4,1,0289,validation
18,4,1,0304,validation
18,4,1,0306,validation
18,4,1,0309,validation
18,4,1,0311,train
18,4,1,0322,validation
18,4,1,0323,train
18,4,1,0330,train
18,4,1,0346,train
18,4,1,0347,train
18,4,1,0369,train
18,4,1,0370,train
18,4,1,0384,train
18,4,1,0399,train
18,4,1,0406,train
18,4,1,0409,train
18,4,1,0412,validation
18,4,1,0427,train
18,4,1,0459,train
18,4,1,0468,validation
18,4,1,0498,train
18,4,2,0008,train
18,4,2,0009,validation
18,4,2,0029,train
18,4,2,0037,validation
18,4,2,0038,train
18,4,2,0041,train
18,4,2,0046,train
18,4,2,0053,train
18,4,2,0054,train
18,4,2,0063,train
18,4,2,0069,train
18,4,2,0079,validation
18,4,2,0089,train
18,4,2,0095,validation
18,4,2,0100,train
18,4,2,0106,validation
18,4,2,0112,train
18,4,2,0116,validation
18,4,2,0117,train
18,4,2,0135,train
18,4,2,0144,validation
18,4,2,0153,validation
18,4,2,0161,train
18,4,2,0170,validation
18,4,2,0178,train
18,4,2,0212,train
18,4,2,0227,train
18,4,2,0246,train
18,4,2,0248,train
18,4,2,0256,train
18,4,2,0262,train
18,4,2,0268,train
18,4,2,0273,train
18,4,2,0278,train
18,4,2,0281,train
18,4,2,0283,train
18,4,2,0289,train
18,4,2,0304,train
18,4,2,0306,train
18,4,2,0309,train
18,4,2,0311,train
18,4,2,0322,train
18,4,2,0323,validation
18,4,2,0330,train
18,4,2,0346,train
18,4,2,0347,train
18,4,2,0369,validation
18,4,2,0370,train
18,4,2,0384,train
18,4,2,0399,train
18,4,2,0406,train
18,4,2,0409,train
18,4,2,0412,train
18,4,2,0427,train
18,4,2,0459,validation
18,4,2,0468,train
18,4,2,0498,train
18,4,3,0008,train
18,4,3,0009,train
18,4,3,0029,train
18,4,3,0037,train
18,4,3,0038,train
18,4,3,0041,train
18,4,3,0046,train
18,4,3,0053,validation
18,4,3,0054,validation
18,4,3,0063,train
18,4,3,0069,train
18,4,3,0079,train
18,4,3,0089,validation
18,4,3,0095,train
18,4,3,0100,validation
18,4,3,0106,train
18,4,3,0112,validation
18,4,3,0116,train
18,4,3,0117,validation
18,4,3,0135,train
18,4,3,0144,train
18,4,3,0153,train
18,4,3,0161,validation
18,4,3,0170,train
18,4,3,0178,train
18,4,3,0212,train
18,4,3,0227,train
18,4,3,0246,train
18,4,3,0248,train
18,4,3,0256,train
18,4,3,0262,train
18,4,3,0268,validation
18,4,3,0273,train
18,4,3,0278,train
18,4,3,0281,train
18,4,3,0283,train
18,4,3,0289,train
18,4,3,0304,train
18,4,3,0306,train
18,4,3,0309,train
18,4,3,0311,train
18,4,3,0322,train
18,4,3,0323,train
18,4,3,0330,train
18,4,3,0346,train
18,4,3,0347,train
18,4,3,0369,train
18,4,3,0370,validation
18,4,3,0384,validation
18,4,3,0399,validation
18,4,3,0406,train
18,4,3,0409,train
18,4,3,0412,train
18,4,3,0427,train
18,4,3,0459,train
18,4,3,0468,train
18,4,3,0498,train
18,4,4,0008,train
18,4,4,0009,train
18,4,4,0029,train
18,4,4,0037,train
18,4,4,0038,train
18,4,4,0041,train
18,4,4,0046,validation
18,4,4,0053,train
18,4,4,0054,train
18,4,4,0063,train
18,4,4,0069,validation
18,4,4,0079,train
18,4,4,0089,train
18,4,4,0095,train
18,4,4,0100,train
18,4,4,0106,train
18,4,4,0112,train
18,4,4,0116,train
18,4,4,0117,train
18,4,4,0135,train
18,4,4,0144,train
18,4,4,0153,train
18,4,4,0161,train
18,4,4,0170,train
18,4,4,0178,train
18,4,4,0212,validation
18,4,4,0227,validation
18,4,4,0246,validation
18,4,4,0248,validation
18,4,4,0256,train
18,4,4,0262,validation
18,4,4,0268,train
18,4,4,0273,validation
18,4,4,0278,train
18,4,4,0281,train
18,4,4,0283,train
18,4,4,0289,train
18,4,4,0304,train
18,4,4,0306,train
18,4,4,0309,train
18,4,4,0311,train
18,4,4,0322,train
18,4,4,0323,train
18,4,4,0330,train
18,4,4,0346,validation
18,4,4,0347,train
18,4,4,0369,train
18,4,4,0370,train
18,4,4,0384,train
18,4,4,0399,train
18,4,4,0406,train
18,4,4,0409,validation
18,4,4,0412,train
18,4,4,0427,train
18,4,4,0459,train
18,4,4,0468,train
18,4,4,0498,validation
18,4,5,0008,train
18,4,5,0009,train
18,4,5,0029,validation
18,4,5,0037,train
18,4,5,0038,validation
18,4,5,0041,validation
18,4,5,0046,train
18,4,5,0053,train
18,4,5,0054,train
18,4,5,0063,validation
18,4,5,0069,train
18,4,5,0079,train
18,4,5,0089,train
18,4,5,0095,train
18,4,5,0100,train
18,4,5,0106,train
18,4,5,0112,train
18,4,5,0116,train
18,4,5,0117,train
18,4,5,0135,train
18,4,5,0144,train
18,4,5,0153,train
18,4,5,0161,train
18,4,5,0170,train
18,4,5,0178,train
18,4,5,0212,train
18,4,5,0227,train
18,4,5,0246,train
18,4,5,0248,train
18,4,5,0256,train
18,4,5,0262,train
18,4,5,0268,train
18,4,5,0273,train
18,4,5,0278,validation
18,4,5,0281,validation
18,4,5,0283,train
18,4,5,0289,train
18,4,5,0304,train
18,4,5,0306,train
18,4,5,0309,train
18,4,5,0311,validation
18,4,5,0322,train
18,4,5,0323,train
18,4,5,0330,validation
18,4,5,0346,train
18,4,5,0347,validation
18,4,5,0369,train
18,4,5,0370,train
18,4,5,0384,train
18,4,5,0399,train
18,4,5,0406,validation
18,4,5,0409,train
18,4,5,0412,train
18,4,5,0427,validation
18,4,5,0459,train
18,4,5,0468,train
18,4,5,0498,train
18,5,1,0003,train
18,5,1,0008,train
18,5,1,0009,train
18,5,1,0014,train
18,5,1,0027,train
18,5,1,0033,validation
18,5,1,0037,train
18,5,1,0041,train
18,5,1,0046,train
18,5,1,0053,train
18,5,1,0063,train
18,5,1,0069,train
18,5,1,0079,train
18,5,1,0089,train
18,5,1,0095,train
18,5,1,0100,train
18,5,1,0106,validation
18,5,1,0112,validation
18,5,1,0116,train
18,5,1,0117,train
18,5,1,0118,train
18,5,1,0135,train
18,5,1,0139,train
18,5,1,0153,train
18,5,1,0161,validation
18,5,1,0170,validation
18,5,1,0202,train
18,5,1,0212,train
18,5,1,0227,validation
18,5,1,0242,train
18,5,1,0248,train
18,5,1,0256,validation
18,5,1,0262,train
18,5,1,0268,train
18,5,1,0273,validation
18,5,1,0281,train
18,5,1,0283,validation
18,5,1,0287,train
18,5,1,0289,validation
18,5,1,0296,train
18,5,1,0306,train
18,5,1,0309,train
18,5,1,0311,train
18,5,1,0322,train
18,5,1,0330,train
18,5,1,0347,train
18,5,1,0376,train
18,5,1,0379,train
18,5,1,0384,validation
18,5,1,0406,train
18,5,1,0409,train
18,5,1,0427,train
18,5,1,0432,train
18,5,1,0459,train
18,5,1,0468,train
18,5,1,0498,validation
18,5,1,0546,train
18,5,2,0003,train
18,5,2,0008,validation
18,5,2,0009,train
18,5,2,0014,train
18,5,2,0027,train
18,5,2,0033,train
18,5,2,0037,validation
18,5,2,0041,train
18,5,2,0046,train
18,5,2,0053,validation
18,5,2,0063,train
18,5,2,0069,train
18,5,2,0079,train
18,5,2,0089,train
18,5,2,0095,train
18,5,2,0100,validation
18,5,2,0106,train
18,5,2,0112,train
18,5,2,0116,train
18,5,2,0117,validation
18,5,2,0118,train
18,5,2,0135,train
18,5,2,0139,validation
18,5,2,0153,validation
18,5,2,0161,train
18,5,2,0170,train
18,5,2,0202,validation
18,5,2,0212,train
18,5,2,0227,train
18,5,2,0242,train
18,5,2,0248,train
18,5,2,0256,train
18,5,2,0262,train
18,5,2,0268,validation
18,5,2,0273,train
18,5,2,0281,train
18,5,2,0283,train
18,5,2,0287,train
18,5,2,0289,train
18,5,2,0296,train
18,5,2,0306,train
18,5,2,0309,train
18,5,2,0311,train
18,5,2,0322,validation
18,5,2,0330,train
18,5,2,0347,train
18,5,2,0376,validation
18,5,2,0379,train
18,5,2,0384,train
18,5,2,0406,train
18,5,2,0409,train
18,5,2,0427,validation
18,5,2,0432,train
18,5,2,0459,train
18,5,2,0468,train
18,5,2,0498,train
18,5,2,0546,train
18,5,3,0003,validation
18,5,3,0008,train
18,5,3,0009,validation
18,5,3,0014,train
18,5,3,0027,train
18,5,3,0033,train
18,5,3,0037,train
18,5,3,0041,train
18,5,3,0046,train
18,5,3,0053,train
18,5,3,0063,train
18,5,3,0069,validation
18,5,3,0079,train
18,5,3,0089,train
18,5,3,0095,train
18,5,3,0100,train
18,5,3,0106,train
18,5,3,0112,train
18,5,3,0116,train
18,5,3,0117,train
18,5,3,0118,validation
18,5,3,0135,train
18,5,3,0139,train
18,5,3,0153,train
18,5,3,0161,train
18,5,3,0170,train
18,5,3,0202,train
18,5,3,0212,validation
18,5,3,0227,train
18,5,3,0242,train
18,5,3,0248,validation
18,5,3,0256,train
18,5,3,0262,train
18,5,3,0268,train
18,5,3,0273,train
18,5,3,0281,validation
18,5,3,0283,train
18,5,3,0287,train
18,5,3,0289,train
18,5,3,0296,train
18,5,3,0306,train
18,5,3,0309,validation
18,5,3,0311,train
18,5,3,0322,train
18,5,3,0330,train
18,5,3,0347,validation
18,5,3,0376,train
18,5,3,0379,validation
18,5,3,0384,train
18,5,3,0406,train
18,5,3,0409,train
18,5,3,0427,train
18,5,3,0432,validation
18,5,3,0459,train
18,5,3,0468,train
18,5,3,0498,train
18,5,3,0546,train
18,5,4,0003,train
18,5,4,0008,train
18,5,4,0009,train
18,5,4,0014,validation
18,5,4,0027,validation
18,5,4,0033,train
18,5,4,0037,train
18,5,4,0041,train
18,5,4,0046,train
18,5,4,0053,train
18,5,4,0063,train
18,5,4,0069,train
18,5,4,0079,train
18,5,4,0089,validation
18,5,4,0095,train
18,5,4,0100,train
18,5,4,0106,train
18,5,4,0112,train
18,5,4,0116,train
18,5,4,0117,train
18,5,4,0118,train
18,5,4,0135,validation
18,5,4,0139,train
18,5,4,0153,train
18,5,4,0161,train
18,5,4,0170,train
18,5,4,0202,train
18,5,4,0212,train
18,5,4,0227,train
18,5,4,0242,validation
18,5,4,0248,train
18,5,4,0256,train
18,5,4,0262,validation
18,5,4,0268,train
18,5,4,0273,train
18,5,4,0281,train
18,5,4,0283,train
18,5,4,0287,train
18,5,4,0289,train
18,5,4,0296,train
18,5,4,0306,train
18,5,4,0309,train
18,5,4,0311,validation
18,5,4,0322,train
18,5,4,0330,validation
18,5,4,0347,train
18,5,4,0376,train
18,5,4,0379,train
18,5,4,0384,train
18,5,4,0406,train
18,5,4,0409,validation
18,5,4,0427,train
18,5,4,0432,train
18,5,4,0459,train
18,5,4,0468,validation
18,5,4,0498,train
18,5,4,0546,validation
18,5,5,0003,train
18,5,5,0008,train
18,5,5,0009,train
18,5,5,0014,train
18,5,5,0027,train
18,5,5,0033,train
18,5,5,0037,train
18,5,5,0041,validation
18,5,5,0046,validation
18,5,5,0053,train
18,5,5,0063,validation
18,5,5,0069,train
18,5,5,0079,validation
18,5,5,0089,train
18,5,5,0095,validation
18,5,5,0100,train
18,5,5,0106,train
18,5,5,0112,train
18,5,5,0116,validation
18,5,5,0117,train
18,5,5,0118,train
18,5,5,0135,train
18,5,5,0139,train
18,5,5,0153,train
18,5,5,0161,train
18,5,5,0170,train
18,5,5,0202,train
18,5,5,0212,train
18,5,5,0227,train
18,5,5,0242,train
18,5,5,0248,train
18,5,5,0256,train
18,5,5,0262,train
18,5,5,0268,train
18,5,5,0273,train
18,5,5,0281,train
18,5,5,0283,train
18,5,5,0287,validation
18,5,5,0289,train
18,5,5,0296,validation
18,5,5,0306,validation
18,5,5,0309,train
18,5,5,0311,train
18,5,5,0322,train
18,5,5,0330,train
18,5,5,0347,train
18,5,5,0376,train
18,5,5,0379,train
18,5,5,0384,train
18,5,5,0406,validation
18,5,5,0409,train
18,5,5,0427,train
18,5,5,0432,train
18,5,5,0459,validation
18,5,5,0468,train
18,5,5,0498,train
18,5,5,0546,train
19,1,1,0008,train
19,1,1,0009,train
19,1,1,0014,train
19,1,1,0037,train
19,1,1,0038,train
19,1,1,0041,validation
19,1,1,0046,train
19,1,1,0053,train
19,1,1,0054,validation
19,1,1,0063,train
19,1,1,0069,train
19,1,1,0079,train
19,1,1,0095,validation
19,1,1,0112,train
19,1,1,0116,train
19,1,1,0117,train
19,1,1,0118,train
19,1,1,0135,train
19,1,1,0139,validation
19,1,1,0161,train
19,1,1,0170,train
19,1,1,0178,validation
19,1,1,0212,validation
19,1,1,0227,validation
19,1,1,0242,validation
19,1,1,0246,train
19,1,1,0248,train
19,1,1,0256,train
19,1,1,0262,train
19,1,1,0268,train
19,1,1,0273,train
19,1,1,0278,train
19,1,1,0281,validation
19,1,1,0287,train
19,1,1,0289,train
19,1,1,0296,train
19,1,1,0304,train
19,1,1,0306,train
19,1,1,0309,validation
19,1,1,0311,train
19,1,1,0322,train
19,1,1,0323,train
19,1,1,0330,train
19,1,1,0346,train
19,1,1,0347,train
19,1,1,0376,validation
19,1,1,0384,train
19,1,1,0399,train
19,1,1,0406,train
19,1,1,0409,train
19,1,1,0412,train
19,1,1,0427,train
19,1,1,0432,train
19,1,1,0459,validation
19,1,1,0468,train
19,1,1,0546,train
19,1,2,0008,train
19,1,2,0009,validation
19,1,2,0014,train
19,1,2,0037,validation
19,1,2,0038,validation
19,1,2,0041,train
19,1,2,0046,train
19,1,2,0053,train
19,1,2,0054,train
19,1,2,0063,train
19,1,2,0069,train
19,1,2,0079,train
19,1,2,0095,train
19,1,2,0112,train
19,1,2,0116,train
19,1,2,0117,train
19,1,2,0118,train
19,1,2,0135,train
19,1,2,0139,train
19,1,2,0161,train
19,1,2,0170,validation
19,1,2,0178,train
19,1,2,0212,train
19,1,2,0227,train
19,1,2,0242,train
19,1,2,0246,train
19,1,2,0248,validation
19,1,2,0256,validation
19,1,2,0262,train
19,1,2,0268,train
19,1,2,0273,validation
19,1,2,0278,train
19,1,2,0281,train
19,1,2,0287,train
19,1,2,0289,train
19,1,2,0296,train
19,1,2,0304,train
19,1,2,0306,train
19,1,2,0309,train
19,1,2,0311,train
19,1,2,0322,validation
19,1,2,0323,train
19,1,2,0330,train
19,1,2,0346,train
19,1,2,0347,train
19,1,2,0376,train
19,1,2,0384,validation
19,1,2,0399,train
19,1,2,0406,train
19,1,2,0409,validation
19,1,2,0412,train
19,1,2,0427,validation
19,1,2,0432,train
19,1,2,0459,train
19,1,2,0468,train
19,1,2,0546,validation
19,1,3,0008,train
19,1,3,0009,train
19,1,3,0014,validation
19,1,3,0037,train
19,1,3,0038,train
19,1,3,0041,train
19,1,3,0046,train
19,1,3,0053,validation
19,1,3,0054,train
19,1,3,0063,train
19,1,3,0069,train
19,1,3,0079,validation
19,1,3,0095,train
19,1,3,0112,train
19,1,3,0116,train
19,1,3,0117,train
19,1,3,0118,validation
19,1,3,0135,train
19,1,3,0139,train
19,1,3,0161,validation
19,1,3,0170,train
19,1,3,0178,train
19,1,3,0212,train
19,1,3,0227,train
19,1,3,0242,train
19,1,3,0246,validation
19,1,3,0248,train
19,1,3,0256,train
19,1,3,0262,validation
19,1,3,0268,train
19,1,3,0273,train
19,1,3,0278,train
19,1,3,0281,train
19,1,3,0287,train
19,1,3,0289,validation
19,1,3,0296,validation
19,1,3,0304,train
19,1,3,0306,train
19,1,3,0309,train
19,1,3,0311,train
19,1,3,0322,train
19,1,3,0323,train
19,1,3,0330,train
19,1,3,0346,train
19,1,3,0347,train
19,1,3,0376,train
19,1,3,0384,train
19,1,3,0399,validation
19,1,3,0406,train
19,1,3,0409,train
19,1,3,0412,validation
19,1,3,0427,train
19,1,3,0432,train
19,1,3,0459,train
19,1,3,0468,train
19,1,3,0546,train
19,1,4,0008,validation
19,1,4,0009,train
19,1,4,0014,train
19,1,4,0037,train
19,1,4,0038,train
19,1,4,0041,train
19,1,4,0046,validation
19,1,4,0053,train
19,1,4,0054,train
19,1,4,0063,train
19,1,4,0069,train
19,1,4,0079,train
19,1,4,0095,train
19,1,4,0112,train
19,1,4,0116,validation
19,1,4,0117,train
19,1,4,0118,train
19,1,4,0135,train
19,1,4,0139,train
19,1,4,0161,train
19,1,4,0170,train
19,1,4,0178,train
19,1,4,0212,train
19,1,4,0227,train
19,1,4,0242,train
19,1,4,0246,train
19,1,4,0248,train
19,1,4,0256,train
19,1,4,0262,train
19,1,4,0268,validation
19,1,4,0273,train
19,1,4,0278,train
19,1,4,0281,train
19,1,4,0287,validation
19,1,4,0289,train
19,1,4,0296,train
19,1,4,0304,validation
19,1,4,0306,train
19,1,4,0309,train
19,1,4,0311,validation
19,1,4,0322,train
19,1,4,0323,train
19,1,4,0330,train
19,1,4,0346,validation
19,1,4,0347,validation
19,1,4,0376,train
19,1,4,0384,train
19,1,4,0399,train
19,1,4,0406,validation
19,1,4,0409,train
19,1,4,0412,train
19,1,4,0427,train
19,1,4,0432,train
19,1,4,0459,train
19,1,4,0468,validation
19,1,4,0546,train
19,1,5,0008,train
19,1,5,0009,train
19,1,5,0014,train
19,1,5,0037,train
19,1,5,0038,train
19,1,5,0041,train
19,1,5,0046,train
19,1,5,0053,train
19,1,5,0054,train
19,1,5,0063,validation
19,1,5,0069,validation
19,1,5,0079,train
19,1,5,0095,train
19,1,5,0112,validation
19,1,5,0116,train
19,1,5,0117,validation
19,1,5,0118,train
19,1,5,0135,validation
19,1,5,0139,train
19,1,5,0161,train
19,1,5,0170,train
19,1,5,0178,train
19,1,5,0212,train
19,1,5,0227,train
19,1,5,0242,train
19,1,5,0246,train
19,1,5,0248,train
19,1,5,0256,train
19,1,5,0262,train
19,1,5,0268,train
19,1,5,0273,train
19,1,5,0278,validation
19,1,5,0281,train
19,1,5,0287,train
19,1,5,0289,train
19,1,5,0296,train
19,1,5,0304,train
19,1,5,0306,validation
19,1,5,0309,train
19,1,5,0311,train
19,1,5,0322,train
19,1,5,0323,validation
19,1,5,0330,validation
19,1,5,0346,train
19,1,5,0347,train
19,1,5,0376,train
19,1,5,0384,train
19,1,5,0399,train
19,1,5,0406,train
19,1,5,0409,train
19,1,5,0412,train
19,1,5,0427,train
19,1,5,0432,validation
19,1,5,0459,train
19,1,5,0468,train
19,1,5,0546,train
19,2,1,0003,train
19,2,1,0009,train
19,2,1,0014,train
19,2,1,0027,validation
19,2,1,0029,train
19,2,1,0033,train
19,2,1,0037,validation
19,2,1,0038,train
19,2,1,0041,train
19,2,1,0046,train
19,2,1,0053,validation
19,2,1,0063,validation
19,2,1,0069,train
19,2,1,0079,train
19,2,1,0089,train
19,2,1,0100,train
19,2,1,0106,train
19,2,1,0112,train
19,2,1,0116,train
19,2,1,0117,train
19,2,1,0118,train
19,2,1,0135,train
19,2,1,0139,train
19,2,1,0144,train
19,2,1,0153,train
19,2,1,0178,train
19,2,1,0202,train
19,2,1,0212,train
19,2,1,0227,train
19,2,1,0242,train
19,2,1,0256,validation
19,2,1,0262,train
19,2,1,0268,train
19,2,1,0273,train
19,2,1,0278,train
19,2,1,0283,validation
19,2,1,0296,train
19,2,1,0304,train
19,2,1,0306,validation
19,2,1,0309,train
19,2,1,0311,train
19,2,1,0322,train
19,2,1,0323,train
19,2,1,0330,train
19,2,1,0347,validation
19,2,1,0369,train
19,2,1,0370,train
19,2,1,0376,train
19,2,1,0379,validation
19,2,1,0384,train
19,2,1,0406,train
19,2,1,0412,validation
19,2,1,0432,train
19,2,1,0459,train
19,2,1,0468,validation
19,2,1,0498,validation
19,2,1,0546,train
19,2,2,0003,train
19,2,2,0009,train
19,2,2,0014,train
19,2,2,0027,train
19,2,2,0029,train
19,2,2,0033,train
19,2,2,0037,train
19,2,2,0038,train
19,2,2,0041,train
19,2,2,0046,train
19,2,2,0053,train
19,2,2,0063,train
19,2,2,0069,train
19,2,2,0079,train
19,2,2,0089,validation
19,2,2,0100,train
19,2,2,0106,validation
19,2,2,0112,train
19,2,2,0116,validation
19,2,2,0117,train
19,2,2,0118,train
19,2,2,0135,train
19,2,2,0139,train
19,2,2,0144,train
19,2,2,0153,validation
19,2,2,0178,train
19,2,2,0202,validation
19,2,2,0212,train
19,2,2,0227,validation
19,2,2,0242,train
19,2,2,0256,train
19,2,2,0262,validation
19,2,2,0268,train
19,2,2,0273,validation
19,2,2,0278,train
19,2,2,0283,train
19,2,2,0296,train
19,2,2,0304,validation
19,2,2,0306,train
19,2,2,0309,train
19,2,2,0311,train
19,2,2,0322,train
19,2,2,0323,train
19,2,2,0330,validation
19,2,2,0347,train
19,2,2,0369,train
19,2,2,0370,train
19,2,2,0376,train
19,2,2,0379,train
19,2,2,0384,train
19,2,2,0406,train
19,2,2,0412,train
19,2,2,0432,validation
19,2,2,0459,validation
19,2,2,0468,train
19,2,2,0498,train
19,2,2,0546,train
19,2,3,0003,validation
19,2,3,0009,validation
19,2,3,0014,train
19,2,3,0027,train
19,2,3,0029,train
19,2,3,0033,train
19,2,3,0037,train
19,2,3,0038,validation
19,2,3,0041,validation
19,2,3,0046,validation
19,2,3,0053,train
19,2,3,0063,train
19,2,3,0069,train
19,2,3,0079,train
19,2,3,0089,train
19,2,3,0100,validation
19,2,3,0106,train
19,2,3,0112,validation
19,2,3,0116,train
19,2,3,0117,train
19,2,3,0118,train
19,2,3,0135,validation
19,2,3,0139,train
19,2,3,0144,train
19,2,3,0153,train
19,2,3,0178,train
19,2,3,0202,train
19,2,3,0212,validation
19,2,3,0227,train
19,2,3,0242,train
19,2,3,0256,train
19,2,3,0262,train
19,2,3,0268,train
19,2,3,0273,train
19,2,3,0278,validation
19,2,3,0283,train
19,2,3,0296,train
19,2,3,0304,train
19,2,3,0306,train
19,2,3,0309,train
19,2,3,0311,train
19,2,3,0322,train
19,2,3,0323,train
19,2,3,0330,train
19,2,3,0347,train
19,2,3,0369,validation
19,2,3,0370,train
19,2,3,0376,train
19,2,3,0379,train
19,2,3,0384,train
19,2,3,0406,train
19,2,3,0412,train
19,2,3,0432,train
19,2,3,0459,train
19,2,3,0468,train
19,2,3,0498,train
19,2,3,0546,train
19,2,4,0003,train
19,2,4,0009,train
19,2,4,0014,train
19,2,4,0027,train
19,2,4,0029,validation
19,2,4,0033,train
19,2,4,0037,train
19,2,4,0038,train
19,2,4,0041,train
19,2,4,0046,train
19,2,4,0053,train
19,2,4,0063,train
19,2,4,0069,train
19,2,4,0079,validation
19,2,4,0089,train
19,2,4,0100,train
19,2,4,0106,train
19,2,4,0112,train
19,2,4,0116,train
19,2,4,0117,train
19,2,4,0118,train
19,2,4,0135,train
19,2,4,0139,validation
19,2,4,0144,train
19,2,4,0153,train
19,2,4,0178,validation
19,2,4,0202,train
19,2,4,0212,train
19,2,4,0227,train
19,2,4,0242,validation
19,2,4,0256,train
19,2,4,0262,train
19,2,4,0268,validation
19,2,4,0273,train
19,2,4,0278,train
19,2,4,0283,train
19,2,4,0296,validation
19,2,4,0304,train
19,2,4,0306,train
19,2,4,0309,validation
19,2,4,0311,train
19,2,4,0322,train
19,2,4,0323,validation
19,2,4,0330,train
19,2,4,0347,train
19,2,4,0369,train
19,2,4,0370,validation
19,2,4,0376,train
19,2,4,0379,train
19,2,4,0384,train
19,2,4,0406,validation
19,2,4,0412,train
19,2,4,0432,train
19,2,4,0459,train
19,2,4,0468,train
19,2,4,0498,train
19,2,4,0546,train
19,2,5,0003,train
19,2,5,0009,train
19,2,5,0014,validation
19,2,5,0027,train
19,2,5,0029,train
19,2,5,0033,validation
19,2,5,0037,train
19,2,5,0038,train
19,2,5,0041,train
19,2,5,0046,train
19,2,5,0053,train
19,2,5,0063,train
19,2,5,0069,validation
19,2,5,0079,train
19,2,5,0089,train
19,2,5,0100,train
19,2,5,0106,train
19,2,5,0112,train
19,2,5,0116,train
19,2,5,0117,validation
19,2,5,0118,validation
19,2,5,0135,train
19,2,5,0139,train
19,2,5,0144,validation
19,2,5,0153,train
19,2,5,0178,train
19,2,5,0202,train
19,2,5,0212,train
19,2,5,0227,train
19,2,5,0242,train
19,2,5,0256,train
19,2,5,0262,train
19,2,5,0268,train
19,2,5,0273,train
19,2,5,0278,train
19,2,5,0283,train
19,2,5,0296,train
19,2,5,0304,train
19,2,5,0306,train
19,2,5,0309,train
19,2,5,0311,validation
19,2,5,0322,validation
19,2,5,0323,train
19,2,5,0330,train
19,2,5,0347,train
19,2,5,0369,train
19,2,5,0370,train
19,2,5,0376,validation
19,2,5,0379,train
19,2,5,0384,validation
19,2,5,0406,train
19,2,5,0412,train
19,2,5,0432,train
19,2,5,0459,train
19,2,5,0468,train
19,2,5,0498,train
19,2,5,0546,validation
19,3,1,0003,train
19,3,1,0008,train
19,3,1,0014,validation
19,3,1,0027,train
19,3,1,0029,train
19,3,1,0033,train
19,3,1,0037,train
19,3,1,0038,validation
19,3,1,0041,train
19,3,1,0046,train
19,3,1,0054,train
19,3,1,0063,validation
19,3,1,0069,train
19,3,1,0089,train
19,3,1,0095,train
19,3,1,0100,train
19,3,1,0106,train
19,3,1,0112,validation
19,3,1,0116,train
19,3,1,0117,validation
19,3,1,0135,train
19,3,1,0139,train
19,3,1,0144,train
19,3,1,0153,train
19,3,1,0161,train
19,3,1,0170,train
19,3,1,0178,train
19,3,1,0202,validation
19,3,1,0212,train
19,3,1,0227,train
19,3,1,0242,train
19,3,1,0246,validation
19,3,1,0248,train
19,3,1,0256,validation
19,3,1,0273,train
19,3,1,0281,train
19,3,1,0283,train
19,3,1,0287,validation
19,3,1,0289,train
19,3,1,0296,train
19,3,1,0306,validation
19,3,1,0309,train
19,3,1,0311,train
19,3,1,0322,train
19,3,1,0323,train
19,3,1,0346,train
19,3,1,0369,train
19,3,1,0370,train
19,3,1,0376,validation
19,3,1,0379,train
19,3,1,0399,train
19,3,1,0406,train
19,3,1,0409,train
19,3,1,0427,train
19,3,1,0432,train
19,3,1,0498,validation
19,3,1,0546,train
19,3,2,0003,train
19,3,2,0008,validation
19,3,2,0014,train
19,3,2,0027,validation
19,3,2,0029,train
19,3,2,0033,train
19,3,2,0037,validation
19,3,2,0038,train
19,3,2,0041,train
19,3,2,0046,train
19,3,2,0054,validation
19,3,2,0063,train
19,3,2,0069,train
19,3,2,0089,validation
19,3,2,0095,train
19,3,2,0100,validation
19,3,2,0106,train
19,3,2,0112,train
19,3,2,0116,train
19,3,2,0117,train
19,3,2,0135,validation
19,3,2,0139,train
19,3,2,0144,train
19,3,2,0153,train
19,3,2,0161,train
19,3,2,0170,train
19,3,2,0178,train
19,3,2,0202,train
19,3,2,0212,train
19,3,2,0227,train
19,3,2,0242,validation
19,3,2,0246,train
19,3,2,0248,train
19,3,2,0256,train
19,3,2,0273,train
19,3,2,0281,train
19,3,2,0283,train
19,3,2,0287,train
19,3,2,0289,train
19,3,2,0296,train
19,3,2,0306,train
19,3,2,0309,train
19,3,2,0311,train
19,3,2,0322,train
19,3,2,0323,validation
19,3,2,0346,train
19,3,2,0369,validation
19,3,2,0370,train
19,3,2,0376,train
19,3,2,0379,validation
19,3,2,0399,train
19,3,2,0406,train
19,3,2,0409,train
19,3,2,0427,train
19,3,2,0432,train
19,3,2,0498,train
19,3,2,0546,validation
19,3,3,0003,train
19,3,3,0008,train
19,3,3,0014,train
19,3,3,0027,train
19,3,3,0029,train
19,3,3,0033,train
19,3,3,0037,train
19,3,3,0038,train
19,3,3,0041,train
19,3,3,0046,train
19,3,3,0054,train
19,3,3,0063,train
19,3,3,0069,train
19,3,3,0089,train
19,3,3,0095,train
19,3,3,0100,train
19,3,3,0106,validation
19,3,3,0112,train
19,3,3,0116,train
19,3,3,0117,train
19,3,3,0135,train
19,3,3,0139,train
19,3,3,0144,validation
19,3,3,0153,train
19,3,3,0161,validation
19,3,3,0170,validation
19,3,3,0178,validation
19,3,3,0202,train
19,3,3,0212,train
19,3,3,0227,train
19,3,3,0242,train
19,3,3,0246,train
19,3,3,0248,train
19,3,3,0256,train
19,3,3,0273,train
19,3,3,0281,train
19,3,3,0283,train
19,3,3,0287,train
19,3,3,0289,validation
19,3,3,0296,train
19,3,3,0306,train
19,3,3,0309,train
19,3,3,0311,validation
19,3,3,0322,train
19,3,3,0323,train
19,3,3,0346,train
19,3,3,0369,train
19,3,3,0370,train
19,3,3,0376,train
19,3,3,0379,train
19,3,3,0399,validation
19,3,3,0406,train
19,3,3,0409,validation
19,3,3,0427,validation
19,3,3,0432,validation
19,3,3,0498,train
19,3,3,0546,train
19,3,4,0003,validation
19,3,4,0008,train
19,3,4,0014,train
19,3,4,0027,train
19,3,4,0029,train
19,3,4,0033,train
19,3,4,0037,train
19,3,4,0038,train
19,3,4,0041,validation
19,3,4,0046,validation
19,3,4,0054,train
19,3,4,0063,train
19,3,4,0069,validation
19,3,4,0089,train
19,3,4,0095,train
19,3,4,0100,train
19,3,4,0106,train
19,3,4,0112,train
19,3,4,0116,train
19,3,4,0117,train
19,3,4,0135,train
19,3,4,0139,train
19,3,4,0144,train
19,3,4,0153,validation
19,3,4,0161,train
19,3,4,0170,train
19,3,4,0178,train
19,3,4,0202,train
19,3,4,0212,train
19,3,4,0227,train
19,3,4,0242,train
19,3,4,0246,train
19,3,4,0248,validation
19,3,4,0256,train
19,3,4,0273,validation
19,3,4,0281,validation
19,3,4,0283,train
19,3,4,0287,train
19,3,4,0289,train
19,3,4,0296,train
19,3,4,0306,train
19,3,4,0309,validation
19,3,4,0311,train
19,3,4,0322,train
19,3,4,0323,train
19,3,4,0346,validation
19,3,4,0369,train
19,3,4,0370,train
19,3,4,0376,train
19,3,4,0379,train
19,3,4,0399,train
19,3,4,0406,validation
19,3,4,0409,train
19,3,4,0427,train
19,3,4,0432,train
19,3,4,0498,train
19,3,4,0546,train
19,3,5,0003,train
19,3,5,0008,train
19,3,5,0014,train
19,3,5,0027,train
19,3,5,0029,validation
19,3,5,0033,validation
19,3,5,0037,train
19,3,5,0038,train
19,3,5,0041,train
19,3,5,0046,train
19,3,5,0054,train
19,3,5,0063,train
19,3,5,0069,train
19,3,5,0089,train
19,3,5,0095,validation
19,3,5,0100,train
19,3,5,0106,train
19,3,5,0112,train
19,3,5,0116,validation
19,3,5,0117,train
19,3,5,0135,train
19,3,5,0139,validation
19,3,5,0144,train
19,3,5,0153,train
19,3,5,0161,train
19,3,5,0170,train
19,3,5,0178,train
19,3,5,0202,train
19,3,5,0212,validation
19,3,5,0227,validation
19,3,5,0242,train
19,3,5,0246,train
19,3,5,0248,train
19,3,5,0256,train
19,3,5,0273,train
19,3,5,0281,train
19,3,5,0283,validation
19,3,5,0287,train
19,3,5,0289,train
19,3,5,0296,validation
19,3,5,0306,train
19,3,5,0309,train
19,3,5,0311,train
19,3,5,0322,validation
19,3,5,0323,train
19,3,5,0346,train
19,3,5,0369,train
19,3,5,0370,validation
19,3,5,0376,train
19,3,5,0379,train
19,3,5,0399,train
19,3,5,0406,train
19,3,5,0409,train
19,3,5,0427,train
19,3,5,0432,train
19,3,5,0498,train
19,3,5,0546,train
19,4,1,0003,train
19,4,1,0008,train
19,4,1,0009,train
19,4,1,0014,train
19,4,1,0027,train
19,4,1,0029,train
19,4,1,0033,validation
19,4,1,0038,train
19,4,1,0046,train
19,4,1,0053,train
19,4,1,0054,train
19,4,1,0063,train
19,4,1,0079,train
19,4,1,0089,train
19,4,1,0095,validation
19,4,1,0100,train
19,4,1,0106,train
19,4,1,0117,train
19,4,1,0118,train
19,4,1,0144,train
19,4,1,0153,train
19,4,1,0161,train
19,4,1,0170,train
19,4,1,0178,train
19,4,1,0202,validation
19,4,1,0212,train
19,4,1,0242,train
19,4,1,0246,train
19,4,1,0248,train
19,4,1,0256,train
19,4,1,0262,validation
19,4,1,0268,train
19,4,1,0278,train
19,4,1,0281,validation
19,4,1,0283,train
19,4,1,0287,validation
19,4,1,0289,train
19,4,1,0304,validation
19,4,1,0306,validation
19,4,1,0322,validation
19,4,1,0323,train
19,4,1,0330,validation
19,4,1,0346,validation
19,4,1,0347,train
19,4,1,0369,train
19,4,1,0370,train
19,4,1,0376,validation
19,4,1,0379,train
19,4,1,0384,train
19,4,1,0399,train
19,4,1,0409,train
19,4,1,0412,train
19,4,1,0427,train
19,4,1,0459,train
19,4,1,0468,train
19,4,1,0498,train
19,4,1,0546,train
19,4,2,0003,train
19,4,2,0008,train
19,4,2,0009,train
19,4,2,0014,train
19,4,2,0027,train
19,4,2,0029,validation
19,4,2,0033,train
19,4,2,0038,train
19,4,2,0046,validation
19,4,2,0053,train
19,4,2,0054,train
19,4,2,0063,train
19,4,2,0079,validation
19,4,2,0089,train
19,4,2,0095,train
19,4,2,0100,train
19,4,2,0106,validation
19,4,2,0117,train
19,4,2,0118,train
19,4,2,0144,train
19,4,2,0153,train
19,4,2,0161,train
19,4,2,0170,train
19,4,2,0178,train
19,4,2,0202,train
19,4,2,0212,validation
19,4,2,0242,validation
19,4,2,0246,train
19,4,2,0248,train
19,4,2,0256,validation
19,4,2,0262,train
19,4,2,0268,validation
19,4,2,0278,train
19,4,2,0281,train
19,4,2,0283,validation
19,4,2,0287,train
19,4,2,0289,train
19,4,2,0304,train
19,4,2,0306,train
19,4,2,0322,train
19,4,2,0323,validation
19,4,2,0330,train
19,4,2,0346,train
19,4,2,0347,train
19,4,2,0369,train
19,4,2,0370,train
19,4,2,0376,train
19,4,2,0379,train
19,4,2,0384,validation
19,4,2,0399,train
19,4,2,0409,validation
19,4,2,0412,train
19,4,2,0427,train
19,4,2,0459,train
19,4,2,0468,train
19,4,2,0498,train
19,4,2,0546,train
19,4,3,0003,train
19,4,3,0008,train
19,4,3,0009,train
19,4,3,0014,train
19,4,3,0027,train
19,4,3,0029,train
19,4,3,0033,train
19,4,3,0038,validation
19,4,3,0046,train
19,4,3,0053,train
19,4,3,0054,validation
19,4,3,0063,train
19,4,3,0079,train
19,4,3,0089,validation
19,4,3,0095,train
19,4,3,0100,train
19,4,3,0106,train
19,4,3,0117,validation
19,4,3,0118,validation
19,4,3,0144,validation
19,4,3,0153,validation
19,4,3,0161,train
19,4,3,0170,train
19,4,3,0178,train
19,4,3,0202,train
19,4,3,0212,train
19,4,3,0242,train
19,4,3,0246,train
19,4,3,0248,train
19,4,3,0256,train
19,4,3,0262,train
19,4,3,0268,train
19,4,3,0278,validation
19,4,3,0281,train
19,4,3,0283,train
19,4,3,0287,train
19,4,3,0289,train
19,4,3,0304,train
19,4,3,0306,train
19,4,3,0322,train
19,4,3,0323,train
19,4,3,0330,train
19,4,3,0346,train
19,4,3,0347,train
19,4,3,0369,train
19,4,3,0370,train
19,4,3,0376,train
19,4,3,0379,train
19,4,3,0384,train
19,4,3,0399,train
19,4,3,0409,train
19,4,3,0412,train
19,4,3,0427,validation
19,4,3,0459,train
19,4,3,0468,validation
19,4,3,0498,validation
19,4,3,0546,train
19,4,4,0003,train
19,4,4,0008,validation
19,4,4,0009,train
19,4,4,0014,train
19,4,4,0027,validation
19,4,4,0029,train
19,4,4,0033,train
19,4,4,0038,train
19,4,4,0046,train
19,4,4,0053,validation
19,4,4,0054,train
19,4,4,0063,train
19,4,4,0079,train
19,4,4,0089,train
19,4,4,0095,train
19,4,4,0100,validation
19,4,4,0106,train
19,4,4,0117,train
19,4,4,0118,train
19,4,4,0144,train
19,4,4,0153,train
19,4,4,0161,validation
19,4,4,0170,validation
19,4,4,0178,train
19,4,4,0202,train
19,4,4,0212,train
19,4,4,0242,train
19,4,4,0246,train
19,4,4,0248,train
19,4,4,0256,train
19,4,4,0262,train
19,4,4,0268,train
19,4,4,0278,train
19,4,4,0281,train
19,4,4,0283,train
19,4,4,0287,train
19,4,4,0289,train
19,4,4,0304,train
19,4,4,0306,train
19,4,4,0322,train
19,4,4,0323,train
19,4,4,0330,train
19,4,4,0346,train
19,4,4,0347,validation
19,4,4,0369,train
19,4,4,0370,validation
19,4,4,0376,train
19,4,4,0379,train
19,4,4,0384,train
19,4,4,0399,validation
19,4,4,0409,train
19,4,4,0412,validation
19,4,4,0427,train
19,4,4,0459,validation
19,4,4,0468,train
19,4,4,0498,train
19,4,4,0546,train
19,4,5,0003,validation
19,4,5,0008,train
19,4,5,0009,validation
19,4,5,0014,validation
19,4,5,0027,train
19,4,5,0029,train
19,4,5,0033,train
19,4,5,0038,train
19,4,5,0046,train
19,4,5,0053,train
19,4,5,0054,train
19,4,5,0063,validation
19,4,5,0079,train
19,4,5,0089,train
19,4,5,0095,train
19,4,5,0100,train
19,4,5,0106,train
19,4,5,0117,train
19,4,5,0118,train
19,4,5,0144,train
19,4,5,0153,train
19,4,5,0161,train
19,4,5,0170,train
19,4,5,0178,validation
19,4,5,0202,train
19,4,5,0212,train
19,4,5,0242,train
19,4,5,0246,validation
19,4,5,0248,validation
19,4,5,0256,train
19,4,5,0262,train
19,4,5,0268,train
19,4,5,0278,train
19,4,5,0281,train
19,4,5,0283,train
19,4,5,0287,train
19,4,5,0289,validation
19,4,5,0304,train
19,4,5,0306,train
19,4,5,0322,train
19,4,5,0323,train
19,4,5,0330,train
19,4,5,0346,train
19,4,5,0347,train
19,4,5,0369,validation
19,4,5,0370,train
19,4,5,0376,train
19,4,5,0379,validation
19,4,5,0384,train
19,4,5,0399,train
19,4,5,0409,train
19,4,5,0412,train
19,4,5,0427,train
19,4,5,0459,train
19,4,5,0468,train
19,4,5,0498,train
19,4,5,0546,validation
19,5,1,0003,train
19,5,1,0008,train
19,5,1,0009,train
19,5,1,0027,train
19,5,1,0029,train
19,5,1,0033,train
19,5,1,0037,train
19,5,1,0041,validation
19,5,1,0053,train
19,5,1,0054,train
19,5,1,0069,train
19,5,1,0079,train
19,5,1,0089,validation
19,5,1,0095,train
19,5,1,0100,train
19,5,1,0106,train
19,5,1,0112,train
19,5,1,0116,train
19,5,1,0118,train
19,5,1,0135,train
19,5,1,0139,train
19,5,1,0144,train
19,5,1,0153,validation
19,5,1,0161,train
19,5,1,0170,train
19,5,1,0202,train
19,5,1,0227,train
19,5,1,0246,train
19,5,1,0248,train
19,5,1,0262,train
19,5,1,0268,train
19,5,1,0273,train
19,5,1,0278,validation
19,5,1,0281,validation
19,5,1,0283,train
19,5,1,0287,train
19,5,1,0289,validation
19,5,1,0296,train
19,5,1,0304,validation
19,5,1,0309,validation
19,5,1,0311,train
19,5,1,0330,train
19,5,1,0346,validation
19,5,1,0347,train
19,5,1,0369,train
19,5,1,0370,train
19,5,1,0379,validation
19,5,1,0384,train
19,5,1,0399,validation
19,5,1,0406,validation
19,5,1,0409,train
19,5,1,0412,train
19,5,1,0427,train
19,5,1,0432,train
19,5,1,0459,train
19,5,1,0468,train
19,5,1,0498,train
19,5,2,0003,train
19,5,2,0008,train
19,5,2,0009,train
19,5,2,0027,train
19,5,2,0029,train
19,5,2,0033,validation
19,5,2,0037,train
19,5,2,0041,train
19,5,2,0053,train
19,5,2,0054,train
19,5,2,0069,train
19,5,2,0079,train
19,5,2,0089,train
19,5,2,0095,validation
19,5,2,0100,train
19,5,2,0106,validation
19,5,2,0112,validation
19,5,2,0116,validation
19,5,2,0118,train
19,5,2,0135,validation
19,5,2,0139,train
19,5,2,0144,train
19,5,2,0153,train
19,5,2,0161,train
19,5,2,0170,train
19,5,2,0202,train
19,5,2,0227,train
19,5,2,0246,train
19,5,2,0248,train
19,5,2,0262,train
19,5,2,0268,validation
19,5,2,0273,train
19,5,2,0278,train
19,5,2,0281,train
19,5,2,0283,validation
19,5,2,0287,train
19,5,2,0289,train
19,5,2,0296,validation
19,5,2,0304,train
19,5,2,0309,train
19,5,2,0311,train
19,5,2,0330,train
19,5,2,0346,train
19,5,2,0347,validation
19,5,2,0369,validation
19,5,2,0370,train
19,5,2,0379,train
19,5,2,0384,validation
19,5,2,0399,train
19,5,2,0406,train
19,5,2,0409,train
19,5,2,0412,train
19,5,2,0427,train
19,5,2,0432,train
19,5,2,0459,train
19,5,2,0468,train
19,5,2,0498,train
19,5,3,0003,train
19,5,3,0008,train
19,5,3,0009,train
19,5,3,0027,validation
19,5,3,0029,validation
19,5,3,0033,train
19,5,3,0037,train
19,5,3,0041,train
19,5,3,0053,train
19,5,3,0054,validation
19,5,3,0069,train
19,5,3,0079,train
19,5,3,0089,train
19,5,3,0095,train
19,5,3,0100,train
19,5,3,0106,train
19,5,3,0112,train
19,5,3,0116,train
19,5,3,0118,validation
19,5,3,0135,train
19,5,3,0139,train
19,5,3,0144,train
19,5,3,0153,train
19,5,3,0161,validation
19,5,3,0170,train
19,5,3,0202,validation
19,5,3,0227,validation
19,5,3,0246,train
19,5,3,0248,validation
19,5,3,0262,train
19,5,3,0268,train
19,5,3,0273,train
19,5,3,0278,train
19,5,3,0281,train
19,5,3,0283,train
19,5,3,0287,train
19,5,3,0289,train
19,5,3,0296,train
19,5,3,0304,train
19,5,3,0309,train
19,5,3,0311,validation
19,5,3,0330,train
19,5,3,0346,train
19,5,3,0347,train
19,5,3,0369,train
19,5,3,0370,train
19,5,3,0379,train
19,5,3,0384,train
19,5,3,0399,train
19,5,3,0406,train
19,5,3,0409,train
19,5,3,0412,train
19,5,3,0427,validation
19,5,3,0432,validation
19,5,3,0459,train
19,5,3,0468,train
19,5,3,0498,train
19,5,4,0003,train
19,5,4,0008,train
19,5,4,0009,validation
19,5,4,0027,train
19,5,4,0029,train
19,5,4,0033,train
19,5,4,0037,train
19,5,4,0041,train
19,5,4,0053,validation
19,5,4,0054,train
19,5,4,0069,train
19,5,4,0079,train
19,5,4,0089,train
19,5,4,0095,train
19,5,4,0100,train
19,5,4,0106,train
19,5,4,0112,train
19,5,4,0116,train
19,5,4,0118,train
19,5,4,0135,train
19,5,4,0139,validation
19,5,4,0144,train
19,5,4,0153,train
19,5,4,0161,train
19,5,4,0170,validation
19,5,4,0202,train
19,5,4,0227,train
19,5,4,0246,validation
19,5,4,0248,train
19,5,4,0262,train
19,5,4,0268,train
19,5,4,0273,validation
19,5,4,0278,train
19,5,4,0281,train
19,5,4,0283,train
19,5,4,0287,validation
19,5,4,0289,train
19,5,4,0296,train
19,5,4,0304,train
19,5,4,0309,train
19,5,4,0311,train
19,5,4,0330,train
19,5,4,0346,train
19,5,4,0347,train
19,5,4,0369,train
19,5,4,0370,validation
19,5,4,0379,train
19,5,4,0384,train
19,5,4,0399,train
19,5,4,0406,train
19,5,4,0409,train
19,5,4,0412,validation
19,5,4,0427,train
19,5,4,0432,train
19,5,4,0459,train
19,5,4,0468,validation
19,5,4,0498,validation
19,5,5,0003,validation
19,5,5,0008,validation
19,5,5,0009,train
19,5,5,0027,train
19,5,5,0029,train
19,5,5,0033,train
19,5,5,0037,validation
19,5,5,0041,train
19,5,5,0053,train
19,5,5,0054,train
19,5,5,0069,validation
19,5,5,0079,validation
19,5,5,0089,train
19,5,5,0095,train
19,5,5,0100,validation
19,5,5,0106,train
19,5,5,0112,train
19,5,5,0116,train
19,5,5,0118,train
19,5,5,0135,train
19,5,5,0139,train
19,5,5,0144,validation
19,5,5,0153,train
19,5,5,0161,train
19,5,5,0170,train
19,5,5,0202,train
19,5,5,0227,train
19,5,5,0246,train
19,5,5,0248,train
19,5,5,0262,validation
19,5,5,0268,train
19,5,5,0273,train
19,5,5,0278,train
19,5,5,0281,train
19,5,5,0283,train
19,5,5,0287,train
19,5,5,0289,train
19,5,5,0296,train
19,5,5,0304,train
19,5,5,0309,train
19,5,5,0311,train
19,5,5,0330,validation
19,5,5,0346,train
19,5,5,0347,train
19,5,5,0369,train
19,5,5,0370,train
19,5,5,0379,train
19,5,5,0384,train
19,5,5,0399,train
19,5,5,0406,train
19,5,5,0409,validation
19,5,5,0412,train
19,5,5,0427,train
19,5,5,0432,train
19,5,5,0459,validation
19,5,5,0468,train
19,5,5,0498,train
20,1,1,0003,train
20,1,1,0009,train
20,1,1,0014,train
20,1,1,0029,validation
20,1,1,0033,validation
20,1,1,0037,train
20,1,1,0038,train
20,1,1,0041,validation
20,1,1,0046,validation
20,1,1,0054,train
20,1,1,0069,train
20,1,1,0079,train
20,1,1,0089,validation
20,1,1,0095,train
20,1,1,0112,train
20,1,1,0116,train
20,1,1,0117,validation
20,1,1,0118,train
20,1,1,0135,train
20,1,1,0139,train
20,1,1,0153,train
20,1,1,0161,train
20,1,1,0170,train
20,1,1,0178,train
20,1,1,0202,train
20,1,1,0212,validation
20,1,1,0227,train
20,1,1,0242,train
20,1,1,0248,validation
20,1,1,0256,train
20,1,1,0262,train
20,1,1,0268,train
20,1,1,0278,train
20,1,1,0283,train
20,1,1,0287,train
20,1,1,0289,validation
20,1,1,0296,validation
20,1,1,0306,train
20,1,1,0309,train
20,1,1,0322,validation
20,1,1,0323,train
20,1,1,0330,train
20,1,1,0346,train
20,1,1,0347,train
20,1,1,0369,train
20,1,1,0376,train
20,1,1,0379,train
20,1,1,0384,train
20,1,1,0399,train
20,1,1,0406,train
20,1,1,0412,train
20,1,1,0432,train
20,1,1,0459,train
20,1,1,0468,train
20,1,1,0498,validation
20,1,1,0546,train
20,1,2,0003,validation
20,1,2,0009,validation
20,1,2,0014,validation
20,1,2,0029,train
20,1,2,0033,train
20,1,2,0037,train
20,1,2,0038,train
20,1,2,0041,train
20,1,2,0046,train
20,1,2,0054,train
20,1,2,0069,validation
20,1,2,0079,train
20,1,2,0089,train
20,1,2,0095,train
20,1,2,0112,validation
20,1,2,0116,train
20,1,2,0117,train
20,1,2,0118,validation
20,1,2,0135,train
20,1,2,0139,validation
20,1,2,0153,train
20,1,2,0161,train
20,1,2,0170,train
20,1,2,0178,train
20,1,2,0202,train
20,1,2,0212,train
20,1,2,0227,validation
20,1,2,0242,train
20,1,2,0248,train
20,1,2,0256,validation
20,1,2,0262,validation
20,1,2,0268,train
20,1,2,0278,train
20,1,2,0283,train
20,1,2,0287,train
20,1,2,0289,train
20,1,2,0296,train
20,1,2,0306,train
20,1,2,0309,train
20,1,2,0322,train
20,1,2,0323,validation
20,1,2,0330,train
20,1,2,0346,train
20,1,2,0347,train
20,1,2,0369,train
20,1,2,0376,train
20,1,2,0379,train
20,1,2,0384,validation
20,1,2,0399,train
20,1,2,0406,train
20,1,2,0412,train
20,1,2,0432,train
20,1,2,0459,train
20,1,2,0468,train
20,1,2,0498,train
20,1,2,0546,train
20,1,3,0003,train
20,1,3,0009,train
20,1,3,0014,train
20,1,3,0029,train
20,1,3,0033,train
20,1,3,0037,train
20,1,3,0038,train
20,1,3,0041,train
20,1,3,0046,train
20,1,3,0054,train
20,1,3,0069,train
20,1,3,0079,train
20,1,3,0089,train
20,1,3,0095,validation
20,1,3,0112,train
20,1,3,0116,train
20,1,3,0117,train
20,1,3,0118,train
20,1,3,0135,train
20,1,3,0139,train
20,1,3,0153,validation
20,1,3,0161,train
20,1,3,0170,validation
20,1,3,0178,validation
20,1,3,0202,train
20,1,3,0212,train
20,1,3,0227,train
20,1,3,0242,validation
20,1,3,0248,train
20,1,3,0256,train
20,1,3,0262,train
20,1,3,0268,train
20,1,3,0278,train
20,1,3,0283,train
20,1,3,0287,validation
20,1,3,0289,train
20,1,3,0296,train
20,1,3,0306,train
20,1,3,0309,validation
20,1,3,0322,train
20,1,3,0323,train
20,1,3,0330,train
20,1,3,0346,train
20,1,3,0347,validation
20,1,3,0369,validation
20,1,3,0376,validation
20,1,3,0379,train
20,1,3,0384,train
20,1,3,0399,train
20,1,3,0406,train
20,1,3,0412,train
20,1,3,0432,validation
20,1,3,0459,train
20,1,3,0468,train
20,1,3,0498,train
20,1,3,0546,train
20,1,4,0003,train
20,1,4,0009,train
20,1,4,0014,train
20,1,4,0029,train
20,1,4,0033,train
20,1,4,0037,train
20,1,4,0038,train
20,1,4,0041,train
20,1,4,0046,train
20,1,4,0054,train
20,1,4,0069,train
20,1,4,0079,validation
20,1,4,0089,train
20,1,4,0095,train
20,1,4,0112,train
20,1,4,0116,validation
20,1,4,0117,train
20,1,4,0118,train
20,1,4,0135,train
20,1,4,0139,train
20,1,4,0153,train
20,1,4,0161,validation
20,1,4,0170,train
20,1,4,0178,train
20,1,4,0202,validation
20,1,4,0212,train
20,1,4,0227,train
20,1,4,0242,train
20,1,4,0248,train
20,1,4,0256,train
20,1,4,0262,train
20,1,4,0268,train
20,1,4,0278,train
20,1,4,0283,validation
20,1,4,0287,train
20,1,4,0289,train
20,1,4,0296,train
20,1,4,0306,train
20,1,4,0309,train
20,1,4,0322,train
20,1,4,0323,train
20,1,4,0330,validation
20,1,4,0346,validation
20,1,4,0347,train
20,1,4,0369,train
20,1,4,0376,train
20,1,4,0379,validation
20,1,4,0384,train
20,1,4,0399,validation
20,1,4,0406,validation
20,1,4,0412,train
20,1,4,0432,train
20,1,4,0459,train
20,1,4,0468,train
20,1,4,0498,train
20,1,4,0546,validation
20,1,5,0003,train
20,1,5,0009,train
20,1,5,0014,train
20,1,5,0029,train
20,1,5,0033,train
20,1,5,0037,validation
20,1,5,0038,validation
20,1,5,0041,train
20,1,5,0046,train
20,1,5,0054,validation
20,1,5,0069,train
20,1,5,0079,train
20,1,5,0089,train
20,1,5,0095,train
20,1,5,0112,train
20,1,5,0116,train
20,1,5,0117,train
20,1,5,0118,train
20,1,5,0135,validation
20,1,5,0139,train
20,1,5,0153,train
20,1,5,0161,train
20,1,5,0170,train
20,1,5,0178,train
20,1,5,0202,train
20,1,5,0212,train
20,1,5,0227,train
20,1,5,0242,train
20,1,5,0248,train
20,1,5,0256,train
20,1,5,0262,train
20,1,5,0268,validation
20,1,5,0278,validation
20,1,5,0283,train
20,1,5,0287,train
20,1,5,0289,train
20,1,5,0296,train
20,1,5,0306,validation
20,1,5,0309,train
20,1,5,0322,train
20,1,5,0323,train
20,1,5,0330,train
20,1,5,0346,train
20,1,5,0347,train
20,1,5,0369,train
20,1,5,0376,train
20,1,5,0379,train
20,1,5,0384,train
20,1,5,0399,train
20,1,5,0406,train
20,1,5,0412,validation
20,1,5,0432,train
20,1,5,0459,validation
20,1,5,0468,validation
20,1,5,0498,train
20,1,5,0546,train
20,2,1,0003,train
20,2,1,0008,train
20,2,1,0009,validation
20,2,1,0014,train
20,2,1,0027,train
20,2,1,0033,train
20,2,1,0037,train
20,2,1,0038,train
20,2,1,0041,validation
20,2,1,0046,train
20,2,1,0053,train
20,2,1,0063,train
20,2,1,0069,validation
20,2,1,0079,validation
20,2,1,0089,train
20,2,1,0100,train
20,2,1,0106,validation
20,2,1,0112,validation
20,2,1,0116,train
20,2,1,0117,train
20,2,1,0118,train
20,2,1,0139,validation
20,2,1,0144,train
20,2,1,0153,validation
20,2,1,0161,train
20,2,1,0178,train
20,2,1,0202,train
20,2,1,0212,train
20,2,1,0227,train
20,2,1,0242,train
20,2,1,0246,train
20,2,1,0248,train
20,2,1,0256,train
20,2,1,0268,train
20,2,1,0273,validation
20,2,1,0278,train
20,2,1,0281,train
20,2,1,0287,train
20,2,1,0289,validation
20,2,1,0296,train
20,2,1,0304,train
20,2,1,0306,train
20,2,1,0309,train
20,2,1,0311,train
20,2,1,0322,validation
20,2,1,0323,train
20,2,1,0330,train
20,2,1,0346,train
20,2,1,0347,train
20,2,1,0369,train
20,2,1,0370,validation
20,2,1,0384,train
20,2,1,0399,train
20,2,1,0409,train
20,2,1,0427,train
20,2,1,0432,train
20,2,1,0498,train
20,2,2,0003,validation
20,2,2,0008,train
20,2,2,0009,train
20,2,2,0014,validation
20,2,2,0027,train
20,2,2,0033,train
20,2,2,0037,train
20,2,2,0038,train
20,2,2,0041,train
20,2,2,0046,validation
20,2,2,0053,train
20,2,2,0063,validation
20,2,2,0069,train
20,2,2,0079,train
20,2,2,0089,train
20,2,2,0100,train
20,2,2,0106,train
20,2,2,0112,train
20,2,2,0116,train
20,2,2,0117,validation
20,2,2,0118,train
20,2,2,0139,train
20,2,2,0144,train
20,2,2,0153,train
20,2,2,0161,train
20,2,2,0178,train
20,2,2,0202,train
20,2,2,0212,train
20,2,2,0227,validation
20,2,2,0242,train
20,2,2,0246,train
20,2,2,0248,validation
20,2,2,0256,train
20,2,2,0268,validation
20,2,2,0273,train
20,2,2,0278,train
20,2,2,0281,train
20,2,2,0287,validation
20,2,2,0289,train
20,2,2,0296,train
20,2,2,0304,train
20,2,2,0306,train
20,2,2,0309,validation
20,2,2,0311,train
20,2,2,0322,train
20,2,2,0323,train
20,2,2,0330,train
20,2,2,0346,train
20,2,2,0347,train
20,2,2,0369,validation
20,2,2,0370,train
20,2,2,0384,train
20,2,2,0399,train
20,2,2,0409,train
20,2,2,0427,train
20,2,2,0432,validation
20,2,2,0498,train
20,2,3,0003,train
20,2,3,0008,validation
20,2,3,0009,train
20,2,3,0014,train
20,2,3,0027,train
20,2,3,0033,train
20,2,3,0037,train
20,2,3,0038,train
20,2,3,0041,train
20,2,3,0046,train
20,2,3,0053,train
20,2,3,0063,train
20,2,3,0069,train
20,2,3,0079,train
20,2,3,0089,train
20,2,3,0100,train
20,2,3,0106,train
20,2,3,0112,train
20,2,3,0116,validation
20,2,3,0117,train
20,2,3,0118,train
20,2,3,0139,train
20,2,3,0144,train
20,2,3,0153,train
20,2,3,0161,validation
20,2,3,0178,validation
20,2,3,0202,validation
20,2,3,0212,validation
20,2,3,0227,train
20,2,3,0242,train
20,2,3,0246,train
20,2,3,0248,train
20,2,3,0256,train
20,2,3,0268,train
20,2,3,0273,train
20,2,3,0278,train
20,2,3,0281,train
20,2,3,0287,train
20,2,3,0289,train
20,2,3,0296,validation
20,2,3,0304,train
20,2,3,0306,train
20,2,3,0309,train
20,2,3,0311,train
20,2,3,0322,train
20,2,3,0323,validation
20,2,3,0330,train
20,2,3,0346,train
20,2,3,0347,validation
20,2,3,0369,train
20,2,3,0370,train
20,2,3,0384,train
20,2,3,0399,train
20,2,3,0409,validation
20,2,3,0427,validation
20,2,3,0432,train
20,2,3,0498,train
20,2,4,0003,train
20,2,4,0008,train
20,2,4,0009,train
20,2,4,0014,train
20,2,4,0027,train
20,2,4,0033,train
20,2,4,0037,validation
20,2,4,0038,train
20,2,4,0041,train
20,2,4,0046,train
20,2,4,0053,train
20,2,4,0063,train
20,2,4,0069,train
20,2,4,0079,train
20,2,4,0089,train
20,2,4,0100,train
20,2,4,0106,train
20,2,4,0112,train
20,2,4,0116,train
20,2,4,0117,train
20,2,4,0118,validation
20,2,4,0139,train
20,2,4,0144,validation
20,2,4,0153,train
20,2,4,0161,train
20,2,4,0178,train
20,2,4,0202,train
20,2,4,0212,train
20,2,4,0227,train
20,2,4,0242,validation
20,2,4,0246,validation
20,2,4,0248,train
20,2,4,0256,validation
20,2,4,0268,train
20,2,4,0273,train
20,2,4,0278,validation
20,2,4,0281,train
20,2,4,0287,train
20,2,4,0289,train
20,2,4,0296,train
20,2,4,0304,train
20,2,4,0306,validation
20,2,4,0309,train
20,2,4,0311,train
20,2,4,0322,train
20,2,4,0323,train
20,2,4,0330,validation
20,2,4,0346,validation
20,2,4,0347,train
20,2,4,0369,train
20,2,4,0370,train
20,2,4,0384,train
20,2,4,0399,validation
20,2,4,0409,train
20,2,4,0427,train
20,2,4,0432,train
20,2,4,0498,train
20,2,5,0003,train
20,2,5,0008,train
20,2,5,0009,train
20,2,5,0014,train
20,2,5,0027,validation
20,2,5,0033,validation
20,2,5,0037,train
20,2,5,0038,validation
20,2,5,0041,train
20,2,5,0046,train
20,2,5,0053,validation
20,2,5,0063,train
20,2,5,0069,train
20,2,5,0079,train
20,2,5,0089,validation
20,2,5,0100,validation
20,2,5,0106,train
20,2,5,0112,train
20,2,5,0116,train
20,2,5,0117,train
20,2,5,0118,train
20,2,5,0139,train
20,2,5,0144,train
20,2,5,0153,train
20,2,5,0161,train
20,2,5,0178,train
20,2,5,0202,train
20,2,5,0212,train
20,2,5,0227,train
20,2,5,0242,train
20,2,5,0246,train
20,2,5,0248,train
20,2,5,0256,train
20,2,5,0268,train
20,2,5,0273,train
20,2,5,0278,train
20,2,5,0281,validation
20,2,5,0287,train
20,2,5,0289,train
20,2,5,0296,train
20,2,5,0304,validation
20,2,5,0306,train
20,2,5,0309,train
20,2,5,0311,validation
20,2,5,0322,train
20,2,5,0323,train
20,2,5,0330,train
20,2,5,0346,train
20,2,5,0347,train
20,2,5,0369,train
20,2,5,0370,train
20,2,5,0384,validation
20,2,5,0399,train
20,2,5,0409,train
20,2,5,0427,train
20,2,5,0432,train
20,2,5,0498,validation
20,3,1,0008,train
20,3,1,0009,train
20,3,1,0014,validation
20,3,1,0027,train
20,3,1,0029,train
20,3,1,0033,train
20,3,1,0037,train
20,3,1,0046,train
20,3,1,0053,train
20,3,1,0054,train
20,3,1,0063,validation
20,3,1,0069,train
20,3,1,0079,train
20,3,1,0089,train
20,3,1,0095,train
20,3,1,0100,train
20,3,1,0106,train
20,3,1,0117,validation
20,3,1,0135,train
20,3,1,0139,train
20,3,1,0144,train
20,3,1,0153,train
20,3,1,0170,validation
20,3,1,0202,train
20,3,1,0212,validation
20,3,1,0227,train
20,3,1,0246,train
20,3,1,0248,train
20,3,1,0262,train
20,3,1,0268,train
20,3,1,0273,train
20,3,1,0278,train
20,3,1,0281,validation
20,3,1,0283,train
20,3,1,0287,train
20,3,1,0289,train
20,3,1,0296,train
20,3,1,0304,train
20,3,1,0309,train
20,3,1,0311,train
20,3,1,0322,validation
20,3,1,0323,train
20,3,1,0330,train
20,3,1,0369,train
20,3,1,0370,train
20,3,1,0376,train
20,3,1,0379,validation
20,3,1,0384,validation
20,3,1,0399,train
20,3,1,0406,train
20,3,1,0409,train
20,3,1,0412,train
20,3,1,0427,validation
20,3,1,0459,validation
20,3,1,0468,train
20,3,1,0498,train
20,3,1,0546,validation
20,3,2,0008,validation
20,3,2,0009,train
20,3,2,0014,train
20,3,2,0027,train
20,3,2,0029,train
20,3,2,0033,train
20,3,2,0037,train
20,3,2,0046,train
20,3,2,0053,train
20,3,2,0054,validation
20,3,2,0063,train
20,3,2,0069,train
20,3,2,0079,train
20,3,2,0089,train
20,3,2,0095,validation
20,3,2,0100,train
20,3,2,0106,validation
20,3,2,0117,train
20,3,2,0135,validation
20,3,2,0139,train
20,3,2,0144,train
20,3,2,0153,validation
20,3,2,0170,train
20,3,2,0202,train
20,3,2,0212,train
20,3,2,0227,train
20,3,2,0246,train
20,3,2,0248,train
20,3,2,0262,validation
20,3,2,0268,validation
20,3,2,0273,train
20,3,2,0278,train
20,3,2,0281,train
20,3,2,0283,validation
20,3,2,0287,train
20,3,2,0289,train
20,3,2,0296,train
20,3,2,0304,train
20,3,2,0309,train
20,3,2,0311,train
20,3,2,0322,train
20,3,2,0323,train
20,3,2,0330,validation
20,3,2,0369,train
20,3,2,0370,train
20,3,2,0376,train
20,3,2,0379,train
20,3,2,0384,train
20,3,2,0399,validation
20,3,2,0406,train
20,3,2,0409,train
20,3,2,0412,train
20,3,2,0427,train
20,3,2,0459,train
20,3,2,0468,validation
20,3,2,0498,train
20,3,2,0546,train
20,3,3,0008,train
20,3,3,0009,validation
20,3,3,0014,train
20,3,3,0027,train
20,3,3,0029,validation
20,3,3,0033,train
20,3,3,0037,train
20,3,3,0046,train
20,3,3,0053,validation
20,3,3,0054,train
20,3,3,0063,train
20,3,3,0069,train
20,3,3,0079,train
20,3,3,0089,train
20,3,3,0095,train
20,3,3,0100,train
20,3,3,0106,train
20,3,3,0117,train
20,3,3,0135,train
20,3,3,0139,train
20,3,3,0144,validation
20,3,3,0153,train
20,3,3,0170,train
20,3,3,0202,train
20,3,3,0212,train
20,3,3,0227,train
20,3,3,0246,validation
20,3,3,0248,train
20,3,3,0262,train
20,3,3,0268,train
20,3,3,0273,train
20,3,3,0278,train
20,3,3,0281,train
20,3,3,0283,train
20,3,3,0287,train
20,3,3,0289,validation
20,3,3,0296,validation
20,3,3,0304,validation
20,3,3,0309,train
20,3,3,0311,train
20,3,3,0322,train
20,3,3,0323,train
20,3,3,0330,train
20,3,3,0369,validation
20,3,3,0370,train
20,3,3,0376,validation
20,3,3,0379,train
20,3,3,0384,train
20,3,3,0399,train
20,3,3,0406,validation
20,3,3,0409,train
20,3,3,0412,train
20,3,3,0427,train
20,3,3,0459,train
20,3,3,0468,train
20,3,3,0498,train
20,3,3,0546,train
20,3,4,0008,train
20,3,4,0009,train
20,3,4,0014,train
20,3,4,0027,train
20,3,4,0029,train
20,3,4,0033,validation
20,3,4,0037,train
20,3,4,0046,train
20,3,4,0053,train
20,3,4,0054,train
20,3,4,0063,train
20,3,4,0069,train
20,3,4,0079,validation
20,3,4,0089,validation
20,3,4,0095,train
20,3,4,0100,train
20,3,4,0106,train
20,3,4,0117,train
20,3,4,0135,train
20,3,4,0139,train
20,3,4,0144,train
20,3,4,0153,train
20,3,4,0170,train
20,3,4,0202,train
20,3,4,0212,train
20,3,4,0227,validation
20,3,4,0246,train
20,3,4,0248,validation
20,3,4,0262,train
20,3,4,0268,train
20,3,4,0273,validation
20,3,4,0278,train
20,3,4,0281,train
20,3,4,0283,train
20,3,4,0287,validation
20,3,4,0289,train
20,3,4,0296,train
20,3,4,0304,train
20,3,4,0309,validation
20,3,4,0311,validation
20,3,4,0322,train
20,3,4,0323,train
20,3,4,0330,train
20,3,4,0369,train
20,3,4,0370,train
20,3,4,0376,train
20,3,4,0379,train
20,3,4,0384,train
20,3,4,0399,train
20,3,4,0406,train
20,3,4,0409,validation
20,3,4,0412,train
20,3,4,0427,train
20,3,4,0459,train
20,3,4,0468,train
20,3,4,0498,validation
20,3,4,0546,train
20,3,5,0008,train
20,3,5,0009,train
20,3,5,0014,train
20,3,5,0027,validation
20,3,5,0029,train
20,3,5,0033,train
20,3,5,0037,validation
20,3,5,0046,validation
20,3,5,0053,train
20,3,5,0054,train
20,3,5,0063,train
20,3,5,0069,validation
20,3,5,0079,train
20,3,5,0089,train
20,3,5,0095,train
20,3,5,0100,validation
20,3,5,0106,train
20,3,5,0117,train
20,3,5,0135,train
20,3,5,0139,validation
20,3,5,0144,train
20,3,5,0153,train
20,3,5,0170,train
20,3,5,0202,validation
20,3,5,0212,train
20,3,5,0227,train
20,3,5,0246,train
20,3,5,0248,train
20,3,5,0262,train
20,3,5,0268,train
20,3,5,0273,train
20,3,5,0278,validation
20,3,5,0281,train
20,3,5,0283,train
20,3,5,0287,train
20,3,5,0289,train
20,3,5,0296,train
20,3,5,0304,train
20,3,5,0309,train
20,3,5,0311,train
20,3,5,0322,train
20,3,5,0323,validation
20,3,5,0330,train
20,3,5,0369,train
20,3,5,0370,validation
20,3,5,0376,train
20,3,5,0379,train
20,3,5,0384,train
20,3,5,0399,train
20,3,5,0406,train
20,3,5,0409,train
20,3,5,0412,validation
20,3,5,0427,train
20,3,5,0459,train
20,3,5,0468,train
20,3,5,0498,train
20,3,5,0546,train
20,4,1,0003,train
20,4,1,0008,train
20,4,1,0027,validation
20,4,1,0029,train
20,4,1,0038,validation
20,4,1,0041,train
20,4,1,0053,validation
20,4,1,0054,train
20,4,1,0063,validation
20,4,1,0069,train
20,4,1,0089,train
20,4,1,0095,train
20,4,1,0100,train
20,4,1,0106,train
20,4,1,0112,validation
20,4,1,0116,train
20,4,1,0117,validation
20,4,1,0118,train
20,4,1,0135,train
20,4,1,0144,train
20,4,1,0161,train
20,4,1,0170,train
20,4,1,0178,validation
20,4,1,0202,train
20,4,1,0242,train
20,4,1,0246,train
20,4,1,0248,train
20,4,1,0256,validation
20,4,1,0262,train
20,4,1,0268,validation
20,4,1,0273,train
20,4,1,0281,train
20,4,1,0283,train
20,4,1,0287,train
20,4,1,0304,train
20,4,1,0306,train
20,4,1,0309,train
20,4,1,0311,validation
20,4,1,0323,train
20,4,1,0330,train
20,4,1,0346,validation
20,4,1,0347,train
20,4,1,0369,train
20,4,1,0370,train
20,4,1,0376,train
20,4,1,0379,train
20,4,1,0384,train
20,4,1,0399,train
20,4,1,0406,train
20,4,1,0409,train
20,4,1,0412,train
20,4,1,0427,train
20,4,1,0432,train
20,4,1,0459,train
20,4,1,0468,validation
20,4,1,0498,train
20,4,1,0546,train
20,4,2,0003,train
20,4,2,0008,train
20,4,2,0027,train
20,4,2,0029,validation
20,4,2,0038,train
20,4,2,0041,validation
20,4,2,0053,train
20,4,2,0054,validation
20,4,2,0063,train
20,4,2,0069,train
20,4,2,0089,train
20,4,2,0095,validation
20,4,2,0100,validation
20,4,2,0106,train
20,4,2,0112,train
20,4,2,0116,train
20,4,2,0117,train
20,4,2,0118,validation
20,4,2,0135,validation
20,4,2,0144,validation
20,4,2,0161,train
20,4,2,0170,train
20,4,2,0178,train
20,4,2,0202,train
20,4,2,0242,train
20,4,2,0246,validation
20,4,2,0248,train
20,4,2,0256,train
20,4,2,0262,train
20,4,2,0268,train
20,4,2,0273,train
20,4,2,0281,train
20,4,2,0283,train
20,4,2,0287,train
20,4,2,0304,train
20,4,2,0306,train
20,4,2,0309,train
20,4,2,0311,train
20,4,2,0323,train
20,4,2,0330,train
20,4,2,0346,train
20,4,2,0347,train
20,4,2,0369,train
20,4,2,0370,train
20,4,2,0376,train
20,4,2,0379,train
20,4,2,0384,train
20,4,2,0399,train
20,4,2,0406,validation
20,4,2,0409,train
20,4,2,0412,validation
20,4,2,0427,train
20,4,2,0432,validation
20,4,2,0459,train
20,4,2,0468,train
20,4,2,0498,train
20,4,2,0546,train
20,4,3,0003,validation
20,4,3,0008,validation
20,4,3,0027,train
20,4,3,0029,train
20,4,3,0038,train
20,4,3,0041,train
20,4,3,0053,train
20,4,3,0054,train
20,4,3,0063,train
20,4,3,0069,train
20,4,3,0089,validation
20,4,3,0095,train
20,4,3,0100,train
20,4,3,0106,train
20,4,3,0112,train
20,4,3,0116,train
20,4,3,0117,train
20,4,3,0118,train
20,4,3,0135,train
20,4,3,0144,train
20,4,3,0161,train
20,4,3,0170,validation
20,4,3,0178,train
20,4,3,0202,train
20,4,3,0242,validation
20,4,3,0246,train
20,4,3,0248,train
20,4,3,0256,train
20,4,3,0262,train
20,4,3,0268,train
20,4,3,0273,validation
20,4,3,0281,train
20,4,3,0283,train
20,4,3,0287,validation
20,4,3,0304,train
20,4,3,0306,train
20,4,3,0309,train
20,4,3,0311,train
20,4,3,0323,train
20,4,3,0330,train
20,4,3,0346,train
20,4,3,0347,validation
20,4,3,0369,train
20,4,3,0370,validation
20,4,3,0376,validation
20,4,3,0379,train
20,4,3,0384,validation
20,4,3,0399,train
20,4,3,0406,train
20,4,3,0409,train
20,4,3,0412,train
20,4,3,0427,train
20,4,3,0432,train
20,4,3,0459,train
20,4,3,0468,train
20,4,3,0498,train
20,4,3,0546,train
20,4,4,0003,train
20,4,4,0008,train
20,4,4,0027,train
20,4,4,0029,train
20,4,4,0038,train
20,4,4,0041,train
20,4,4,0053,train
20,4,4,0054,train
20,4,4,0063,train
20,4,4,0069,train
20,4,4,0089,train
20,4,4,0095,train
20,4,4,0100,train
20,4,4,0106,train
20,4,4,0112,train
20,4,4,0116,train
20,4,4,0117,train
20,4,4,0118,train
20,4,4,0135,train
20,4,4,0144,train
20,4,4,0161,train
20,4,4,0170,train
20,4,4,0178,train
20,4,4,0202,train
20,4,4,0242,train
20,4,4,0246,train
20,4,4,0248,train
20,4,4,0256,train
20,4,4,0262,train
20,4,4,0268,train
20,4,4,0273,train
20,4,4,0281,validation
20,4,4,0283,train
20,4,4,0287,train
20,4,4,0304,validation
20,4,4,0306,validation
20,4,4,0309,validation
20,4,4,0311,train
20,4,4,0323,train
20,4,4,0330,train
20,4,4,0346,train
20,4,4,0347,train
20,4,4,0369,validation
20,4,4,0370,train
20,4,4,0376,train
20,4,4,0379,validation
20,4,4,0384,train
20,4,4,0399,validation
20,4,4,0406,train
20,4,4,0409,validation
20,4,4,0412,train
20,4,4,0427,validation
20,4,4,0432,train
20,4,4,0459,validation
20,4,4,0468,train
20,4,4,0498,train
20,4,4,0546,validation
20,4,5,0003,train
20,4,5,0008,train
20,4,5,0027,train
20,4,5,0029,train
20,4,5,0038,train
20,4,5,0041,train
20,4,5,0053,train
20,4,5,0054,train
20,4,5,0063,train
20,4,5,0069,validation
20,4,5,0089,train
20,4,5,0095,train
20,4,5,0100,train
20,4,5,0106,validation
20,4,5,0112,train
20,4,5,0116,validation
20,4,5,0117,train
20,4,5,0118,train
20,4,5,0135,train
20,4,5,0144,train
20,4,5,0161,validation
20,4,5,0170,train
20,4,5,0178,train
20,4,5,0202,validation
20,4,5,0242,train
20,4,5,0246,train
20,4,5,0248,validation
20,4,5,0256,train
20,4,5,0262,validation
20,4,5,0268,train
20,4,5,0273,train
20,4,5,0281,train
20,4,5,0283,validation
20,4,5,0287,train
20,4,5,0304,train
20,4,5,0306,train
20,4,5,0309,train
20,4,5,0311,train
20,4,5,0323,validation
20,4,5,0330,validation
20,4,5,0346,train
20,4,5,0347,train
20,4,5,0369,train
20,4,5,0370,train
20,4,5,0376,train
20,4,5,0379,train
20,4,5,0384,train
20,4,5,0399,train
20,4,5,0406,train
20,4,5,0409,train
20,4,5,0412,train
20,4,5,0427,train
20,4,5,0432,train
20,4,5,0459,train
20,4,5,0468,train
20,4,5,0498,validation
20,4,5,0546,train
20,5,1,0003,train
20,5,1,0008,train
20,5,1,0009,validation
20,5,1,0014,train
20,5,1,0027,validation
20,5,1,0029,train
20,5,1,0033,validation
20,5,1,0037,train
20,5,1,0038,validation
20,5,1,0041,train
20,5,1,0046,train
20,5,1,0053,train
20,5,1,0054,train
20,5,1,0063,train
20,5,1,0079,train
20,5,1,0095,train
20,5,1,0100,train
20,5,1,0106,train
20,5,1,0112,train
20,5,1,0116,train
20,5,1,0118,train
20,5,1,0135,validation
20,5,1,0139,train
20,5,1,0144,validation
20,5,1,0153,train
20,5,1,0161,train
20,5,1,0170,train
20,5,1,0178,validation
20,5,1,0212,train
20,5,1,0227,train
20,5,1,0242,train
20,5,1,0246,train
20,5,1,0256,train
20,5,1,0262,train
20,5,1,0273,train
20,5,1,0278,train
20,5,1,0281,train
20,5,1,0283,train
20,5,1,0289,train
20,5,1,0296,train
20,5,1,0304,train
20,5,1,0306,train
20,5,1,0311,validation
20,5,1,0322,validation
20,5,1,0346,train
20,5,1,0347,train
20,5,1,0370,train
20,5,1,0376,train
20,5,1,0379,train
20,5,1,0406,train
20,5,1,0409,validation
20,5,1,0412,train
20,5,1,0427,validation
20,5,1,0432,train
20,5,1,0459,train
20,5,1,0468,validation
20,5,1,0546,train
20,5,2,0003,train
20,5,2,0008,validation
20,5,2,0009,train
20,5,2,0014,train
20,5,2,0027,train
20,5,2,0029,train
20,5,2,0033,train
20,5,2,0037,validation
20,5,2,0038,train
20,5,2,0041,train
20,5,2,0046,train
20,5,2,0053,train
20,5,2,0054,train
20,5,2,0063,validation
20,5,2,0079,validation
20,5,2,0095,train
20,5,2,0100,validation
20,5,2,0106,train
20,5,2,0112,train
20,5,2,0116,train
20,5,2,0118,validation
20,5,2,0135,train
20,5,2,0139,train
20,5,2,0144,train
20,5,2,0153,train
20,5,2,0161,validation
20,5,2,0170,train
20,5,2,0178,train
20,5,2,0212,train
20,5,2,0227,train
20,5,2,0242,train
20,5,2,0246,train
20,5,2,0256,train
20,5,2,0262,train
20,5,2,0273,train
20,5,2,0278,train
20,5,2,0281,train
20,5,2,0283,train
20,5,2,0289,train
20,5,2,0296,train
20,5,2,0304,train
20,5,2,0306,train
20,5,2,0311,train
20,5,2,0322,train
20,5,2,0346,train
20,5,2,0347,validation
20,5,2,0370,validation
20,5,2,0376,validation
20,5,2,0379,train
20,5,2,0406,validation
20,5,2,0409,train
20,5,2,0412,train
20,5,2,0427,train
20,5,2,0432,train
20,5,2,0459,train
20,5,2,0468,train
20,5,2,0546,validation
20,5,3,0003,train
20,5,3,0008,train
20,5,3,0009,train
20,5,3,0014,train
20,5,3,0027,train
20,5,3,0029,train
20,5,3,0033,train
20,5,3,0037,train
20,5,3,0038,train
20,5,3,0041,train
20,5,3,0046,train
20,5,3,0053,train
20,5,3,0054,train
20,5,3,0063,train
20,5,3,0079,train
20,5,3,0095,validation
20,5,3,0100,train
20,5,3,0106,train
20,5,3,0112,train
20,5,3,0116,train
20,5,3,0118,train
20,5,3,0135,train
20,5,3,0139,validation
20,5,3,0144,train
20,5,3,0153,validation
20,5,3,0161,train
20,5,3,0170,train
20,5,3,0178,train
20,5,3,0212,train
20,5,3,0227,train
20,5,3,0242,train
20,5,3,0246,train
20,5,3,0256,train
20,5,3,0262,validation
20,5,3,0273,train
20,5,3,0278,train
20,5,3,0281,validation
20,5,3,0283,train
20,5,3,0289,train
20,5,3,0296,validation
20,5,3,0304,validation
20,5,3,0306,validation
20,5,3,0311,train
20,5,3,0322,train
20,5,3,0346,validation
20,5,3,0347,train
20,5,3,0370,train
20,5,3,0376,train
20,5,3,0379,train
20,5,3,0406,train
20,5,3,0409,train
20,5,3,0412,validation
20,5,3,0427,train
20,5,3,0432,validation
20,5,3,0459,train
20,5,3,0468,train
20,5,3,0546,train
20,5,4,0003,validation
20,5,4,0008,train
20,5,4,0009,train
20,5,4,0014,validation
20,5,4,0027,train
20,5,4,0029,train
20,5,4,0033,train
20,5,4,0037,train
20,5,4,0038,train
20,5,4,0041,validation
20,5,4,0046,train
20,5,4,0053,train
20,5,4,0054,train
20,5,4,0063,train
20,5,4,0079,train
20,5,4,0095,train
20,5,4,0100,train
20,5,4,0106,train
20,5,4,0112,train
20,5,4,0116,validation
20,5,4,0118,train
20,5,4,0135,train
20,5,4,0139,train
20,5,4,0144,train
20,5,4,0153,train
20,5,4,0161,train
20,5,4,0170,train
20,5,4,0178,train
20,5,4,0212,validation
20,5,4,0227,validation
20,5,4,0242,validation
20,5,4,0246,train
20,5,4,0256,validation
20,5,4,0262,train
20,5,4,0273,validation
20,5,4,0278,train
20,5,4,0281,train
20,5,4,0283,train
20,5,4,0289,validation
20,5,4,0296,train
20,5,4,0304,train
20,5,4,0306,train
20,5,4,0311,train
20,5,4,0322,train
20,5,4,0346,train
20,5,4,0347,train
20,5,4,0370,train
20,5,4,0376,train
20,5,4,0379,validation
20,5,4,0406,train
20,5,4,0409,train
20,5,4,0412,train
20,5,4,0427,train
20,5,4,0432,train
20,5,4,0459,train
20,5,4,0468,train
20,5,4,0546,train
20,5,5,0003,train
20,5,5,0008,train
20,5,5,0009,train
20,5,5,0014,train
20,5,5,0027,train
20,5,5,0029,validation
20,5,5,0033,train
20,5,5,0037,train
20,5,5,0038,train
20,5,5,0041,train
20,5,5,0046,validation
20,5,5,0053,validation
20,5,5,0054,validation
20,5,5,0063,train
20,5,5,0079,train
20,5,5,0095,train
20,5,5,0100,train
20,5,5,0106,validation
20,5,5,0112,validation
20,5,5,0116,train
20,5,5,0118,train
20,5,5,0135,train
20,5,5,0139,train
20,5,5,0144,train
20,5,5,0153,train
20,5,5,0161,train
20,5,5,0170,validation
20,5,5,0178,train
20,5,5,0212,train
20,5,5,0227,train
20,5,5,0242,train
20,5,5,0246,validation
20,5,5,0256,train
20,5,5,0262,train
20,5,5,0273,train
20,5,5,0278,validation
20,5,5,0281,train
20,5,5,0283,validation
20,5,5,0289,train
20,5,5,0296,train
20,5,5,0304,train
20,5,5,0306,train
20,5,5,0311,train
20,5,5,0322,train
20,5,5,0346,train
20,5,5,0347,train
20,5,5,0370,train
20,5,5,0376,train
20,5,5,0379,train
20,5,5,0406,train
20,5,5,0409,train
20,5,5,0412,train
20,5,5,0427,train
20,5,5,0432,train
20,5,5,0459,validation
20,5,5,0468,train
20,5,5,0546,train
