Soft Monotonic + L2,Monotonic + L2,L2
0.6499061367487219,0.6426747503110853,0.6639476920888066
0.7526096539875563,0.7525300655769996,0.7634811654787108
0.6390628379644101,0.6369672453813309,0.6487349199673745
0.7985089431694619,0.8029982700973598,0.7984443091906337
0.7244709631629376,0.7173621040480939,0.7259417000050878
0.7461380533571885,0.743849589358433,0.7610665312285234
0.8006458634072533,0.8082044988454881,0.8049998720969762
0.7258764100907136,0.7366656836348889,0.7303516888463494
0.6610280699494391,0.6635254688753394,0.6598740473118804
0.6851424222311303,0.6894330312052301,0.6900921383769776
0.7516047296082631,0.7555977951827346,0.7585198576175088
0.6873983411793173,0.6905661884291103,0.6924886713371863
0.6486388564221645,0.6566136296666358,0.6621368878637108
0.773758056807051,0.7759616222231162,0.7829814176613642
0.7565506453192653,0.7635423260138171,0.7704974780838808
0.6899139204667215,0.7042354643124525,0.6948790553597781
0.6968143972884825,0.7030634917015649,0.7033989390584408
0.8248311831321143,0.8220276665098477,0.8332208201268817
0.6983336937416061,0.6927325887262008,0.710034649104326
0.6694310212481501,0.6762221193228707,0.6681849017309075
0.7740861780524234,0.7717258821772529,0.7914795283288535
0.6357974826895549,0.6384631229860775,0.6602342216363499
0.7364507465585249,0.7421465726705067,0.7387683410422038
0.6012783010264452,0.6100096956394575,0.5959789311723135
0.7764202084786109,0.7735836761702077,0.7837101038786254
0.6894011165913666,0.6985647341709925,0.7006460733386342
0.7709699938305528,0.7815439265145012,0.7767543126863002
0.6142119317081588,0.6224561703314766,0.6241281996003193
0.7341609516163268,0.7417192758162473,0.7369422634728489
0.6085536813579355,0.6082604228948764,0.6198326387411998
0.6725581678436514,0.6731393422248257,0.6738430002511031
0.6791420706513772,0.6779027714565633,0.688278074057156
0.6875385433569956,0.6851819601033887,0.6981852958108913
0.7507438617186937,0.7483925870065486,0.7645636439987031
0.7572507619704234,0.7661865064618228,0.7671790839965922
0.6660146860077877,0.6748162548773717,0.6710932338488357
0.6369617296358537,0.6364514604789896,0.6473889348518667
0.7018021930054192,0.7095966622771995,0.7032007942718778
0.6618479996874433,0.6675558881860181,0.6709395428574177
0.753802417080329,0.7578521448497537,0.7523094916746059
0.7984110225365549,0.8071059264951715,0.807287311392773
0.6797724905518271,0.6799840122312061,0.6850540256833624
0.6818904437532711,0.6824142985001893,0.6915831393798255
0.7342023311977839,0.7317071529476711,0.7414218628057769
0.7547479458509193,0.7500249284484584,0.7605306899605221
0.6151879371725788,0.6189447325769483,0.6268046007802515
0.6485376037682946,0.6571879139108938,0.650492832996738
0.6866632995683858,0.700995338193689,0.6865510059363069
0.7161717550510742,0.718318829858413,0.7221599003713624
0.7549461725518996,0.7549274054953843,0.7522051939317542
0.6751825362215098,0.6798258365719531,0.686944057278221
0.7382335110503216,0.7395361645448283,0.7419425046558061
0.6822831736180244,0.6876013966878141,0.6936765365081032
0.7189149262206156,0.7194044997423319,0.7248523965315485
0.7598988787438624,0.7594274471400169,0.7750170355248343
0.6557750436118426,0.6545728179025647,0.6700636335362868
0.7183135072080812,0.7255129718132709,0.7342926738067329
0.6512568843127363,0.6582940230177802,0.6624397566723181
0.6987180959926057,0.6993321138375059,0.7037405464037466
0.7047999220265675,0.7107127432441507,0.7174868688129463
0.8036514313848723,0.7993427242452056,0.8107411348610206
0.7327814749404036,0.7389184650511331,0.7467638461250857
0.7691450943811983,0.7755112434387708,0.7759582970845795
0.675080818998799,0.6818125423698291,0.6809383285527368
0.6637787608286814,0.6746976401045157,0.669125603322955
0.5837402547323268,0.593331179466634,0.5952449167126467
0.672785712940218,0.6769864955786248,0.67695480612458
0.7289709913745821,0.7321589244248692,0.733982414453738
0.6068055135142555,0.6123537321290382,0.6144262988933765
0.7469173733086316,0.7499914612467077,0.7554461770925123
0.7134469681528443,0.7149567896747775,0.7307945313039788
0.6155435964019293,0.6287599701522842,0.6201807076502103
0.8131560286935116,0.8155069639447045,0.8155201969413362
0.7569427500271414,0.7604427123613254,0.76322786692938
0.7065457699907484,0.7143196565326468,0.7126355571752686
0.733192590716922,0.732851266747199,0.7449256137125989
0.6652584913196385,0.6704767258773623,0.665156448861624
0.7121382565880292,0.7048474506138773,0.7122114112422762
0.6755564101679401,0.6819560982843023,0.6846805354882314
0.7793231946812527,0.7772957110000269,0.7855200316496587
0.7631323731541956,0.7640341208443363,0.7722411016170905
0.7790215302473322,0.782752526533794,0.7928441115130681
0.7764363995609367,0.7761972688394675,0.7753195648624583
0.7980909982317104,0.8072580941985611,0.8026389255323079
0.7013004427336038,0.7089441616121914,0.7044419021757211
0.6745098503290206,0.6807935907195644,0.6715596221156048
0.7656468447379773,0.7701201159352151,0.7846070643904589
0.7015191657475502,0.7097311011248992,0.716728670825805
0.66965634705654,0.6721053275389286,0.671086029260502
0.6943140224091054,0.7022982979747957,0.6951723826615147
0.8025407731337337,0.8000763315878844,0.7986442437452133
0.7097993872119016,0.7045776166456119,0.7150958367106068
0.715536349025495,0.7204008124060296,0.7254005882124932
0.8229231842351973,0.8277154626908686,0.8343154206663947
0.7858657915245907,0.7870343521941321,0.7884736993721024
0.7170742652848314,0.7273222802989178,0.7271602888141875
0.6869758830257434,0.6931213041049292,0.7020673372881009
0.7333723518769305,0.7458265939531965,0.7356877398114365
0.7247939788747941,0.7215089192675528,0.7293334970532126
0.5758039735914743,0.5728906278582057,0.5851587079994824
0.6642944075103021,0.6631108542814951,0.6727800814263333
0.6425795480818591,0.6443621732609127,0.6439717973008939
0.7891273502606715,0.7945716429008516,0.7921982663815876
0.6941238005570408,0.7023069182731505,0.692181554658444
0.7456208083505692,0.7545931227558569,0.7571959840236617
0.6915739507990272,0.6934473970287235,0.7008123575933689
0.6380385108453821,0.6442399107232645,0.644878313539304
0.703521905343334,0.7112359166426218,0.7105737556004013
0.6958799096412376,0.6996945133449445,0.6972918060897938
0.645142555547008,0.6519501713018049,0.6609335752195753
0.7066315511856132,0.7110988016885078,0.7116471782240619
0.6679714921101823,0.6733086929054188,0.6774061041756768
0.7108133252128875,0.7120835386854821,0.7200244433003712
0.7628363558885093,0.7765521038734416,0.7741186412901319
0.75119443854437,0.7600984312134415,0.7544321849729232
0.7179865779994983,0.7197443141127096,0.7242196066901251
0.7471681284737345,0.7507029055571506,0.7521471758857916
0.6137811153676701,0.618571991819261,0.6191284894092318
0.676192246525292,0.6814971286260694,0.6742256938057706
0.6915500010500188,0.6962365559303234,0.6985520694181585
0.6292441659167519,0.6406247949658332,0.6315826719939467
0.7060961235869777,0.7200401389144515,0.7196511376449053
0.7037422754979565,0.7155696224584972,0.7093270637665131
0.7659365113100409,0.7628164620471347,0.7751907274642571
0.712133410270976,0.7164217974022605,0.7171838360293493
0.6217937673798716,0.6334938219530045,0.6300117758791927
0.741982699794301,0.7433586890691878,0.7486905537128693
0.783574504254976,0.7937670330480617,0.794368563540589
0.726846195283618,0.7311443688803032,0.7350113179410723
0.7450794559516375,0.7478118415114042,0.7499366401034645
0.6970140172366182,0.6994210066902954,0.7096769452888574
0.6254329287414673,0.6330523021173259,0.629479664677489
0.7261507590066095,0.7270355744969689,0.7358212446380606
0.7772925852627357,0.7790760604710006,0.7836406898542225
0.6459412478517418,0.6501680527904771,0.6421226823708766
0.5592350528497092,0.5577753026947909,0.5563347031993594
0.6446122796272233,0.6514257609171752,0.6483825103224541
0.7068461602961118,0.7152816350966839,0.7136872049592501
0.7772308837576964,0.7795999525937026,0.7836291541381096
0.6362616203377233,0.6449109490183019,0.6356324468656925
0.7716864857200925,0.7761117696551791,0.7779495258947224
0.6527938249629984,0.658445115408599,0.6539285817997289
0.7277967437276884,0.733554745502166,0.7405490694773356
0.7063906187235321,0.7122816935217494,0.708376625027661
0.6078811960079296,0.6194793238371497,0.6189701176663364
0.708706041319287,0.7176188908595174,0.7176259695346805
0.7541194596006854,0.7615517203822599,0.7582468487358923
0.7981751049739804,0.7947751495913186,0.8046108174096929
0.5983589498360854,0.5995976014850791,0.6009212971059958
0.7451369290825746,0.7535790585794292,0.7478224737257375
0.6645410945353334,0.6681631966852457,0.671379891330173
0.7639066492885637,0.7693953539740122,0.7675632157222272
0.7275356022902393,0.7402352666684464,0.7259124684796057
0.6994986676801405,0.7051408838899863,0.7072931383258192
0.7421297659966171,0.7421228350346442,0.7443000047648775
0.7164231552839928,0.7153721196793856,0.7147825156103425
0.6486565371701529,0.6556357781242045,0.646769787285838
0.7635118964935244,0.7667102094019563,0.7725873678806026
0.7248733943884094,0.7329347949698528,0.7298652252757759
0.5547673656059162,0.5591823157351521,0.5566645985317206
0.728956834005126,0.7345302477856941,0.7383022223680124
0.7327235187634779,0.7358197016169613,0.73662346335087
0.7177325837094746,0.7241727806507217,0.7286968462093464
0.6906321768233491,0.7015903580340208,0.6994315444841663
0.6740633484712996,0.6818928998392438,0.6815154785283093
0.6141456739426028,0.624433648822777,0.6277268786175575
0.664098239956433,0.672546075256054,0.6752813477527765
0.6947654698636705,0.6983762961207944,0.7040297133407818
0.7427686182148467,0.7457835322580347,0.7534119825823634
0.7599793906344078,0.7585824341805117,0.7656370284972452
0.5796084948004068,0.5889933575323557,0.5898637704887706
0.7586107238973441,0.7663263054521485,0.7691207264289049
0.5728166769641034,0.5771271312671798,0.5775663763388031
0.6311827581206285,0.6418746467332075,0.6439540058543761
0.647673551282725,0.6557289877929934,0.6589578752920492
0.6511289194086152,0.6528389630025874,0.6615828346032867
0.7141531720832529,0.7203690937063698,0.729871256853421
0.5906302213233199,0.592453160884714,0.6037836044676668
0.7142456486203445,0.7174849355919316,0.7221595937541444
0.7745293176055089,0.7742666692154094,0.7835217466347598
0.6689647569253502,0.6744062477913159,0.6733902149663555
0.7591097864410219,0.7649396385819561,0.768553321840807
0.6179281820800039,0.6315722040915669,0.6202511097632132
0.7211525156639077,0.7242266584834292,0.7319052073991104
0.789863360993193,0.7932985277444311,0.7987640782653388
0.7007242766918987,0.7059266327226199,0.7109080598602973
0.7491251596686134,0.7544598601904127,0.7606804640144573
0.7523432972735846,0.762362315451304,0.7646843825626836
0.6660264683813862,0.6739485499125086,0.6833090974431117
0.7682482531462802,0.7720338843600455,0.776740277684115
0.6767734712002463,0.6851587401959975,0.6850715219777931
0.6883118379764369,0.6962649972477053,0.6977506054039472
0.797405176857411,0.8018370034011599,0.7998361075008417
0.7848114352553847,0.7863616477356128,0.7874507608107816
0.6961927174761382,0.7028006971427758,0.7065740475547898
0.8003515699092376,0.7999685818169536,0.8091825400789685
0.8020652164040725,0.8063615193375504,0.8023588539482407
0.7003783824066165,0.6990769327261229,0.704617231932441
0.8222451792907214,0.8208813354276127,0.8291610738569136
0.7096609547263608,0.723370631938349,0.7073263309351195
0.678340189440087,0.6851766590616056,0.6851701690557981
0.7363301398707884,0.741795710389063,0.744261935482441
0.7828600855983655,0.784381465166769,0.7860611537807537
0.7733669699992498,0.7845965182948695,0.7813622782183675
0.7006801010575079,0.7032875699050862,0.7034368497690362
0.6205969044002777,0.6244289101191808,0.6159993700021756
0.815545230952989,0.8237634770587351,0.8296152597644493
0.6441584302749318,0.6532102612822278,0.6513687087104687
0.720439544425644,0.7204063026162291,0.7283146296708273
0.674369415534228,0.6771188467247309,0.6851412364537378
0.7047609921246388,0.7082501078874941,0.7117360132785292
0.7232016164996462,0.7259023880494659,0.7252458649540137
0.6605850416883312,0.6634803366711262,0.6705168280732426
0.5692125746481911,0.5769137937980715,0.5797800123147882
0.6629420937042262,0.6657273272537452,0.6843071384478424
0.6758786372813959,0.6833032082131095,0.6812231661211626
0.6774801052059435,0.6890424238327357,0.6825722110718592
0.6405091495678958,0.6467083067500916,0.6367645324079279
0.6598671228432302,0.6706858513942344,0.672471392847717
0.7572912463055672,0.76831988769705,0.7586338902929869
0.6044531174057071,0.6092214681687007,0.6184030631389861
0.6387221490645086,0.6408883753890054,0.6486961767496433
0.7957210689376291,0.7978709156984003,0.797256478961637
0.6491908224282059,0.6534097254758684,0.6507918411438242
0.7009418734743313,0.7077826675095902,0.713466191261807
0.6928884935680213,0.6875744005032349,0.6990626683609633
0.6669284208775454,0.671948662175308,0.6760567675153457
0.7714502882409958,0.7714033507784948,0.7835520532464024
0.6337974218309067,0.6440003254272204,0.6369534107153882
0.7499784315278067,0.7569124953605397,0.7614622259300535
0.691196185773643,0.6920712556797143,0.6972380683619542
0.6837547554666776,0.6876304112923335,0.6905042341742444
0.6937098000089739,0.6935714729765291,0.703185222806049
0.6908764766754039,0.6913296651095447,0.6964039438510855
0.6754164294650917,0.6803561535287653,0.674026120276148
0.7637204311660386,0.7718405323071993,0.7730757769912373
0.6995796346839315,0.6945860205994208,0.7074363091846932
0.7430124183116993,0.7460698793963664,0.7454137069040597
0.7135763236768695,0.7168941762297006,0.7153166786747349
0.6116164956889807,0.6175468163143227,0.6173746586543739
0.6036725133027566,0.609432708860246,0.6056027259327316
0.6976328201881643,0.7005137242797461,0.6951716573769556
0.5850299448233386,0.5926575163654824,0.584815589238447
0.7429580620390064,0.7506000363015164,0.7563092262129122
0.7040274865669117,0.7062738266521797,0.7186489496178268
0.6520337353394258,0.6580413038501598,0.6591855967978276
0.7259438488688835,0.7401286340908058,0.7364644886775136
0.7014370714321378,0.7029131665010897,0.7138519430334589
0.6568224707112837,0.6658792159087155,0.6597555243620369
0.6830156326707414,0.6930029057647404,0.6781952487172025
0.6128472662749035,0.6203028653736877,0.6203181171016368
0.686452224968594,0.6854181594814821,0.6901783081887248
0.8080792909329019,0.8146913319893477,0.8208769739144458
0.5961729075054004,0.6089240411575145,0.5988559009825116
0.6403565358037733,0.6480684841305897,0.6489183321135813
0.6306923287922291,0.6332739234541809,0.6322602497601502
0.5620723827282416,0.5653111760019612,0.5717576959658133
0.5899180478063033,0.5957308846718187,0.5932499273465163
0.5587417236978219,0.5616061374560731,0.5717526478396945
0.6665257554770163,0.6755284717091967,0.6719085977670011
0.7441837848078001,0.7544684673540897,0.7573248578026545
0.8070363483436688,0.8084865377738614,0.8124831594331302
0.6853028381188518,0.6887622108623808,0.6890407025476634
0.6999647079016329,0.7025268597443107,0.6976404038106623
0.6529669329079191,0.6612104911394784,0.6635143661925279
0.7205157639755079,0.7277547411096283,0.7290960012646738
0.714241796029714,0.7197271571434665,0.725785403894913
0.689388643873763,0.702102722685163,0.6984065579041769
0.5551647084630281,0.5693735482343678,0.5602752165551537
0.7348644175290785,0.7447860657662712,0.746589213163337
0.7963188170645104,0.8012126680042649,0.8134241576389688
0.6850728681866564,0.6965276297455144,0.6973839160673471
0.6982374528707236,0.7043596290696158,0.70938579943157
0.7289477019229906,0.7365226076875494,0.7458221796080519
0.6009703905608371,0.6047051308866489,0.613605889982051
0.6440604829193296,0.6536182954771421,0.6471301260089158
0.7401861012998335,0.7498443815668473,0.7424646863676684
0.7176748305846077,0.717433626737749,0.7295590725070545
0.7085264490847762,0.7135049440025567,0.7124832059843115
0.7215439502118002,0.7272134557063056,0.7318661965257759
0.7815603279760492,0.7872725256613912,0.7957291246115128
0.7583881969217502,0.7590552526196959,0.7663475210632175
0.7510356365156724,0.7524385563992136,0.7559566504424471
0.6837349452353045,0.6872642598547306,0.6932970282891945
0.7548218782646579,0.7516081290421126,0.771281057015801
0.6514842581613065,0.6592862231896836,0.6582629867674862
0.6158069837956448,0.6175023570070893,0.6207204934074257
0.754254683438208,0.7588152078344464,0.7622203539389432
0.6126785429227105,0.6145157867984021,0.6155153392056534
0.7585686644611616,0.7606428786334805,0.7613084972590823
0.7756327272577024,0.7808430252657946,0.7832834011344794
0.8045423585920255,0.8077258555204935,0.8132599145434586
0.6625762437744084,0.6787072767830398,0.6721480989394455
0.68911567529496,0.693297688373533,0.6968468980983922
0.6540803033669335,0.6578766806824287,0.6633771503274084
0.7580452657733646,0.7595938251222666,0.7606868359562162
0.796037831406655,0.8003086797156638,0.7973055262178563
0.6298569216666206,0.6343894738107624,0.6335593856358911
0.7034411580256293,0.7122993039782608,0.7135097929426887
0.5789197582899265,0.5869963158075423,0.5800581790622759
0.7652387737228303,0.771425131846014,0.7755729592773942
0.6831016130118195,0.6867435104577964,0.6841147544669249
0.7283543272333539,0.7289362219104166,0.7295605483210683
0.724700981206568,0.7287438145797044,0.7325948495015727
0.6542676643960111,0.6564119088090054,0.6610342866516214
0.7907883762660721,0.7924810122499708,0.7846110588984362
0.6966004897494187,0.7050745068668612,0.7049268425632716
0.6706849616451359,0.6690197538260589,0.6843470917612603
0.730835279223825,0.7379914572194985,0.7332858003282899
0.7113832251496812,0.7167704865875381,0.726426193094435
0.7043603548190164,0.701249681044138,0.7152664967623257
0.7746491808754739,0.7766271325429934,0.7818116455667379
0.6457082606912345,0.6448551069005809,0.6520487310031888
0.7971437270335757,0.7977457089958492,0.7921679364847859
0.6570410686613417,0.6637543369282038,0.6669505420077898
0.7210894571553379,0.719895549023571,0.7247719340452905
0.7332665681359309,0.7368781613016047,0.7395020699447872
0.7353556588461727,0.7470471994820427,0.7373270843656301
0.7779803524679741,0.7786790588230881,0.7794445920244683
0.80421708162894,0.8131087894045607,0.8136792375285957
0.713369302834173,0.7179413265157131,0.729439385954186
0.7320481177061032,0.7327582723282164,0.7366984904890725
0.6773441232849713,0.6776344363870317,0.6881245979573578
0.6924853437576644,0.7067919866362614,0.6983969583776125
0.709531646188274,0.7154387959829236,0.7175356573362454
0.6640344749334594,0.66518087540507,0.6680246099618298
0.6915885570633641,0.6955540904056831,0.6949295056700326
0.7396075793547225,0.7441328897444897,0.739119784741928
0.7695853953375063,0.7805805141957207,0.7791803332990931
0.7169444024134687,0.7242257678092774,0.7254698650810534
0.6870575959693598,0.6912308905170416,0.6978344179458839
0.7016068788567243,0.707266773615961,0.7087397605632653
0.7836451791224254,0.781638340599655,0.7897480294991723
0.6444266548653158,0.655252954223443,0.6569978153408136
0.7384400623911829,0.7396017687403892,0.7357757400072176
0.647560603010467,0.6490904200914048,0.6546883515652113
0.7161286445690682,0.718076944985726,0.7253854054824468
0.664963862489192,0.6673082211794167,0.6746405894000521
0.7923435488676812,0.7895539686533106,0.8023753148083235
0.6941165609857233,0.6949634374208348,0.6987618498769855
0.7766426897347237,0.7755403321043002,0.7901514797711557
0.7917625315449145,0.7922976319182676,0.7956874453151365
0.686497139895367,0.6920339538347747,0.6908679934064165
0.6180998499870317,0.6182892873365148,0.6213231561024073
0.5818787268816233,0.5747792781467678,0.5855078127583981
0.6736911891692619,0.6827814162761077,0.6792687447511649
0.6323387537944677,0.6454605581144862,0.6350524904876683
0.6624518357411121,0.6620701685874123,0.6719913361792758
0.6574844722271191,0.6632876403552873,0.6742045472909443
0.7193161745331388,0.720301634674849,0.7289713422820566
0.6726016902775634,0.6841999276535264,0.6820650545745727
0.5792478003614407,0.584843935476326,0.5793722355492688
0.5874893622572258,0.5872150860840525,0.597562057388762
0.7043030170916167,0.7114239298551784,0.7120946530020028
0.7222419534639671,0.7210492102724143,0.7243715346268295
0.7770529679839057,0.781417504950698,0.7923704885896616
0.7957403660331006,0.7951262103564674,0.8066321893332572
0.7392430025434242,0.7475268345430913,0.7443669739497719
0.5726772835891808,0.578976238838479,0.5851908471468371
0.6893324701973509,0.6948104130061762,0.7064017931826827
0.6569200204725767,0.6570526835435301,0.661312649933063
0.6191859111022989,0.6149886907631141,0.6270516973664013
0.6789920476936031,0.6818526032107254,0.6870034392235577
0.8348477199979866,0.8339926826586528,0.8427777753830097
0.6753882496640202,0.6754455602326402,0.6843698520563369
0.7007373633022371,0.7077618435265844,0.7006040828701471
0.6956513840741906,0.7077573384730171,0.6982754272011907
0.6770480993089439,0.6843236726725616,0.6865805846476792
0.7307379569154753,0.7370310736785579,0.7425796838393449
0.6090651689434374,0.6107386952032033,0.6093602525382584
0.5322815476611242,0.5477986502038273,0.5447143915873504
0.696951032521816,0.6976636732761233,0.7070090101599057
0.5161516593143683,0.5151458910990138,0.5297522189435391
0.674921627632933,0.6800388717372567,0.6727847149515171
0.7144863852609025,0.7192959041548874,0.7165743457364679
0.7395179758053442,0.745487340348859,0.7405814098489953
0.719445323074133,0.7299129395185352,0.7191983019424479
0.6963089446721744,0.6987568345477922,0.705029162884427
0.7085374739251907,0.7113726985226699,0.7209079034956203
0.6846378271791889,0.6839978078575518,0.6916069497233113
0.6535483464925251,0.6578567925400443,0.6666681775038974
0.6189855134675599,0.6273635445981033,0.6304995105815571
0.7741841783024634,0.7783018111616089,0.7763041884730346
0.6195399317116635,0.6238378543305017,0.6218855963955636
0.6472683188037207,0.6534427710399373,0.6521946376237894
0.6898613285096356,0.6937696010416474,0.7001457611991484
0.738185881028143,0.7420077205312324,0.7400568787450369
0.6664389200512127,0.6738829414573666,0.6716386907811832
0.7589470374472057,0.7586349984700261,0.7657792270258961
0.5779452248391757,0.584805194036645,0.5876299313545192
0.7186538713037167,0.7246449979097066,0.7279728430987166
0.7482679919658329,0.7550968096653663,0.7603859111049236
0.764344575222229,0.7693448866689451,0.7666974267493388
0.6579890970788946,0.6627121204153984,0.667706522427147
0.7724120599998848,0.7805348282039032,0.784926931239756
0.6109020297427357,0.6207586911356371,0.6217393415885063
0.7406095460888983,0.7445191195802995,0.7540125124660184
0.6536349390724162,0.6500787412519842,0.659113313511653
0.7355585134795986,0.7445587179276285,0.7369876742820901
0.6672394473289089,0.6786160955613104,0.6710400473877501
0.789499655811294,0.7929070879372725,0.7927641492583477
0.6734121747062942,0.6770736484234287,0.6882226799197757
0.7794009089497483,0.7774644532974042,0.787136299334344
0.6990681123993887,0.701545714866466,0.7014440524335221
0.640857458592633,0.64301959400883,0.6508181648176251
0.635400363306421,0.6424263856967286,0.640246075464633
0.6581382780255701,0.6577777176553458,0.6577139590613876
0.7870284051852926,0.785183710941812,0.7908465801921041
0.6987648730949421,0.7064528094928869,0.7062862501226548
0.5826456087574141,0.5833350916883612,0.5793746408315369
0.7005853785364593,0.6976599911853668,0.6982477270733536
0.7081202535519631,0.7134460504442646,0.704731753999073
0.6068098875939573,0.6169865315218398,0.6165257547289533
0.7135916154697476,0.71276602316089,0.7226029630364191
0.7551483819004235,0.7606135409071553,0.7629802651290487
0.6336312801666832,0.644854649569417,0.6423696792897765
0.6298640926104219,0.6365308409085224,0.6424788718699768
0.7414355083071618,0.7448560229835269,0.743238323151048
0.6522852538179219,0.6555523980448177,0.6617911765483193
0.71176368848396,0.7131183654538158,0.7185517013347884
0.7209704614575747,0.7284649590014771,0.7308300615059324
0.7849926615147352,0.7954090510114823,0.7969087735032947
0.6492443538691931,0.6563844757075042,0.6488139359097412
0.5862982472179968,0.5933833340527591,0.5886768582564295
0.6616142281114997,0.667866287526952,0.6639152131925945
0.7342544048452864,0.7361251945688423,0.7352580260782117
0.6907935581277315,0.7013852722181853,0.7032817282909017
0.7274917726743102,0.7283025971478448,0.7361727922729387
0.7030834853301592,0.7039341765856822,0.7108679385934639
0.7208677483826996,0.7269526174488185,0.7375003623645778
0.6278363833606483,0.6275153636551744,0.6298184995074176
0.7408995835901682,0.7369889652967956,0.7471665988177952
0.7921137151713831,0.7891053967041359,0.7984875047416012
0.7429659817935055,0.7422121653922815,0.7425868481099038
0.6510456278024028,0.6599145329557617,0.6594802943263552
0.7174970779799672,0.7255878469314974,0.7208950932952619
0.7177566198831259,0.7231504369482841,0.7239957898071168
0.678355455184181,0.681074107816174,0.6824055667248772
0.8096742761641047,0.8087482608183018,0.8112487022910695
0.6804147929061821,0.6853176134581274,0.684676315502789
0.6732844437514303,0.6717801478984136,0.6847626196715256
0.7288701265329306,0.7304028645420165,0.734031661122161
0.7133979549245539,0.7211382666158929,0.7200679330504842
0.5899440102604755,0.6037184867954564,0.601101199286047
0.7088698808155739,0.7104563501002581,0.7143661960083179
0.7916793412232601,0.7926024751440128,0.8021852577169091
0.6802318570221408,0.6798482964028659,0.6829920903073741
0.7623636415917053,0.7630188886639868,0.7638682551815077
0.7528184290105381,0.7607932727320206,0.764490460840794
0.6385242999064427,0.6477764925880998,0.6370828175831327
0.7400411732261502,0.7457789374227021,0.7499149616226277
0.7567301259939226,0.7647848019700558,0.7621372333099756
0.6035650147473622,0.6034658135828251,0.6083263745863536
0.7816677130984011,0.7979271653745202,0.7834087280358446
0.7229720881443312,0.7280892059597064,0.7314792476514909
0.7586642217916831,0.7575679233924856,0.7657538173424132
0.6900128823006798,0.6903753862338771,0.7036379826347786
0.7403400417631452,0.7421309135263503,0.7426706043352342
0.750617845247397,0.7519701277597284,0.7651642099772735
0.6492467698051292,0.6626121904274327,0.659112459034446
0.8368060367981013,0.8378524042813748,0.8475106638878649
0.6964755229077025,0.7028995362115477,0.6968337569003278
0.7370341932002424,0.7357266371216079,0.751486679448562
0.6558527595875588,0.6648612264583379,0.6614861524733326
0.6701705220356453,0.6758143279145379,0.6750696332980344
0.7979232280966003,0.8102908861990795,0.8080993871222586
0.6885386972551375,0.6941720876567526,0.6940238077911931
0.708964739141373,0.7077799046742657,0.7155243443237721
0.7214760421032057,0.7239081875631652,0.7293745884792681
0.6551936756028495,0.665824272298922,0.6726718609406985
0.7025291254050184,0.7051908676971178,0.7049869226562682
0.6922223445171498,0.6980479736271477,0.6985803992877432
0.6717317373053996,0.6739840872308384,0.682185826889068
0.5813510464170129,0.5906067163326939,0.5867611301785672
0.7193094471104114,0.7220345582211128,0.7287136905696444
0.7356903646935014,0.7374545491862579,0.7335411337644038
0.6600797870941301,0.6598010305422405,0.6667283087114018
0.7263818874356385,0.7288621571182843,0.7361789450646988
0.6973687817276475,0.701936697643588,0.702797546357247
0.7675080528694452,0.7643830564173943,0.7774390225238257
0.7430583688784449,0.7428886517881554,0.7530612961470942
0.5858761172839069,0.5906398512286632,0.5961422037437432
0.6670083027945976,0.6714825862822734,0.6754409363446502
0.7214742437184667,0.7242406183821626,0.7318772967967299
0.8571798408377991,0.8578672734098955,0.8664290507198874
0.5872007181919987,0.5895581067696269,0.5928386802095053
0.6439351572563755,0.645053669463123,0.6556618218616115
0.7823684431055191,0.7956982497251956,0.7845704283401728
0.6347141181410031,0.6423635113370553,0.6388479992972872
0.7371988231346924,0.7434876349356364,0.744835407879313
0.7615212098009237,0.766873259473149,0.7601643639289972
0.6405490640512876,0.6545875395748824,0.65614514356701
0.8094858949225896,0.8074298623094669,0.8264804925090989
0.7888947930945851,0.7902450237806857,0.7952511164009087
0.6980983143575666,0.7013280304477536,0.705276301251625
0.734683744466919,0.7377257632791057,0.7406164452958905
0.7684152628709218,0.7741385582095185,0.7743875029479937
0.7394429663467055,0.7409706917114421,0.752414729344109
0.7056484529316575,0.7037274949091062,0.7072176579187546
0.7011657173961642,0.7078785597095748,0.7124590842164744
0.7766934876032299,0.7795006090577428,0.7939112806894663
0.7461353906054572,0.7474278039628924,0.7363797669475781
0.6931882123268257,0.6937647030049982,0.6950663198169079
0.56885747224492,0.5715002368876846,0.5830745524200359
0.5817557772973218,0.5846811118911437,0.5982266107462801
0.7091723824340547,0.7060643841642869,0.7170815131412256
0.6378583245786558,0.6457731277584098,0.6437302162403832
0.7499304782430621,0.7559951279723002,0.7547632164729847
0.7605569784897764,0.7639901104875149,0.764122000551437
0.6534534637955157,0.6580869501640336,0.6551111933326546
0.7040808538303065,0.7091440103387013,0.7158250028341194
0.730632943015784,0.7383355059225836,0.7437722283706217
0.6814813320290222,0.6875602928053541,0.6805892074122347
0.670675677329132,0.6724568978231272,0.6757155366158927
0.629589252393961,0.6339382914457853,0.624309631139842
0.6828466098605981,0.6826531216909195,0.686612286414825
0.5765909319815116,0.5857627770210037,0.5767291622697418
0.7801487613195404,0.792570931451397,0.8002902126354435
0.7055852295288357,0.7160973825421454,0.7163179542384129
0.7525695459210922,0.751315691407612,0.7610747547396427
0.601645416941824,0.5990864256950029,0.6006829587475063
0.6169747519404034,0.6241949077766306,0.6216375222719237
0.6359607034812863,0.6377937566054109,0.6412336174291008
0.6684284553741988,0.6744063515821273,0.6736651187769336
0.6824627584716869,0.6916458047904476,0.6835576107093959
0.7445343524705922,0.7463524784408712,0.7450381185853001
0.7298203926072127,0.7318235630985106,0.7416641031566258
0.6869069732014009,0.6859283870183934,0.6997348800543777
0.6860477374858901,0.6920796787589029,0.7048611595221211
0.7066960108898956,0.7063440260109216,0.7151817567792196
0.7603420830539933,0.7650623002647094,0.7568801500358973
0.7438023767379539,0.7530708163340718,0.7479885693307641
0.7621709109029556,0.7600931565027466,0.765753063093145
0.6826328745654608,0.6859107984254287,0.692964754600085
0.7855824545143374,0.7873560604892592,0.796001461680141
0.8285163941846055,0.8381523520674996,0.84088380250269
0.6945619586612437,0.698941430033075,0.6991612468839414
0.6778489236077746,0.6816600055301432,0.6827753782004973
0.6882847634494883,0.6909868289765538,0.6968909539637671
0.7077377596353024,0.7113863583094263,0.7125114087705584
0.6321079280456032,0.6393681137282679,0.6366786615578632
0.6531048027821863,0.6512681482173835,0.6545898915747885
0.6929848744528891,0.7014012549950049,0.6934428921957282
0.7108537232343081,0.7191158945286223,0.7149287953183087
0.7167628970345211,0.7209331776798019,0.7262405589073511
0.7120338450652072,0.7173185127434673,0.7157638257858041
0.7375397508272811,0.7357400978648033,0.7530992172034806
0.6741482483611841,0.6810235521892136,0.6837829913324467
0.7324292691785339,0.7335545049216272,0.7318187088394023
0.7309783073395615,0.7336046361377215,0.7382484793171495
0.7095585154218551,0.7151686883073102,0.722463805471428
0.664485713151899,0.6763387268709843,0.6763062139473999
0.6950971614413051,0.6968801458705083,0.7169996850485205
0.7201049167806408,0.7210247980567719,0.7253871683804521
0.7619506408535861,0.7704950476295054,0.7723876894073931
0.7244531783389444,0.724284626895585,0.7212244993505144
0.6576274272577253,0.6587851145043685,0.6632603442616155
0.7473855240237768,0.7585625742773151,0.7551328943122183
0.7833514456783296,0.7904254395510527,0.7817151841619414
0.72924623328423,0.7301277958289576,0.7329457245237103
0.6616922602629575,0.6711830936037672,0.6736930747381531
0.7507597260235476,0.7587821500786395,0.7600824903338816
0.7404690255402748,0.7423653173744269,0.752202097386361
0.799027583386372,0.796523556610019,0.801769960022341
0.6472517883589864,0.654404809982036,0.6505114783994814
0.6504846891598146,0.6537432045201156,0.6621678934662582
0.7548074159460743,0.7534485024892672,0.7592854841825138
0.7057256873632525,0.7077902031093335,0.7152542310029304
0.6638120092012632,0.6644164965726579,0.6709627895522537
0.7986371578648935,0.7987580399456228,0.7998795458498492
0.7857682171657836,0.7900566010739258,0.7887910606684347
0.7097002238251379,0.7205362526111666,0.7138432098074096
0.5375043200350724,0.5378488859695517,0.5435502594131548
0.7008321460848121,0.7045339680412559,0.7158757361768966
0.7090748456651366,0.7139049554763081,0.7188592332712777
0.6978263263758732,0.7068414101223996,0.7166749727517224
0.6047712034143455,0.606757951862604,0.6064874588986684
0.7869847397099842,0.7934660975376623,0.7928782049188176
0.763960180692306,0.7684147966752236,0.7654504411263164
0.7207663521414305,0.7201605944619905,0.7277778134534869
0.784284527678469,0.7876960524608368,0.7885010177360303
0.717254962701864,0.7185166427701617,0.7215642652690448
0.7839651955512204,0.7849128367675645,0.7884366457514217
0.7409517365274115,0.7386651072279381,0.7506658399223077
0.8223594142360524,0.8308404131753848,0.8214382318314667
0.6257521235932381,0.6336016500171067,0.6373532518590593
0.6253367467992118,0.6300957169296106,0.6303975592205284
0.7138523881435526,0.7210585006222139,0.7232536032935596
0.7073721669582749,0.7176213530235326,0.7174333399618585
0.65318936110457,0.6600034559875964,0.6623480169473549
0.7314343953077066,0.7329854363945847,0.7343188579941429
0.6807236036757497,0.6832201280948934,0.6859202965441689
0.7031970572471706,0.700960206583805,0.7110472945124988
0.7685077758149361,0.7709438954402011,0.7759169934446194
0.7135951863262746,0.7132934564189829,0.7166000108162879
0.693727253990484,0.6940977810841101,0.6994009761468446
0.6546793873292649,0.6566229962996596,0.6571256781346719
0.6736913542737873,0.6788990014216132,0.6737257933796552
0.6065069820915937,0.6106765972317445,0.6104600052589024
0.7433222800750094,0.752314289959601,0.7516644878128055
0.6065751618614478,0.6139151023899124,0.6227377138393098
0.733638825818738,0.7379540838255926,0.7366324454683726
0.675293007200733,0.6735707974021,0.6706902335854598
0.6936969101565983,0.6935541449482368,0.7017124863832036
0.7116827475654857,0.7199837169509088,0.7122673477536577
0.7018791017831418,0.7101501140232052,0.7116499790546879
0.7109902326597544,0.720133549152855,0.7188793745902602
0.7285444806175334,0.736070526671813,0.7318879703027994
0.6939181988043346,0.6988398613083675,0.7078435160028925
0.7923922750674103,0.7945926435986614,0.8039839381973088
0.7466705571811616,0.7561795045118889,0.7583465413701327
0.7444052665376145,0.7444078875199622,0.7575526564990408
0.7856018264697705,0.7941755900439763,0.7910682812933233
0.7349193219688602,0.744836720005243,0.7496682001130986
0.6639451021960261,0.6708777702554802,0.6772032225491923
0.793642314717574,0.7946659133922275,0.8006769908025387
0.595847173769145,0.5975082276118165,0.6086408526211572
0.7826549580067989,0.7972907273058284,0.7818690606943508
0.7172267116433153,0.7176322428757742,0.7237275681941719
0.7720414972055905,0.7709967920937237,0.7863397474121744
0.7447625797260123,0.7499412960390076,0.7457300978248174
0.6901495330641487,0.6875680544304918,0.6972411825857925
0.6605348875960526,0.6675647323905332,0.6623750390671563
0.73011125145404,0.7342186858154609,0.7403471832489555
0.7139890430682896,0.7091533433493966,0.7269486670532115
0.6260438523855634,0.6322101094013298,0.6296460740095382
0.6735478532746846,0.6829037678977214,0.6838870289625446
0.7780840053329021,0.7837555055258312,0.775588027781042
0.6811390510874531,0.688396415291058,0.6909581643815667
0.7225137449301141,0.7202959169597652,0.7310828952417536
0.8178313523548897,0.8187371072236475,0.8334676349655773
0.7073701689410544,0.7153489558067463,0.7095872294659074
0.7237339429546271,0.7275195644759627,0.7309074267107163
0.6762232104263619,0.6811190052361272,0.6767542635002721
0.74949889674974,0.7488517153686088,0.7523311346563623
0.7056746777667234,0.7094171715838017,0.7103363356254592
0.7249830779577333,0.7246934659662133,0.7334482230814394
0.6546972825512849,0.6649731613394393,0.6534677771820854
0.6947418588344217,0.6939684600090797,0.6986259906464043
0.6552200284250719,0.6559870435107853,0.6740069720214693
0.6852931389165761,0.6934621667141749,0.6897532564996104
0.7330235376401206,0.7386073080064917,0.7400188955464745
0.6752532542529285,0.6761931961387739,0.6789052606615524
0.7904512050418931,0.794704001665593,0.7863003617633986
0.7977038359468603,0.8102493632703605,0.8050350465507597
0.7318629856279748,0.7352484622635914,0.7362165420971823
0.6837391153113669,0.6837994946586506,0.6872797598299875
0.71615323287138,0.7246560185291554,0.731654315122462
0.7594385941618467,0.759147045505347,0.7666452062491832
0.7106005859095025,0.711443736557485,0.71864223098245
0.7027746003218691,0.7066839675749863,0.7022796959207146
0.691594440158764,0.692875338203685,0.7105727007824902
0.7477781113901848,0.7586851422831736,0.7509464711622212
0.7186906590569406,0.7217036612615797,0.724714497630184
0.7648776904552292,0.7704405563572233,0.7727536211383027
0.6876941303122281,0.6861076629436176,0.6923566207713745
0.695766255774723,0.697291598733357,0.7086390654762763
0.6614843827047784,0.66731462818681,0.6595153579114889
0.6771975746493415,0.6780567587742995,0.677728175327841
0.6609113715748886,0.666260804264955,0.6685389173759648
0.7503692770689717,0.7562658989948453,0.7487725187267635
0.618177560359706,0.6245857375168589,0.6295639598554017
0.7336086920195348,0.740655580546003,0.7402702947846548
0.7693065573537891,0.7725351620687637,0.7792113084993296
0.7603110908012302,0.7637497256898372,0.7624530910054953
0.6443141059557606,0.6600075595490246,0.6516518613149617
0.6073961481883473,0.6150902782957127,0.6180172885442566
0.722342148074589,0.7256574335166599,0.7274501752986875
0.6028731558140266,0.609790353100526,0.6249777609311318
0.6958559220227449,0.7005240068838485,0.7070974645352776
0.6628830940213568,0.6750613299881298,0.6737686457397484
0.8051446250022926,0.8053811918434814,0.8059822302120793
0.7818132930029844,0.7878279907417016,0.7888045710553772
0.5698629662706968,0.5684317864716599,0.5736451975887752
0.6875240827650332,0.6901925358988003,0.6949040325811303
0.8021881576263806,0.8011418699537252,0.8087881093947195
0.7325504510284746,0.7426480881111387,0.7434600900171021
0.7848056321495993,0.7892481586855209,0.7840757314235447
0.8314850318244434,0.8340864857008304,0.8432331511905329
0.7278866273905219,0.7276132934493308,0.7309530003033236
0.7247720762314532,0.7305022271975635,0.7312063280952396
0.6898303038620948,0.6982401386465519,0.6921709754229123
0.6839958824571565,0.6827114632119605,0.6969402961126251
0.8185761894591052,0.8205933324181587,0.8297113143540515
0.7194249826261383,0.7242478189268203,0.7274423746135023
0.7208807468661815,0.7257314742308841,0.7280695246566706
0.6332715612313302,0.6365312186723951,0.6376767827294089
0.6914784521098707,0.6938275851041721,0.6985420366605001
0.7588365296233703,0.7632504251608654,0.7661118490440679
0.7819235633933096,0.7879357183992616,0.786064428520287
0.649960661543237,0.6596186131154744,0.6528963339095912
0.6783927119006683,0.6846229764373475,0.6875131222773286
0.7095995211441494,0.7128924845757564,0.7194471463318146
0.7467898071427398,0.7583397026975909,0.7507738056206822
0.6978874831252108,0.6957042332401755,0.6989143632576058
0.6762682706000837,0.6786673909021802,0.6742077941302935
0.7984970718925531,0.8068613820532922,0.8032381201300298
0.7290366267298755,0.7343055339029059,0.7340399077827665
0.6609089446034824,0.6667497026769784,0.6712180099234724
0.7163012271734601,0.7211400041712737,0.7199184691101445
0.7300437054512436,0.7369876906531333,0.7402278322137857
0.7498032121996959,0.7538660919592145,0.7635099056848983
0.680335733641594,0.6830060040638124,0.6932721445250827
0.7670552340529037,0.7753494509924006,0.77544267752874
0.7462028659004802,0.749043233865848,0.7488592076638655
0.7531245859686564,0.7591922903238756,0.7639119496923121
0.7421543987102801,0.7378616935863963,0.7402038738559337
0.6698702478519484,0.6846168817021366,0.6743136017750817
0.6130435530643706,0.6233721059929236,0.6191398135343705
0.7109265553772933,0.7124947510457191,0.7103229784734816
0.737704362710836,0.7420961205794847,0.7389811793451682
0.5786400922486122,0.5856956258023598,0.5889538956593966
0.7493131223293513,0.7550214889296821,0.7618500720729297
0.7617983570257459,0.7700334699337215,0.7738178467825813
0.6732385635318267,0.6760175493938483,0.6744311388136875
0.7447349845233626,0.7562672621002829,0.7507146454819948
0.7631183603082201,0.7721672674351733,0.7692750463736072
0.7382503163744322,0.7463430328336901,0.7509813814976966
0.7077432425402934,0.7135616154061454,0.7106390564400162
0.7678181651221384,0.7718364943163007,0.769814184693974
0.6056663271377782,0.6138399434996297,0.5995409047607323
0.7066953759621054,0.7086493158777252,0.7216497535950543
0.5974272982697354,0.6057798817973188,0.5980079242439014
0.7344281856476491,0.738320053224128,0.7373276716969249
0.740852134980684,0.74868655000997,0.744464650950553
0.6868932513338152,0.6965605655121412,0.6942111520177872
0.6851456354397635,0.6937090653675491,0.6904695753731572
0.7109626516102031,0.7213662381380544,0.7308859924889013
0.6523371049311909,0.6581069653404238,0.6577541058589697
0.6742564326814435,0.680775473361041,0.6828565590979978
0.6928531741616965,0.6969408038380174,0.7013626942482973
0.6650188466151993,0.6608155869318256,0.6797678230916923
0.7581075681749592,0.7569580891577633,0.7536997695828462
0.6458702296931804,0.6587551616068938,0.6476650004765332
0.6902388899411234,0.6942778802740989,0.7063417297095093
0.7583572803729831,0.7695771982702121,0.7705809717240376
0.6679461163262385,0.6706265312728577,0.6797982574477877
0.6440542374457044,0.6496261751485245,0.6462278635822507
0.6788678459657631,0.6854298816813699,0.6861404275618567
0.6938552723723206,0.6920688144801196,0.7014725242517048
0.7146250832143543,0.7157208656288618,0.7199592240248108
0.6212052403129085,0.6216709046089297,0.6252217423294103
0.7065654014003244,0.7167013757992663,0.713253825331237
0.7334124616471789,0.7415450305598015,0.7328605899065377
0.701074726253337,0.7073739448831476,0.7117420390331497
0.6846790177277042,0.6885749650104512,0.6935763196385087
0.7907386361087013,0.7946744579614432,0.7875223313556541
0.774266959609537,0.7917095993331291,0.7814908968275215
0.851180746389635,0.8533343997546332,0.8620023682752452
0.69812955224917,0.7035287870723269,0.7073025965659643
0.5470270611885926,0.5522050631819307,0.5582297167651977
0.7597383735416632,0.7616875227547275,0.7622162735774178
0.6500819187659991,0.6637611045233388,0.6548785424614496
0.7504845063293182,0.7561563492150087,0.7601287618559261
0.6405860562041618,0.6513878975593396,0.6432877757431779
0.7290543615399032,0.730323224577219,0.7404087177060943
0.6887972600957447,0.685256520941405,0.695175202786927
0.8137518000757672,0.812932555519618,0.8251532083566393
0.648755669660669,0.6513539113330178,0.6530471096934662
0.7807455200833907,0.7809781706257624,0.7822456245072585
0.6895924977328827,0.6943875529616563,0.6954546966101026
0.7102480521744147,0.713608840241378,0.7158640621965392
0.8119042271990657,0.8168042438703683,0.8120098022574089
0.7466369738644041,0.7529564232468232,0.7586458591836525
0.8002144170824501,0.8014851534353133,0.8064143146774767
0.6485349625322945,0.6534050070652593,0.6540228571676155
0.6140998071723267,0.6262987928568737,0.6217446993939335
0.7281273179501782,0.7340642656274619,0.7406217634154924
0.7674914851351072,0.770345674487991,0.7681080249738517
0.6987556286793657,0.7000174347304575,0.7034493889729156
0.7354579056972035,0.742936343736496,0.7429311537049805
0.6865453923963158,0.6871059231633738,0.6898188692061019
0.7038622811437247,0.7062262178711883,0.7120056161956808
0.778767998670522,0.7794321931226866,0.7913807662581317
0.7594339463752761,0.7622885350315103,0.7673115835552315
0.6113621921923393,0.6100834783952431,0.6149694805389135
0.7730254564663251,0.7818501887511065,0.7897975276184441
0.7021556809706813,0.7137908316217485,0.7056020188959057
0.6844888555687751,0.6812099240019759,0.7010706714536374
0.6927614536134042,0.6991953230407165,0.694776953701783
0.7701740428372915,0.7738342846591613,0.7775468247367491
0.7163084696087942,0.716644829899479,0.7248157706333223
0.5898449929933125,0.6066865996981545,0.6023478811172366
0.6877052677498403,0.6925734583348536,0.6943121004917293
0.7397803045577951,0.742117658715152,0.744808643976313
0.7358748456206117,0.7460260092125565,0.7409476195223248
0.8424925709534274,0.8423629909104551,0.8436337943800025
0.628798005602785,0.6324339892600396,0.6315568308228494
0.6658944767484098,0.6787342089319288,0.6742709450493034
0.7924260430772907,0.7969285467812223,0.7913933985523032
0.7192899438436855,0.723994299093944,0.7349267239256767
0.6444626570616593,0.6480639078805572,0.6509989916926368
0.5369456548654307,0.544674025024683,0.5349894602338545
0.6438412759259282,0.6541281272165611,0.6547805438344761
0.6881680243445386,0.6941422081808547,0.6965066658967305
0.7143437460470363,0.7143618793773328,0.7172628428057866
0.6800760677902581,0.6877325107116987,0.683317020730616
0.7253156467551305,0.7284143859698011,0.7346242747012586
0.6592881462523339,0.6741588984343255,0.675512225104284
0.7374823907002882,0.7419632678588441,0.7472824084023665
0.6350656484582304,0.6450384110215566,0.641566399867315
0.7623677673611763,0.7675279556947685,0.7704822839153082
0.7391289932759048,0.7409680454423554,0.7511097164788092
0.6953207910423945,0.6955337964472246,0.6959894630076016
0.6642190248696227,0.6659591185942404,0.666661144172121
0.6891857238514768,0.6893919062629288,0.6932740189348208
0.7397958527813933,0.742849971909619,0.7468595274384969
0.7272861151513653,0.727838219965943,0.7329679765439409
0.6912443593646695,0.691025695265974,0.7060081206345232
0.6819768564644467,0.6818467632481636,0.6802196634711082
0.7131373174264504,0.7150028086968757,0.7281544727379626
0.7470236930194187,0.7528631475828865,0.7508372660204914
0.7271139459388567,0.7337945334509918,0.7383502639418411
0.645555496126394,0.6495860391944374,0.6623317035168873
0.6979814347992774,0.7067644036998382,0.7057485197088692
0.7705872245014302,0.7727291735271752,0.7832874449446676
0.6597726785538327,0.6710510089766697,0.6641757988813884
0.690917738698691,0.6905669431097998,0.6917334931162311
0.6734496302891568,0.679396767399281,0.6780676049246209
0.6417928308962799,0.6524149465257484,0.6568397924509095
0.7034101330167286,0.7046073209258212,0.7057814184135465
0.7746266652780753,0.7780318494657381,0.7840907697167947
0.6702580891653557,0.6745034899343588,0.6786971153921307
0.598012695630843,0.6038850773716772,0.598282903927837
0.7036743972746204,0.7065545067815157,0.7103857188895135
0.7385115523133446,0.7412774477650242,0.7458453110084828
0.7096255720419146,0.7179977829241817,0.7171956333512246
0.7818551320464303,0.7891817308787022,0.7902738868065811
0.7175145808068099,0.72277031710437,0.7243865309073935
0.7248709264183527,0.7363717420120078,0.7295037585245318
0.7712228028815615,0.7806963904830568,0.7741880591977633
0.7532547828946669,0.7587721315979395,0.7581864108150248
0.712487153837734,0.721208512933145,0.7205736904492706
0.6885260989047808,0.6863591850152013,0.7099763542270601
0.6227458246021734,0.6268290746854236,0.6224246467876133
0.6254598859078682,0.6273159317612049,0.6269920152669932
0.7543229522966917,0.7577167102408172,0.7642890480065374
0.7363008885638016,0.7426693023225471,0.7422608819339261
0.7292111804423073,0.7347010353383819,0.73603744055326
0.7204165325138119,0.7255220364967641,0.725282687629555
0.7209233267654791,0.7240259330717109,0.7258730871902395
0.7098886487144547,0.7135237982920092,0.7153805867328634
0.6306495637679254,0.6376323659443739,0.6320059652561256
0.7905219183025517,0.7920089296598012,0.8001895367186665
0.642982454965923,0.6477220278422662,0.6560157099925223
0.7191712154200203,0.7265951989777428,0.7254765069776739
0.6937890452119483,0.7097789454231983,0.705312788681753
0.6513584276435396,0.6551325412283674,0.6679437591414584
0.6926278156811483,0.6991898900697068,0.6945448883245199
0.7821187332060785,0.7884843161991826,0.7874172272365578
0.6673537982820821,0.6703370366444947,0.6713655626420609
0.740494710159483,0.7452208600418652,0.7452395837722695
0.672515754880654,0.6785505473060554,0.6804810867738498
0.7181905459454714,0.7203707227842253,0.7233394852535756
0.741993828138782,0.7460098740619832,0.7554092101119545
0.5945502539489108,0.5998934862874441,0.6036037752292177
0.5780929617278283,0.590093651930742,0.5871416809824299
0.6834330819840376,0.6853802881683762,0.6869670674427502
0.7110203447742878,0.7107978634131855,0.7140610656686924
0.6479376517653018,0.64751407502238,0.647043824984719
0.6026405525905001,0.6231754043037833,0.617600857393865
0.6436621523374548,0.6443176991145111,0.6438253635765367
0.6960057423105218,0.7000299946454885,0.7063243616541413
0.6608562008286946,0.6671915204922999,0.6734720191922119
0.7789989638962643,0.7854001708147171,0.7892653155555972
0.7976485209939593,0.7935546224428471,0.8033168565251024
0.640493618711871,0.6352494005812634,0.6505968038864846
0.7749461855304389,0.7818091704465254,0.7850850128406945
0.5690709137869354,0.5699318623816024,0.572446450163102
0.7785243538273557,0.786662454932859,0.7886240967431704
0.6812306749675308,0.6881303380184544,0.6807030843487446
0.7066057165739414,0.7094938816790051,0.7120913286781461
0.7545214843451113,0.7596746685046856,0.7730955483830689
0.7837324906286035,0.7910333280146695,0.7887688745557686
0.6834883215982862,0.6892532758058172,0.693860385817177
0.6745135089728048,0.6810046908044911,0.6842735091383721
0.7252860460824073,0.7276905579421888,0.7410196988869635
0.7989774552100707,0.8061420909726665,0.8076305940303149
0.6452510961146071,0.6594708620739561,0.6440027033037142
0.7548807824198055,0.7662941753605095,0.7606243160146379
0.6764407827897704,0.6812990636014353,0.6849860462841333
0.6337672346016885,0.6373389036733577,0.6344994085785052
0.7149627011757069,0.7232858828031411,0.7224748291072103
0.6650522609470114,0.6659052178776471,0.670641735299301
0.6369368029520044,0.6454080386607401,0.6414141529829258
0.7872016186013383,0.7901178688128968,0.7909322563653798
0.6760916768118457,0.6857888481693476,0.6756661937080889
0.743690833872738,0.7525635944973632,0.7553600739880263
0.631830770879318,0.6435267659922096,0.632437070481521
0.7429076043324327,0.7452316556149622,0.74730934510709
0.7148508600056444,0.7198654027431087,0.7194461024889776
0.615566860749739,0.6117654802519301,0.6199550837040333
0.6930182603035149,0.6950772845759918,0.7000494388410103
0.7906801539823745,0.7930614759957693,0.7971914898026388
0.7659499207850317,0.7713335473948157,0.7721009702491064
0.6222484772560928,0.6276832712669375,0.63162686149246
0.8094374979183359,0.8130233158112792,0.8118923538057945
0.6906530671688789,0.6940143653063674,0.6945064868972984
0.7810658902485205,0.7872998524130425,0.7914263613600415
0.6476103720133485,0.6527172246067555,0.6490489346191728
0.7100684766163907,0.7073553209890672,0.7099910271157546
0.8040533278481312,0.8077651915340592,0.8107461622468476
0.6271217973103035,0.6271733091496261,0.6251244624361829
0.6828166747956763,0.6955417503458396,0.6907633119439412
0.6280694278872498,0.6322149546352448,0.6322360153720371
0.7415619491453802,0.7488682294391605,0.7459632191457398
0.682572371675943,0.6835669220964742,0.6849542113970685
0.6816668754502957,0.6925014758130552,0.6940063947824335
0.6544296626180903,0.6539686401570605,0.6561142275240839
0.721363455757405,0.7315395737884177,0.7335925816700027
0.5634038834179989,0.5646877929608366,0.563058219062513
0.6943955694897749,0.6969306805627644,0.703444484284555
0.6038703792304282,0.6098424496203558,0.6190349928904753
0.7852691490452692,0.8024539951475396,0.7933096878296907
0.7053570623629208,0.708030643560214,0.7152777868420535
0.7596580047072876,0.7642380266590203,0.7643379371114848
0.6975048854150943,0.7032642787984276,0.7013271760446328
0.6256386069618215,0.6296509626616771,0.6308653390260536
0.7480463274768597,0.753309598729417,0.7603524865955187
0.7536868023834762,0.7571240319023232,0.7540094394406417
0.6530787489589782,0.6550702919191373,0.657873298166579
0.6674099321158146,0.6727775638512336,0.6720083253341482
0.7905065213248088,0.7977971693460727,0.7954699219323973
0.743456033548736,0.7498416601081117,0.751822632951522
0.6868372990628103,0.6964791928108731,0.6893103121413907
0.6422531505957494,0.6490183377571203,0.6449888402171591
0.7829012864821291,0.7847469608033988,0.7863996602443513
0.7334277348602788,0.7390339305164746,0.738609843029887
0.7010141682278498,0.7017219867770652,0.7013590857781522
0.7629239335724485,0.7644716786378406,0.7664920450693529
0.6215491456614568,0.6307907848974414,0.6344788852010178
0.652317308886081,0.6630772960866191,0.6585574104291417
0.5784211757717984,0.5794733670769661,0.5911680720633377
0.6473568563981125,0.6552541839380924,0.6551294385748342
0.7118845158344608,0.7236294771537345,0.7174718215842664
0.7400445652140683,0.7414459002715307,0.7450959338254858
0.6488098411624297,0.6529740455624171,0.6599961068142958
0.7366753928177073,0.7469585483893197,0.7458172646465928
0.6755666848993991,0.6801581467755247,0.6810070998552873
0.7343618292513292,0.7357329691359049,0.74577155368995
0.707621996338417,0.7129705236462145,0.7158128659154667
0.6925813038332518,0.7020495795390276,0.7127646086116868
0.7391184618349036,0.7468562433940437,0.738023732571792
0.6317714642145794,0.6464505660767695,0.6372754183758865
0.8107519603016153,0.8053402147945841,0.8262033027752791
0.6880706205230156,0.6876648944149086,0.6902713252236107
0.7447609341152145,0.7525365768266199,0.7482068002620543
0.7723769885528035,0.7800701380116015,0.7708108901404543
0.7709023202510873,0.7783522116455244,0.7781898361412819
0.7337289906105717,0.7347709542686064,0.7364946398073132
0.6623328363716119,0.6627237076871159,0.673889063178574
0.7036522846521764,0.707521582175641,0.7041202903457773
0.7573574996559956,0.7553614679769596,0.757781383970128
0.6043311284710997,0.605477560443267,0.6069443016074874
0.5399848975047835,0.5523394191712727,0.5450171002343603
0.7475354607865039,0.7454416531961278,0.7485125136146145
0.7426934848149307,0.746131589948204,0.7476654568794623
0.7497596716303014,0.7502177405785488,0.7530791492027105
0.6774891282328784,0.6821445582195582,0.6830357246919746
0.6119256638591724,0.6155209362455164,0.6272585293002615
0.7895886175102135,0.7892978554591997,0.8011291574680007
0.7891178528640015,0.7940936462610432,0.7965169605444309
0.7297704117709614,0.7366818256914565,0.735524048758983
0.7217919266204279,0.7314469626383315,0.7301917129452146
0.6976412514136829,0.7063436474990269,0.7009244142631273
0.6728391685364902,0.686293241249491,0.6765179632275966
0.8391634458192755,0.8487975658217302,0.8499551331803713
0.6783068983599011,0.6886344314749341,0.6873875434092959
0.7089159102794459,0.7101165383045488,0.707539009908616
0.6931788960222787,0.6843954822138647,0.7098585464644289
0.7121263592414364,0.7243941865756791,0.7186154116578326
0.7774604970105929,0.7708421824392323,0.7848679282855606
0.6284325813687436,0.623623873740393,0.6314856314621298
0.6984159561263698,0.7013618017829291,0.7017391015150614
0.6034053401778309,0.6101835963825403,0.6084335958002043
0.6060615939820814,0.6102342990956171,0.6191662491559675
0.7118549602499407,0.7118407832840096,0.7206600278008858
0.687150425372169,0.6921416003127486,0.6933561452319854
0.7313330602358197,0.7440517098156276,0.7423867665632016
0.812796850422376,0.8156012548963694,0.8088298556602127
0.5640486567988849,0.5709967718575729,0.5743869025672778
0.631958360202033,0.6346649011867254,0.6312955917205146
0.7203552710146751,0.7214008954629783,0.7317672093797647
0.6248308697273535,0.6269093264558103,0.6359368105457945
0.5578286724254994,0.5670003209567065,0.5630246217775045
0.7301736161603983,0.7281732746327791,0.741617779128616
0.7647809503742883,0.7724068811975134,0.7785876297748753
0.664796254387812,0.6716428559147762,0.6663020646269554
0.7119959112128902,0.7129080983860178,0.7117932377680835
0.7653656178664433,0.7668643364408382,0.774912949048259
0.5277188343731963,0.5342642862913375,0.5287407005089281
0.7119689973224783,0.7161194631259176,0.7148260367188358
0.7138170487060951,0.722770078367843,0.7269943216354687
0.6815412900396925,0.6852324134154751,0.6912855732766451
0.697181552355526,0.700466419402578,0.7019487221566244
0.6827233337571249,0.6913286012128746,0.6893090666646366
0.5772282099276276,0.5943809723632157,0.5861689435616938
0.6044422084469905,0.6090013497709504,0.6163086568377811
0.7467149654247869,0.7517837685022211,0.759938609556629
0.7047801442495273,0.710883997801233,0.7099139048702199
0.7171029621099457,0.7197965055063252,0.7215826598767758
0.7110430162047986,0.7157058422033942,0.7169604812787591
0.7169251329715918,0.715792678722498,0.7158958040977749
0.6657811836486219,0.6744161995430916,0.6695977357796241
0.6650844082098412,0.6747706089382413,0.6648272613443611
0.6600801656023101,0.6667915874340578,0.6648364383328478
0.6852514619511771,0.6933132915325172,0.6917839770667809
0.7782519890868,0.7801356493759259,0.785982612540886
0.6828713731506818,0.68293766933057,0.6777357231945771
0.8090072580923006,0.8128839421816724,0.8172710572560998
0.6514071555208458,0.6575079863919149,0.6509265204877598
0.6619889974770145,0.666898806798086,0.6644258356300216
0.5942207801046646,0.5923317828313186,0.598612818201682
0.7037995326719917,0.7132509527116472,0.7088781833513776
0.6669234857476946,0.6698079385113069,0.6759153206937364
0.677235424056276,0.6885734831776058,0.6839438807357484
0.7179402220331417,0.7263520120376562,0.7217455447087023
0.7307730866002327,0.7301149883492769,0.738730006708343
0.6046524243788425,0.6160116944738268,0.6226544015683197
0.7201631353253555,0.7203277860185773,0.7319426953817009
0.7348981035641227,0.7439548188530887,0.7355146386124854
0.7683882936887325,0.7717091515345905,0.7756084689820136
0.8017700816303424,0.7992051038636121,0.8140513056182538
0.6415783549797426,0.6529573333988279,0.6411199377615214
0.5799145774109342,0.5900417253953273,0.6000642587461723
0.7605659024332938,0.7646220336386895,0.7679502307592884
0.7723860216072176,0.7741025593109088,0.7906086607501541
0.6744610958482893,0.6852869838802697,0.6808589383063033
0.7989969421208142,0.8006496740890223,0.8161167936097132
0.6789047282803716,0.6937566353835392,0.6833349064355495
0.705178446422807,0.7181735193374672,0.7063568130604624
0.698289553754032,0.703709263881025,0.7157912581278301
0.7839045914289532,0.7898084547310456,0.7937538224341338
0.7367257003005513,0.7443188896896438,0.7403939048530725
0.746934375994898,0.7604492239095291,0.7685468593674942
0.7633085464568325,0.7644332119148316,0.7697770108627967
0.6352204051289322,0.6491621878711339,0.6422827742256869
0.6648422926047561,0.6762066612214825,0.6735345178004272
0.6859860585929014,0.6920854311536461,0.693292833696105
0.5798728987612128,0.5881225394411057,0.5928256577379406
0.7637302043674239,0.7663687685369406,0.775366238356583
0.7103971372002311,0.7124354864171518,0.7177914815133254
0.7023192020537841,0.7004910881440738,0.7085163364077709
0.7605162025798409,0.7674236775278618,0.7691444262456346
0.744665043012052,0.742864026074586,0.7553893035885687
0.7213754215788881,0.7289839300237061,0.7366506597938326
0.6325502957123375,0.6335768357453057,0.6360434493179912
0.7502168095886141,0.7542594831103664,0.7580200947293991
0.6474606524873885,0.6616032778203498,0.6661327994464052
0.6282131069657855,0.6342337618730477,0.644172436135641
0.6972664888401138,0.7003510051849784,0.7084783557391657
0.7226212253479888,0.7299534257534035,0.7305206379724014
0.7068370532375085,0.7061658639770334,0.7107319852895835
0.7789971835423677,0.7796926813491045,0.7835588967474634
0.6877906453120459,0.6926687945437665,0.6925375779098715
0.5719129727787391,0.5721963512852694,0.5730402933417741
0.685053570493854,0.6941633321937943,0.7066723385449752
0.6307531231785675,0.6382981060559865,0.6397676742401862
0.6928047504212772,0.6976607088147355,0.6909874232378787
0.7544705978388778,0.7553800549667176,0.7579336673751615
0.6388394877784058,0.6418966174873213,0.6451753743125063
0.6278007038023943,0.633206584462739,0.6408562670883144
0.7070106295769443,0.7079093547935266,0.7147937227229051
0.6422846014119078,0.6478063910675875,0.6477059950661412
0.7009946935968118,0.7039591062431323,0.7097717149686862
0.6619181029929453,0.6684923998756459,0.6765821376839568
0.6380984184731675,0.6416467273862674,0.6508079481173361
0.6781704129943946,0.682425358728781,0.6899522197557373
0.7392491495280435,0.7459119020590887,0.7542155869577164
0.6966461170812195,0.7022722067438355,0.7021309639834067
0.6968073010300105,0.6936210732762293,0.6983216250220391
0.7742554552730206,0.7754264703685643,0.7871294455734449
0.7653793252637587,0.7720733512501874,0.7762440863954843
0.6578280416925899,0.6667035858049515,0.6661699753016979
0.7626271169577641,0.7587265534075304,0.7693861889704076
0.7027092809624653,0.7101349712620655,0.7047771002333948
0.705615407570695,0.711563451030503,0.7179962673854833
0.7344887477495591,0.73832513939423,0.7403989086534699
0.7626016517897589,0.76285674607218,0.7659319176423622
0.7050150017242204,0.7019452642811987,0.7141703161188204
0.6690903857810888,0.6762391353930102,0.6777298972415912
0.6603413623566732,0.6623737048013149,0.670447251798697
0.7353832093494236,0.7370812583486002,0.7396795853522846
0.6723791145064086,0.6624455068877841,0.6753764810235589
0.7474326076768737,0.7549113649165073,0.7523251982212497
0.7869409983204627,0.7987485096661046,0.7910448541868188
0.7548282706538769,0.7667482607037691,0.7697607894613576
0.7788582784191251,0.7790249308143494,0.7836724166618351
0.7189739733664904,0.7261095331245816,0.7278767880847112
0.6017997460473578,0.6052132125411815,0.6129004164330847
0.6513389542031345,0.6569387731011677,0.6594116020871769
0.7211119839400927,0.7200885309289993,0.7293357322422345
0.7230952473119947,0.7282775495242413,0.7331971023294486
0.6389837265667198,0.6357788699154344,0.6520905524342075
0.6620334898767846,0.6644119087054661,0.6610035707549011
0.7396182020939019,0.7499936444334898,0.7494628439910649
0.7760547208713013,0.7872124932155409,0.7817660923215911
0.7368105316367187,0.7416475065700283,0.7418405449104819
0.7390740395145436,0.7428179966957306,0.7406708732625605
0.7232511871482739,0.7323664276617285,0.7241947607043473
0.686324977088031,0.6881939655841027,0.6851447891362522
0.7708606600777348,0.776482856820702,0.7838650213318058
0.7006216161522885,0.704581935033143,0.7110961744643468
0.6246726110780125,0.6256510148764517,0.6292099681293307
0.59695163666671,0.6034387978896558,0.605962636837304
0.6659728452260962,0.670618787503399,0.6754943466941912
0.7593061691764248,0.7590048144179969,0.7566014704690478
0.6952417920474099,0.702402879651686,0.7125526997018882
0.685363374182119,0.6887906916679201,0.6894874349018013
0.7575637714000635,0.7607687298802047,0.7615345872024273
0.6486362815095639,0.6559440934705171,0.6636149238503388
0.7529665607909682,0.7534438013732953,0.7645755774270263
0.6954451791721565,0.7061857596234513,0.7046073141758328
0.6823967022547305,0.6809036754586854,0.6880720218425502
0.8355105775591766,0.839760857765441,0.8411514899646719
0.6825149000596992,0.6905692213971438,0.6844089125636905
0.8364710159909834,0.8357726973463444,0.847228878815188
0.7549095731668675,0.756948598603512,0.7553597444151717
0.726265518034555,0.734541559323902,0.7328506814822187
0.6960962039184259,0.7062189720913514,0.70630731125245
0.7064588575405086,0.7104807807471724,0.721215417768612
0.7446264403465969,0.7430052530196569,0.7522993824085124
0.6303993698222891,0.6483190995245818,0.6283440206455815
0.7200499881763414,0.7283113666632272,0.7246015314743132
0.7425659675886791,0.7380161646877208,0.7431944043946369
0.4933915909798264,0.49367689950883237,0.5003674165431518
0.6730457300359844,0.6755488761052831,0.6897399938893678
0.6351489750556729,0.6435837366615885,0.6420499673444858
0.6975311914399057,0.6967296756769272,0.709087335148565
0.6340514427326862,0.6480727768513799,0.6411233697823612
0.6583938129316204,0.6598850948639736,0.664028271538943
0.6994538439256941,0.7142254407095173,0.7079538568386825
0.717437240399903,0.7219950944109307,0.7215329527728985
0.687905254589047,0.6845559593727879,0.6938620694915949
0.6858909497443109,0.6939088408854865,0.6976187566816417
0.7278672939126912,0.7339027753624583,0.7235694260067873
0.6088355067395768,0.6105106784399584,0.6135317687642
0.6620324308511285,0.669814148635367,0.6721663635675715
0.6685408976619539,0.6721648025449497,0.6730331586196909
0.695944432777188,0.692291313583655,0.6898013229949549
0.762200895507318,0.7598773749081482,0.7752700582229091
0.7362289934954106,0.7310121246747936,0.7341568491712195
0.7051532088307474,0.7104935206777021,0.7138530168640084
0.7492568257744178,0.7518675119535634,0.7567275470499506
0.7484620364997057,0.7527647722770823,0.7531867883001928
0.6689576606296492,0.673726880144702,0.6773144649889221
0.6754048795858673,0.6796022521207398,0.6844256678390083
0.7149590760357769,0.7187047866898912,0.720776951612581
0.663462135407639,0.6707051192530509,0.6768766220783755
0.7143969066835641,0.7158446371471558,0.7181877263641947
0.681374395677625,0.6882963246449065,0.6840529667735208
0.7145874649291464,0.720786311136089,0.7199210204976617
0.6901668014036484,0.6920826466908039,0.6971790712156192
0.7249740131540408,0.7330343325654107,0.7402706292389467
0.8088128818905327,0.8123586295472646,0.8119792822586152
0.6771462056481488,0.6818691021610666,0.6735870156298723
0.8118201165497431,0.8160610322364736,0.8205703415672302
0.6867971668468096,0.6952124021942037,0.6911418219605896
0.7611431138917759,0.7722470738427597,0.7615363791165263
0.7706996044611537,0.7682403934496317,0.7844930307628004
0.6074863378927207,0.611366212654662,0.6078292863036313
0.6938390715829469,0.7003497646397331,0.7006120892515528
0.7733567110008985,0.7748457650374317,0.7776336159772353
0.7092489864872391,0.7212503488723903,0.7136829399676209
0.6849086731645657,0.6925630871566443,0.6928218763874503
0.7078709138744265,0.7146399303848121,0.7128824033925334
0.6492092385709393,0.6504936309020753,0.6495122747425619
0.7469700631174645,0.7486227790523233,0.7605334300570921
0.6749023268469243,0.6866976140547613,0.6864324579754512
0.6557980220309269,0.6574682509441705,0.6682103197060326
0.7703376860952522,0.7706029338044935,0.7728426446322939
0.70967567016192,0.7171891941398876,0.7132462117896046
0.6896007576891404,0.690571837927592,0.6915365155017189
0.7831461548620703,0.789790018067456,0.7973973897412125
0.7292983905140915,0.7336982498809155,0.7327486116718851
0.79573495661411,0.7940383516428026,0.8048806504198907
0.6752622059345406,0.6850811489480809,0.6833373817553223
0.6877539341605473,0.6981495163873241,0.7003158145906524
0.7482793371472579,0.7490456748808412,0.7477541005227996
0.7772047024664155,0.7850492370741081,0.7877504029079491
0.7471496286467327,0.7562426112619492,0.7548814599767781
0.6909529841631898,0.6879084706740335,0.6915183701660759
0.6258427033978131,0.6245472430069746,0.635884660780488
0.7147630935108112,0.7122401715476857,0.7349592987217224
0.6675672118585944,0.681685071022462,0.6821892322557878
0.6960704673752572,0.7046658876463887,0.7021509335398674
0.703589052098334,0.7034692253972571,0.7006989042559801
0.7053453440036508,0.7177118526186085,0.718206580331904
0.6510746847202262,0.6561502019278861,0.6555917995804313
0.7068523425156128,0.7131352609860315,0.7200668386948149
0.6645535869338944,0.6714494748686188,0.686029979619951
0.6320229647354342,0.6350868249422867,0.6460297519627574
0.5359512800776816,0.5436706089282525,0.5374466727575586
0.7903964894077289,0.7906310536685536,0.7972483698257858
0.5897784981533417,0.5933252601632615,0.5946831328536347
0.7539676183244055,0.7573340904278054,0.7595215863335207
0.7482826389813136,0.7553346896941193,0.7582930291826651
0.6490055114495944,0.6502020843347701,0.6505378480020739
0.6407700315926681,0.6498012057668321,0.6420375683548479
0.757998629695158,0.7584668211487662,0.7688973256001133
0.6425591487697163,0.6544339572360346,0.6461347064305184
0.7730851950381568,0.77944544509707,0.7900425134889901
0.7446557338838151,0.7511645841669999,0.7544852670050151
0.5823297885916116,0.5888673114930553,0.5859314370754027
0.7180243908353429,0.7211284396071251,0.7194890925843409
0.7871249792527729,0.7942472115664443,0.7945566368562439
0.7262619928701862,0.7346222427834121,0.7340940030337442
0.6733888089137082,0.6801101191295433,0.6758825003568745
0.7606514212863874,0.7636032161216286,0.7716167784696236
0.7848810176501455,0.7888073931576135,0.7957345501493788
0.6881838360858598,0.6938995307903147,0.6941857455520551
0.6708012401153997,0.6823861264836094,0.6898248432590997
0.7931002074768007,0.800966950205773,0.7990232219493012
0.6682797159350877,0.6664025667129281,0.6805005793309511
0.6147785454395637,0.6205337080609177,0.6322245063278039
0.6706145219991443,0.6763266418898358,0.6783006677958469
0.6704582016385936,0.6752518569911778,0.6728535899953089
0.7714055394428554,0.7751927840609824,0.7742116067882084
0.710896159416122,0.7228661048981997,0.7226700359776822
0.774596149197771,0.779632974842064,0.7810748103844675
0.6878178079653955,0.690556614253904,0.6958873379724253
0.797373167611716,0.7976897465334946,0.8067415011804726
0.6941445978986271,0.7007092482964709,0.7062738450403744
0.694746224908402,0.7010390990646692,0.7041489774028215
0.739355221012907,0.7449051060044583,0.7516214320835821
0.7334840602914307,0.7347067652430048,0.7387672524364574
0.6959280866626293,0.6982907109761461,0.7046001628124364
0.7767457638400727,0.7839991001049476,0.7851554124581018
0.6251746132926107,0.6281558886971002,0.6408160136911539
0.5544020697756815,0.5557704091790892,0.5561556802180108
0.740712787796419,0.736567786732668,0.7450836457083484
0.6843752694699999,0.6933823347877093,0.7019422413733687
0.6205109326772665,0.6285718527426511,0.6251458986372325
0.6285471373093398,0.6367566227753728,0.6279444224646604
0.7335494021988426,0.7389548168485149,0.7458714290233134
0.6756015553791347,0.6830340547750748,0.6854658930192399
0.7727314293831068,0.7788256462773235,0.7800185188148387
0.6847420801464966,0.6846278860863292,0.6876511416408172
0.6910411434868537,0.6979466938956266,0.6972276937343806
0.7150537533079538,0.7218106144847372,0.7233228117364043
0.6011695352577705,0.6033780329420037,0.6045818001520734
0.6951257728292045,0.7082167822321889,0.7041851729528904
0.7043734850356875,0.7067160397252659,0.6948671646725493
0.7651052959023206,0.7712806150846425,0.7766921120872727
0.6734778900206763,0.6836783266257495,0.6735689479369793
0.5702919950068626,0.5729311292357292,0.5763123764993733
0.7493862858410651,0.7542104685366765,0.7570291334255798
0.64454140740369,0.6511555195170667,0.6467406394767318
0.7112525651865605,0.717389272760033,0.7178550780837162
0.7501599124891372,0.7519468867912902,0.7618568621444203
0.5969881090196274,0.6071595053792591,0.6120299663336486
0.6553932917357669,0.6646969696210625,0.6553675364039669
0.6189785722443738,0.6294323180861445,0.6205512712404445
0.6429238087348633,0.6404196955336388,0.6547407227090778
0.6541582184565508,0.6602736683592657,0.6658815301666272
0.7127373549732846,0.7164674321001422,0.7073503728581776
0.6449438144838353,0.6539999473060398,0.6439911327740109
0.6222646928772805,0.6221813186126564,0.6297121179389912
0.6906929572390891,0.6903160001564279,0.6897758877014837
0.7242987868523827,0.7336147698442587,0.7267473507339416
0.7834262192975914,0.7844224428423413,0.7946802916682225
0.7241419544349964,0.7351254353269999,0.7276369582407145
0.5798191251558898,0.5864750700046918,0.5822006626659989
0.6178866446242229,0.6263097030142456,0.6208298403174185
0.7539325365214721,0.7616685466533158,0.7578224085412463
0.725772856972865,0.7228274276216727,0.7365739728038129
0.7242273340940234,0.729373301546013,0.7299212353316744
0.6737831906033586,0.6785565226725239,0.6715386437480975
0.775879331576087,0.7855322689931954,0.787261025659677
0.6503307748182859,0.6549665190499339,0.6500124882437492
0.729842972515415,0.7410851554537284,0.7381666365187006
0.7672814018939278,0.7751522150608531,0.7716446145260001
0.7229310758918954,0.7209930695529961,0.7340615140228585
0.7797723084952237,0.779989215980283,0.7933193289255458
0.7321565839184445,0.7370783718168238,0.7335110173157348
0.7630478254830451,0.7774347037110922,0.7658398128937821
0.6914303678328363,0.6994428648265837,0.7025519526633498
0.6659543417899225,0.6810213480964594,0.6815125951106757
0.6260682600163358,0.6274496074698471,0.6283060948096677
0.7054667933553206,0.7090479443057295,0.7108848628147324
0.8051027113422713,0.8131622013987421,0.8134667350338737
0.698659949747658,0.7073462913972303,0.7096435932343081
0.6550603134305019,0.6697921651500812,0.6619943432033797
0.6656773442166299,0.6643531873880087,0.6724467833092834
0.680967799807396,0.6812632472141256,0.6822608116610743
0.6480928146959788,0.6481700869876843,0.6503101685505102
0.6681097755807839,0.6713293258251244,0.6796196472236916
0.6844090170493082,0.6908616885880092,0.6906852509940644
0.6303475851272097,0.6334172545886638,0.6430592989645187
0.7600103781930879,0.7735863077389308,0.7651739775206484
0.7962755265225299,0.7951746749014837,0.7993530869308357
0.6309273206414139,0.6315769754313552,0.6412785935087579
0.7531224912207705,0.7513479746664267,0.7593545188576143
0.6185506161898502,0.617093009106613,0.6293099728999275
0.7471106133311387,0.7509174096361142,0.752715119801401
0.7376100168468317,0.7401389016799296,0.7441829041822889
0.699764463842564,0.7072947247175487,0.706786771592393
0.7247958264903991,0.7370068582276217,0.7341382591175806
0.6422294892752539,0.6524380649588296,0.6383071349670453
0.7442518386923769,0.749284985408717,0.7552914572048945
0.7615454565405545,0.7625216992718653,0.7729768120236956
0.6827176331602419,0.6832537728754008,0.6842752009317621
0.7242312149284735,0.7296697145931319,0.7304815627531636
0.6796752161176429,0.6772004459687133,0.693359499566399
0.6817041363843415,0.6921171263044745,0.6897799527481832
0.7571396258895685,0.7572486410452018,0.768323172050198
0.6264964257529747,0.6343352104095468,0.6286963237826346
0.6355385422735206,0.6321266338839906,0.6433966547262847
0.6598434579970294,0.6647228537685471,0.6678561145864716
0.723706564515213,0.725144243914867,0.7284305065784409
0.6562501020724814,0.6606541424434862,0.6535303681688192
0.7434744400821803,0.7502875258039348,0.7465599829217449
0.6187465280566897,0.6205349507899784,0.6234997190856538
0.7683372546342162,0.766851397921883,0.775377505740043
0.6908056264732041,0.6935002229415096,0.6960448877948351
0.6551908575039701,0.6654181691142154,0.6681194511325637
0.7487199490969089,0.7541203071156077,0.7673583713940845
0.7090451103371049,0.7167969370245133,0.7135200233025364
0.7227562867747471,0.7258180927092422,0.72732694312457
0.657555866415733,0.6653763832821532,0.6704458125068345
0.7187012911715626,0.7213855234014689,0.7336723295908153
0.6877602965874532,0.6893924171396364,0.6954688840317546
0.7212483104633094,0.7363062104025145,0.7337150568588374
0.6375183597285559,0.6352921092043886,0.6407454518610577
0.6141670116256459,0.6215458343552039,0.6186422297937214
0.6883982016975665,0.6863947862968296,0.6844403365000289
0.6430651785228467,0.6505300156193011,0.6540127019980487
0.7166683975517789,0.7174847654853532,0.72251606679846
0.779576572387331,0.783781902218694,0.7829167970216033
0.6967781191241946,0.7024715822261163,0.7121697731457663
0.6117823707786717,0.6171354819281549,0.6204490861625311
0.7363554633858205,0.7558363734810162,0.7530202014916297
0.6645318305535042,0.664928373612981,0.6736355377228729
0.7407859385256601,0.7522085060975132,0.7494870225347623
0.7675701898405463,0.7734994183831679,0.7809720840511808
0.6578405200586076,0.6598049250526692,0.664157497522994
0.6751841387357005,0.6830976058708065,0.6877871847115853
0.6883446804093442,0.6953572757569885,0.6947263650606714
0.6829818397709008,0.6804475828766126,0.6839763204435763
0.6295111124927826,0.6351179580165401,0.6285957179006024
0.7937388747508737,0.7932761120599074,0.8025642463408466
0.6731614812551817,0.680231294626334,0.6781402647421585
0.683958909304633,0.6853975868221169,0.678916676341504
0.7134900016697064,0.7264934921758236,0.7187170579089881
0.7312439632352826,0.7285343453069147,0.7387887023365692
0.796420330390521,0.8003111747934324,0.7981849227426134
0.6314141681817005,0.6409927069713316,0.6378093663211737
0.7440614768559722,0.751012208410573,0.7444178837427364
0.6567678508190551,0.6545182345467502,0.6692993292925273
0.7871711144143769,0.796111546953294,0.7987397198829825
0.7072074028018355,0.7068424533663509,0.7181101197083342
0.8151089199358579,0.8170834149304295,0.8215989607271976
0.7037082078485133,0.7084625786540747,0.6979408330800355
0.6564558127164869,0.6637391583276943,0.6706350767239548
0.762364533368385,0.7674384947866738,0.776679231914211
0.7133761268150102,0.7108224168038495,0.7208400749117311
0.7729397712117931,0.7779940598722316,0.7764389506974604
0.6102760028813529,0.6156565748666868,0.6095577917161087
0.6382929621836962,0.6495355612085432,0.6405056140652207
0.6550137919110037,0.65722482779307,0.6568922915527257
0.6652945437829366,0.6695581498527927,0.6764521072268721
0.6328008877871271,0.6393498828503307,0.6431354683851006
0.7307716660437791,0.734213442823597,0.7375409322213244
0.6274405182663588,0.6412383679410639,0.6457659604634397
0.665524067295064,0.6736223833844083,0.6711505210855688
0.6418725103315088,0.6526755562208321,0.6595277080878972
0.7697287108703967,0.7694940614919975,0.7704859554167861
0.7420555933677814,0.7480398300176343,0.7575722315265413
0.6745000127773062,0.6739944796450733,0.6812561622410971
0.7045801887835177,0.7075591211230943,0.705441145899464
0.6568483004982655,0.666629077355281,0.6650599541058129
0.6427531347758368,0.6443664202914158,0.6467146923806193
0.8061137643626356,0.803732215972488,0.8191470698754576
0.7315307140730718,0.7412869027917606,0.7485426777629768
0.7272285425439413,0.7304034618376106,0.7323583087676926
0.5187260902632227,0.5339767909514235,0.5257831871015697
0.6893818739622515,0.6874395494508618,0.7010337331927348
0.7847942678296275,0.7900047951918084,0.7964539378347401
0.674602082123591,0.6710720506164133,0.6805886404726492
0.7076615651654338,0.7108943976107664,0.7227092008630696
0.6481111926633166,0.6516141670037909,0.6577129085574197
0.6369059981067412,0.6438970594258439,0.6400115259472478
0.6317661398299554,0.6365943703956861,0.6451408499237833
0.6733467847530963,0.6834317571394868,0.6825958553469339
0.6414436465912583,0.6472317050974888,0.647961208295427
0.7212875428897074,0.7236444849209522,0.7268731811862442
0.7557840313070457,0.7635947117291753,0.7739161395825114
0.791236602250613,0.7929317899333002,0.794684073393187
0.6489561685250513,0.6507541683067948,0.6541300408722153
0.6779495386884494,0.67797958380673,0.6912738391416013
0.7444631823483648,0.7532499756325828,0.7564361366719556
0.7099493031779768,0.7193694496375751,0.7159619346130498
0.7370659981370445,0.738689244279208,0.7472002229400193
0.8018390104895896,0.8088399629837645,0.8152336256265
0.7051786649614339,0.7077713250199222,0.7051779317903467
0.6836179207806165,0.6868354351419681,0.6856740239522658
0.7155177054826248,0.7190072878439063,0.7126543033533466
0.6176026323840788,0.6296607615234577,0.619860705497183
0.6797225119826484,0.6859167994567676,0.6906260772004994
0.6829711877360418,0.6852094435142152,0.6909797660763872
0.7979390045365292,0.7955806632678228,0.7992521999380621
0.6577044699989376,0.671616372108266,0.6615242138802926
0.7823918037964295,0.7807015516463828,0.7869998966715676
0.6882877264833673,0.6907409531379244,0.6962894515751133
0.7484844947354751,0.7591901905364719,0.74750377961726
0.7386480844552648,0.7465507042100488,0.742097988369822
0.5973867779344415,0.602636245054941,0.6132680447017027
0.7706879986260629,0.7756722707350039,0.7843447711555838
0.6622426255940087,0.6698371160442942,0.6683945139173255
0.6006760102844456,0.5977627093492697,0.6165767861289713
0.751596968097623,0.7506729794475139,0.7563740031216818
0.6282164888270568,0.6317806478054766,0.6410911313923399
0.7233548733867039,0.7376564461331293,0.739532013675609
0.7351812622915138,0.7402903653577598,0.7500217559045115
0.6437527843996474,0.6465769475005261,0.6411660572513466
0.5828758898695218,0.5887973260896971,0.5912142766189379
0.729472223840175,0.7341407573516011,0.7297948307325823
0.6869917161248903,0.6919859568467516,0.6914851808087437
0.7727629613945598,0.7736601815558598,0.7687108541763812
0.6634306566611362,0.6665195327982267,0.6706347054497789
0.6679604987281109,0.6715163093106351,0.6796645201209482
0.8133158350594698,0.8221704826215784,0.8250552410499565
0.8115429376369956,0.8230071984623494,0.8138104237884103
0.6462344032812923,0.6498428228709617,0.6523413439596614
0.6050394552092161,0.6067686087579978,0.6046419591681053
0.7027636611115703,0.7072577485386935,0.7082963504460453
0.6907699688966499,0.693560852087533,0.7040272149496941
0.6338021347981183,0.6464426496404188,0.6361178192459456
0.6878904329797189,0.6980581526783206,0.7082688961831819
0.7875656968474213,0.7920307460963834,0.7975783374566305
0.7514014050967153,0.754235205539027,0.7629201508820495
0.7252280316352726,0.7323632087027327,0.7348218120611958
0.6775900883032395,0.6799380799469916,0.6937054504499415
0.6174257747757222,0.6238993390421436,0.6285127301814277
0.8103576651542936,0.8142012948105496,0.8116522129942516
0.6298039219705113,0.639199537994699,0.6278286960743894
0.5645624736473607,0.5722332121895775,0.5676536515977046
0.7865996352774961,0.7933705889270211,0.8056975164087106
0.6931589175925487,0.6968795130024296,0.6985843677376415
0.7219938670359363,0.720637805621369,0.7271964350100585
0.661593427906007,0.6643110210077389,0.6668523651081864
0.7503653929244719,0.7503399774008421,0.7697392546907531
0.7912247596199132,0.796725143528333,0.7974503299562177
0.7263024697480612,0.7273010729461393,0.7240959667722919
0.738698378470583,0.7396929645807326,0.7622699910046898
0.7256656918756101,0.7328336926492125,0.7354894279766095
0.7616781389273679,0.7665774222618333,0.7682558889268891
0.5591205378350512,0.5652766861179852,0.5556573584218718
0.6882049034278424,0.6932919374366026,0.6917475660712357
0.7267311678059357,0.735872543841587,0.7326696096272723
0.6980766557584649,0.7011610603769555,0.705384365676154
0.6883221683074393,0.6942580331893181,0.6998272832838686
0.5805795798250528,0.5888799526360653,0.576040904413163
0.7988274106703668,0.7988212108752001,0.8027239133744745
0.6784055920468071,0.6845950863479766,0.6832546718877094
0.6827084656256146,0.6871061014579841,0.680452365522273
0.7864258101583801,0.7879834013395864,0.7864467481159252
0.7452826307949044,0.7503320251941256,0.7577401773534139
0.696532069893482,0.7012762647635945,0.7044958330518589
0.6725272881726607,0.6807717317338335,0.675108803649665
0.6991376779655143,0.7047801285160531,0.710095811300433
0.6402277028927615,0.6438695897931072,0.6430664545998404
0.6401655726780754,0.6331688505004707,0.6510553867748997
0.6815538704005505,0.694524356992623,0.6845790194960943
0.6570568067066521,0.6609118284425783,0.661396875169935
0.6677886252675118,0.6767005681526693,0.6752240424627506
0.6981535797771719,0.6978078682796744,0.7026694447735063
0.7190144407424568,0.7243094413437074,0.724815558837325
0.7065633511556136,0.7066511282886633,0.7135443126601777
0.7053962710654931,0.7122383983450004,0.7068536479722123
0.6928224763681696,0.6996450056906989,0.7097752915424135
0.7686754083942838,0.7738524400266727,0.7756615871626056
0.5737462670193625,0.5849318026672902,0.5821550438489098
0.7623326733835161,0.7654550643106061,0.7695876034713244
0.7452922473207237,0.7459295646413596,0.7497807202895538
0.7457963741137522,0.7515396563923121,0.7480758208909221
0.667987868713919,0.6788251606042572,0.6832365414036633
0.7385805966082504,0.7427060628903343,0.7536086104089531
0.6702620588999514,0.6752517560258883,0.6837978038244664
0.8339081564796473,0.8394928446310023,0.841261888594094
0.7601814416838666,0.7640319041182569,0.7662775625622877
0.7293641803016326,0.7332502783062455,0.731999654515939
0.7661351621651835,0.7711928305471374,0.7754161340391704
0.6895755728565979,0.693329893693089,0.6960530462034186
0.7516114208506971,0.754357385219189,0.7594142084718319
0.7342265090918073,0.7497424687494336,0.7377106122241244
0.6972917013068123,0.699527412549079,0.6956699346543982
0.7282372463764882,0.7252165696207169,0.7366262190781931
0.7001177426178079,0.7085609998531913,0.7048719098308428
0.6382314148060871,0.6426088785455397,0.6402169873023741
0.7311650903649606,0.7359755100899954,0.7389656090961515
0.7778831977350913,0.784339211990055,0.7840616984010919
0.7967713003349016,0.7961501343536166,0.8001678582595142
0.7766697094992051,0.7774594988557224,0.7869686748532145
0.7668119099572324,0.7692025149540873,0.7788992162530995
0.6422806433946415,0.6501974650369082,0.6440583469651212
0.7701977252212542,0.780000041292298,0.7688024999466541
0.693584432548766,0.6945784529377669,0.6966007701482969
0.6613468774644018,0.6741131141688735,0.672045160448856
0.7131504011824831,0.7135676786661024,0.7208015514957143
0.7571124517331057,0.7589533116470153,0.7660829432004106
0.6604363177258799,0.6617105646236534,0.6707050127312583
0.5321798927321513,0.53475538243075,0.5430812206480625
0.5128415182444739,0.5194695096974653,0.5272388259593238
0.6295274084613398,0.6378945602909917,0.6303420318585453
0.6955799821199107,0.6978393670067529,0.7030934345171866
0.7536114036510743,0.7536572641442244,0.7660753413557857
0.7211331352121954,0.721868136497296,0.7326610350343877
0.7032999551145198,0.7044265492748449,0.7040080453052829
0.684058310890401,0.685605638926122,0.6927517505836832
0.6432481323477875,0.6513217832669743,0.6479670116827383
0.6563251559971495,0.6623865497135328,0.6591237309731519
0.6552359514620268,0.660975553139814,0.6660687857994654
0.6807987099760908,0.6762318288343977,0.6844965266435501
0.7118653788733864,0.7133617134200201,0.7226560013293098
0.7465834644965011,0.7638793702882399,0.7515743606373971
0.7686221828091776,0.7767166226669378,0.77606403001426
0.7223100709424572,0.7265781390088448,0.7293698759174876
0.6524801744402763,0.6594793554858666,0.6560599302867115
0.7047058566608463,0.7160807086982679,0.7101708728395528
0.5839576076172639,0.5767558434179433,0.5907954466080794
0.7420720277971538,0.7477045059902256,0.7441027962364509
0.612637192966736,0.6095821425179896,0.6136350757717617
0.6802697618514185,0.6840430685381179,0.6841937456459202
0.65401842035421,0.6604164064899737,0.6528296483522726
0.7295244448095495,0.7362538556043822,0.7395976384516315
0.6927977971974394,0.6962017901757838,0.6993174734441829
0.7150197597787247,0.7192574994727449,0.720610947441783
0.7014246840872532,0.7017404499147278,0.7070955682496463
0.7568564559249821,0.7622849664972314,0.7560335618437547
0.682268954391146,0.6973333831896287,0.6808053523445257
0.6848950944422056,0.6960969349763991,0.694418083181861
0.7218350903789659,0.7349884175607565,0.7274166243673074
0.6841147947437155,0.6881793739375914,0.6870912783831536
0.7290082701863716,0.7326871156245275,0.7325175421499435
0.7659582575759749,0.7668103938804625,0.7673305494358583
0.674848521723312,0.6770962406308699,0.6871465932880182
0.6357883466507692,0.6447641461488901,0.639063077170354
0.7249621193803526,0.729830528878314,0.7383821971131246
0.7441576083300725,0.7503348451053832,0.7445354847746156
0.46904500982644065,0.47647228965445554,0.4800939156475101
0.7783208491366692,0.7807605827807096,0.7836643181787087
0.6727979960049288,0.6765402943081292,0.676720578415904
0.817221255323372,0.8198767136547234,0.8162986060240184
0.7053598776807785,0.7144497872507078,0.7139704816891792
0.8053395375441528,0.8076518359835773,0.8157736443195392
0.7519661846695187,0.7519604686831011,0.7633952006672671
0.7163352943986293,0.7213305337628286,0.715642512048704
0.6273297274329311,0.6311831145706145,0.636311713502417
0.7636285205421336,0.7681449439555809,0.7685393773660859
0.706482316343398,0.7085780589469661,0.709943419263587
0.7352929660348204,0.7461972489436235,0.7383338485649885
0.7238848418719538,0.7336618417083051,0.7458899446395566
0.7222393995087303,0.730246244515575,0.7237470451369116
0.7242269473907561,0.7283275652959084,0.728810161711838
0.7401390382960392,0.7430207253425034,0.7438603803726538
0.7187384085715108,0.7236041483872507,0.7205616612295163
0.7519136210724389,0.7617852617024777,0.755556096618356
0.7805477946180246,0.7870084443078413,0.7951449288116988
0.7228799409863693,0.7263844700733212,0.7292876552563529
0.7725850696144816,0.7788079329068637,0.7808587831914688
0.7880215666501134,0.7901367438819963,0.7988478580231562
0.7433836320058153,0.7507587049891606,0.7472146614949913
0.6555833239392146,0.6670474694938363,0.6723347633727969
0.7560663497327187,0.7687188599209434,0.7568296657817488
0.7458487514367209,0.7490935417614274,0.757232808757679
0.760306180750221,0.7690226139202255,0.7699896930887229
0.7506111499971887,0.7591769601920259,0.760606039052267
0.6910707965638576,0.6996503901244676,0.691837682414201
0.7518963133689249,0.7637124857877761,0.750971968533866
0.6195477213685677,0.6241309806338123,0.6243639712996459
0.5805152333047072,0.5920197845191323,0.5948473761618501
0.7311159626292565,0.7371696546242898,0.7345867238714048
0.6824249476569119,0.6877685842672152,0.6923146389646705
0.7168080562375778,0.7157108299122751,0.7223439260579297
0.674137559084281,0.6746161433967939,0.6783914729264302
0.7040608810040051,0.7116836366499052,0.7153944129365917
0.7813286673618843,0.7870124381045293,0.7882598925580446
0.7357364129556723,0.7355843742861393,0.7431117509618929
0.7240120213430958,0.7282407856563843,0.7396154849429881
0.7085188170565841,0.7122198672008065,0.7224025361396452
0.7656378044334802,0.7695277462862897,0.7726003191078296
0.7927971970980078,0.8016406924829386,0.8028859490359355
0.6365883007302485,0.6404348106116609,0.6391082893395228
0.6876060945137948,0.6900363733872816,0.6993909069178287
0.6939804875589188,0.7031113560096403,0.7007179982469545
0.7980861830984461,0.8013647363599472,0.8006260853498154
0.742660932938545,0.7438987550790831,0.7531185179944129
0.6739807390657963,0.6798598175985441,0.6786082413953994
0.7530825676884882,0.7554399021187954,0.7633008075835138
0.7444786895179203,0.7468756925417885,0.7526018842104513
0.7874035659665437,0.7857707297401195,0.7895013294734794
0.7065132356494681,0.7138034579591662,0.7099097753549916
0.8105343753935139,0.8197644455004223,0.8223580754951549
0.7155096953524998,0.7264591713265207,0.7282309574308873
0.699713114228979,0.7117883502557905,0.7028926620623028
0.821178353022784,0.8271408166665395,0.8221232540490856
0.7978898093963237,0.8014952729052183,0.7999028297698119
0.6824040743474759,0.6916378066990059,0.6845500018326891
0.6600512123353297,0.6590274135151024,0.6725367306840836
0.7245821597721708,0.7307539763915571,0.7302431417931843
0.7382906774115539,0.7433206949296437,0.7465570296219542
0.6957049707806217,0.7067792486806198,0.7098197263777851
0.711181505818832,0.7249914706105338,0.7067720862196013
0.522455019340579,0.5281509634097372,0.5260887003654363
0.7270768021174037,0.7237874558000111,0.7356382906339747
0.7831675574468872,0.7837879698076355,0.7921759446945604
0.7818576546400877,0.7852933762471339,0.7850820933831961
0.6046448094986606,0.6078503889706095,0.6018517179116764
0.6790581461178098,0.6861367688904103,0.6860951282640947
0.6654297775520464,0.6688168973080039,0.6679286539522213
0.6144434480418823,0.6235670853173054,0.617985811780307
0.6851638300564846,0.6844942210434931,0.690550065882076
0.6566041729390949,0.664416023715952,0.6590948987939756
0.799368140318947,0.8049430916483931,0.8033926445012685
0.7697577831383033,0.7697676246254035,0.7699867045514686
0.6880036348123063,0.6973195218042947,0.6982078474696428
0.7179262383899591,0.715982628063258,0.7255223352392842
0.7598780929165433,0.7678889830845766,0.7681172856682359
0.6752641878177069,0.682052482450777,0.6863656638859896
0.6870826366842557,0.6921125591233167,0.6990469714877185
0.7606749610767646,0.7678778003530887,0.7638361769222065
0.5977975390923155,0.6014174204804323,0.5994176591982144
0.7068017531706992,0.7133270788701325,0.7174807235850317
0.7744566721848782,0.7700604859702441,0.7787173845558147
0.6553529511551227,0.6531692900820899,0.6627987693658569
0.7392877627328214,0.7440465216221172,0.7549057870259233
0.6954264523910616,0.7018695983712807,0.694779116432709
0.7345420666783938,0.7382006218357582,0.745541210292716
0.744246057987427,0.7571978326017015,0.7503389303111818
0.7035311962854434,0.7093603692202081,0.7149462640970795
0.7399618523076158,0.7412158052747264,0.7458763790507139
0.7519996824057184,0.7497864382256704,0.7600907600714288
0.7101580094918459,0.7157655784570127,0.716498623214502
0.7655577987588811,0.7699517750767747,0.7736613155873181
0.7446873291971188,0.7445759274945647,0.7496857087185727
0.7409427647703734,0.7471876927370276,0.7411850743787545
0.720119752471733,0.7178365766683891,0.7230957904549139
0.6860322071514389,0.7071651758153288,0.6927548440721893
0.7283820162364135,0.737872387528363,0.7341985167167023
0.7266770989630635,0.7394792455733227,0.735636662944056
0.6725869701143863,0.6768329630809847,0.6837078692549285
0.6607298033066891,0.6619041768528158,0.6658493122457082
0.7374642159172025,0.744432982436077,0.7460083706912591
0.6700964662811749,0.6754476168171472,0.678055940115349
0.6919009599625211,0.6956849718970962,0.7015210449001479
0.6802983774396003,0.6837357204673319,0.6831863957704756
0.7596427280190758,0.7648917600716796,0.7627935181460566
0.7097061609563999,0.7098271553259873,0.7127028172044715
0.7065043655039205,0.7073296911372816,0.7101091698265819
0.7593879785215728,0.7634090784603416,0.7719839507387217
0.7534982767135603,0.7604695736815834,0.7510176069864621
0.6763125261481175,0.678127043229129,0.6859255282474294
0.7953550159016735,0.7960397020547404,0.7997746577521977
0.8297987125166728,0.8390176931461798,0.8455142997456173
0.7016896359955532,0.7055363941821224,0.7048147175122313
0.7881432302485805,0.7870110449385589,0.8005137214559417
0.6517975453474948,0.6565755897327631,0.6598705442340576
0.603608547901603,0.6158843676506371,0.6141086372594132
0.7541470469318243,0.7601722152060649,0.7577540331451131
0.7760147792495118,0.7798145407255838,0.78073399226353
0.6113763624236278,0.6115044491726782,0.6236108339661672
0.7586102589735966,0.7751154414669397,0.7620312027249995
0.7150524153725613,0.7177108154381038,0.7169852685202954
0.7172678662708175,0.7193392519357866,0.7202678596597817
0.7337873227645793,0.7407867674683469,0.7404996361803149
0.6953213829186171,0.6891253746862642,0.6950219203169486
0.7830659012919102,0.7932816281251184,0.784032772235032
0.6876220757098763,0.6946724219070188,0.6940039878469283
0.6376391805206932,0.64423082312854,0.6452530394791951
0.7022366389716918,0.6987787026445825,0.702375647366527
0.7685616328801775,0.7721041234583825,0.7721202227471005
0.6642851850248506,0.6562369968277626,0.6708410591771532
0.7774643828681138,0.7855667601549556,0.781985861906858
0.7693870963352617,0.7678998130646779,0.774508976598987
0.748917109766247,0.7511413095277371,0.7587363590598389
0.7348058515089609,0.7367259028154908,0.7494857515912419
0.6845871904508349,0.6891798725482791,0.6919936110118075
0.768533980983355,0.7671030810359266,0.7686697123226935
0.6258444364692267,0.626258113736232,0.6312068699301178
0.7077927140006501,0.712659380254046,0.7113794929624291
0.7000998304689656,0.7019226816918167,0.71084648792037
0.7317169417292538,0.7420152346700144,0.7433109254416199
0.7113490964302962,0.7175399011411987,0.7140235173476825
0.7080579158838204,0.7146603433945812,0.7142499502220113
0.7401473642717344,0.7390404863716491,0.749959940467714
0.6490182036710049,0.6501878471538837,0.6531308609872337
0.7030295420992182,0.6993083738669683,0.7134136278158669
0.5793256998370446,0.5822507557646215,0.5920694776908845
0.6677488590869113,0.6717111842917695,0.6781988525127975
0.7555676045116347,0.7615925984550812,0.7594760008315952
0.5842319632310455,0.5940628938744762,0.5852264586020889
0.6244007882990027,0.6260811882561884,0.6407215673215674
0.7147175605705676,0.7195046014497625,0.7210266526359094
0.7332893891336645,0.7421814978516658,0.7487104820839238
0.7210527396999583,0.7232180460586507,0.71996140932554
0.7681732273500057,0.7647746451969943,0.7821523728912836
0.6508404507438993,0.6502547255032721,0.6557870558136659
0.7565795675948425,0.7596968916296803,0.7645033243055042
0.7764510681257388,0.7780548713927073,0.7836083721192444
0.7053134172096861,0.7105520155207782,0.7179234804338996
0.6634718061156089,0.6683998564966004,0.6680219614088838
0.7853756011492721,0.7911599023238867,0.789637382049148
0.6716015378337603,0.6748097788652158,0.6802691530820509
0.6935191632567141,0.6891977945709813,0.7002871652982456
0.7558084854822806,0.7593726665833662,0.7592287833061494
0.6561350624276772,0.6642334415631835,0.6621108416097617
0.6891112435154357,0.7051644306580243,0.6954043134085057
0.7304048847837642,0.7388845517331509,0.7350562995483364
0.6423423193857195,0.6457166867044173,0.6398965860922257
0.7007800954840312,0.705724934102319,0.7060388886572639
0.6348798936301165,0.6433248298757881,0.6449810234552659
0.6602267646262625,0.6597570344290813,0.6634362453552288
0.8151226613599712,0.8207332045089725,0.8226531109163563
0.6852219308266456,0.6927643146629078,0.7012371854713544
0.6114527789399024,0.6203728007403864,0.6129121958807269
0.6788111295368761,0.6820578962691691,0.6862444865004851
0.7742730328333068,0.7756569558029562,0.7727601663334305
0.6630046590079687,0.6634593396891886,0.6726622745577747
0.7350271198761419,0.7372941509775088,0.7508825449223585
0.6170297803989819,0.6235432313350563,0.6209006021380632
0.6445533202872064,0.6447865292497128,0.6444032343942632
0.6826578524178792,0.691327379980264,0.6968360033674587
0.8275395464782765,0.8251240346642529,0.8307784617296918
0.7051069296454677,0.7137632717332103,0.7137286576933658
0.7387402765985017,0.7406611831060153,0.7507947519026092
0.7058569263553782,0.7091212349502091,0.7074017750563195
0.6395646771281069,0.6417332527246239,0.637807851471141
0.6948621760319269,0.7029385013159901,0.6953517680290469
0.6855181919359845,0.6923571230290123,0.6978662302733086
0.625430869566232,0.6474898068940768,0.6360367319693999
0.7445121034009442,0.7506815011594001,0.7519080809264164
0.7662959314071361,0.7735836728430364,0.7721597111460082
0.8094547941346373,0.8093746831981952,0.817862716138644
0.7264729353366923,0.7309154863664284,0.7280357886690263
0.6699086248474155,0.6780722459835156,0.6774739218519984
0.7494083029237806,0.7516258118230178,0.7510708861207475
0.6388954959119376,0.6418731767161939,0.639631110761348
0.6854382484112527,0.691386546953669,0.6965416767289669
0.7367084362047072,0.7431792203670687,0.7360211128334221
0.6993452726545164,0.705046963890997,0.7039575663002836
0.6791907748365331,0.6778779147384664,0.6892899505551239
0.7730143300787035,0.7708387087754032,0.7775172596887755
0.7521638541222687,0.754186271035162,0.7543375064244224
0.6765372729116251,0.6788975901126395,0.6875193482359273
0.7773146630791261,0.7750264621266395,0.7864924575509684
0.7317503818346027,0.732715414385967,0.7421201788035069
0.7760643048727942,0.7789795277003535,0.7859806828692139
0.6916613278640611,0.6935226759114381,0.6966520707467728
0.6744185933969545,0.6795775099763047,0.6880818666952548
0.7162840918041095,0.7206572350901923,0.717563457142566
0.7321531571814686,0.7354461210779027,0.7340747344918445
0.7096364895118937,0.7227662901300169,0.7208159312481704
0.8042512906448035,0.8020284236023636,0.8143401346368164
0.7417212239119054,0.7586255285288983,0.7408539445739855
0.5130484856371493,0.5200660567098675,0.5230078413530176
0.6314843980644065,0.6341785616696449,0.6344762672363178
0.749486859478375,0.7532128809647047,0.7487969806498215
0.6886971055088701,0.6860634438222323,0.7004980715777636
0.5879958969032139,0.5910025881311843,0.5932988199926639
0.7332315383139664,0.73684807273188,0.7403772916775744
0.6710196800281885,0.6832954899947548,0.6820961647531324
0.7396653655360644,0.7436763455923202,0.7386206368355321
0.7207869961014114,0.7213114425764533,0.7242032256429559
0.6404165996808925,0.6466753353103162,0.6447535866264106
0.7459570935248973,0.7486782704079787,0.757247641983338
0.7296413701721298,0.7356074335730147,0.7326424099198086
0.6697434478017683,0.6827205333552471,0.6763796908214478
0.7195713566133597,0.7296707910767194,0.7302601579786898
0.783576024212541,0.7907923173296598,0.7832469219835487
0.7726402233704367,0.7716119949111747,0.7809489814401802
0.6219488997453048,0.6238436353551663,0.627098178161994
0.7344197201650351,0.7383504341911272,0.7391391231329452
0.7722411263170369,0.7695100990965136,0.7790430385462221
0.6831550057319616,0.6791239417562548,0.684578978273581
0.76992962437936,0.7724221191595827,0.7777455652506579
0.7239352561868383,0.7315883923784483,0.7233846999429379
0.689354431372189,0.6976270789209643,0.6957730700084802
0.8370493094532435,0.8407603376846724,0.8476900106832309
0.6323633192635616,0.6376497364709521,0.6281830445120564
0.6286498718859317,0.6345115766235119,0.6311489372071226
0.6802702314048682,0.6857116229938789,0.6840237578167283
0.6090392297429154,0.6187910757144042,0.612606328567682
0.6292997041459956,0.6255862009384446,0.6356695622971036
0.626640457176784,0.629658470479619,0.6289292811394174
0.6316712723130599,0.6416822506135118,0.6331987095635363
0.6944131143597586,0.7057863344332059,0.6994589266277401
0.6934374664973414,0.6942815008019819,0.6988804258341865
0.6405073727412488,0.6419169554204746,0.6499256401770758
0.6847408238498851,0.6858251318699073,0.6924151408377529
0.6068290572871122,0.6157800806635462,0.6102006858569551
0.6655410142784671,0.6694907928068171,0.6755135015134544
0.7285178410016441,0.7307339241274612,0.7365851727064059
0.8129631282867978,0.8141239958519023,0.8180886459899942
0.7671100891352886,0.7780442850343026,0.7676689939209791
0.7177314810364704,0.7214927264048587,0.71440567205709
0.7340211915945237,0.7473267116191612,0.7416470385319778
0.7372000857926085,0.7435440224115452,0.7436152638024293
0.7090849949226,0.7150822787390012,0.7238922658768249
0.7788932046362256,0.7819301776657663,0.7791010532554715
0.7243634718384745,0.7247287475056461,0.7297596394711806
0.6212248493881272,0.6197974073876282,0.6333576475918652
0.7318078674341697,0.7388795102506411,0.7343599588940942
0.62197220619116,0.6345368946287973,0.6198045470801186
0.7380354814904742,0.7399330558693304,0.7385132264307189
0.6842255272147334,0.6880772511868406,0.6810894395172734
0.7177094510102107,0.7210944452244342,0.7293514568879309
0.7452516673022216,0.7523971991293011,0.7499772996614853
0.5608363066127775,0.5585558537323243,0.5642308710352831
0.6892917361917809,0.6915317740396193,0.6998602609730762
0.7249200785447837,0.7468972618840746,0.73763289996965
0.6961265113060624,0.7084505596570985,0.6956161857396113
0.7747281200425004,0.7726658393115629,0.7711503659057454
0.6839571222038782,0.6949775818963638,0.6918008928576915
0.7115640700744166,0.7201571973175439,0.720059108754872
0.6625208073995384,0.664845240528138,0.6724816838507812
0.6868386184573932,0.6993432173502773,0.6915205619988606
0.5622636546284668,0.5707940601997863,0.5633691518905031
0.7396344109087832,0.7416320781076231,0.7420768309576108
0.7024756904911604,0.7022482965837611,0.7133655905552218
0.7935059827923459,0.7936099241051617,0.8066176997129915
0.7001209734522473,0.7024776500330335,0.7110250826483734
0.7022964965142012,0.7099859843411889,0.7075880873988071
0.7712734629506721,0.7782269290528606,0.7809278007250203
0.7220408281032228,0.7265299203664096,0.7285755143950949
0.690721276636038,0.6994903405617895,0.6987919333757102
0.6404482853736312,0.6461199792221107,0.6430159111030217
0.7962152181458311,0.8034238125648919,0.8031190726175604
0.7489522845900535,0.7533599607698234,0.7653661212673927
0.6302328392844645,0.6323256682720692,0.6394376553017806
0.7914796685264774,0.7886193292862613,0.7909078072839227
0.7380957261548221,0.7446138619542074,0.7344362542454583
0.704904491327911,0.7098330034027278,0.7141577965388844
0.742892300947576,0.744822919050813,0.7468999845078028
0.7280641773044421,0.7326201540043507,0.730086065670582
0.6926340645808008,0.7020427474307313,0.6939941007187441
0.7349810132774435,0.7443202648998093,0.7490966842830966
0.7231626424757148,0.7263510945514666,0.725965831863358
0.7365288864263654,0.7457817162885617,0.7401688150042809
0.7954223632047269,0.7974187575731451,0.8035270651610814
0.7123139170703245,0.7231025651286156,0.7154226331558268
0.6195579587937872,0.6280725300690725,0.625313104530857
0.7417940288104755,0.7465050205303956,0.7525953513369261
0.661139417655156,0.6741691910913462,0.6734475724202518
0.6856681451268029,0.6966630095171326,0.6898095326193805
0.7255302814705401,0.7291282558681469,0.7369855677828115
0.7157576904201198,0.7204521179172261,0.7187095698274731
0.7078725781662056,0.7170072823975485,0.707334814386775
0.7325967702791558,0.7415443219008142,0.7352626317586335
0.5711355878800756,0.5737792180292483,0.5804509371413806
0.6976344644128357,0.6974693305514927,0.7075542732057758
0.6685078889121182,0.6754024617995482,0.6855166727869734
0.7474299670419439,0.7531211383839235,0.7561550683232039
0.6349716199318644,0.6426206794702095,0.646219634417379
0.693795057156183,0.6992125967924723,0.6994867734911242
0.7696867296724811,0.7708697402243848,0.7755756938553148
0.7377821818942016,0.7401710803644582,0.7394387090030556
0.5696742262560569,0.5735415172167303,0.578101290626871
0.7234313857410899,0.7259862343914514,0.7314363267654599
0.8338293569202817,0.8419526369522943,0.840788569934506
0.655435942750204,0.6587783388946511,0.6534654336374679
0.6905676721360411,0.6995931587726797,0.6965059829769125
0.7120642096242151,0.7099215635247235,0.7186565973900807
0.7352487106111901,0.7431264064938982,0.7444296025317197
0.6601133299310672,0.6674722207066999,0.6634645336474669
0.5969977171929376,0.6115050680120531,0.6050597322942385
0.7511665930219398,0.7480345880106976,0.762281966058449
0.7144531146607825,0.7239724139966788,0.7153980609953123
0.796565225656406,0.8025115234203894,0.8040406973272128
0.5866744923921395,0.5849705458977168,0.5872929683211021
0.7101194561228149,0.7190698623350142,0.7164988127823634
0.7499712693381252,0.7557673340027778,0.7572712157461184
0.7611009643017534,0.7601004152806686,0.7601447149812828
0.7164069243162775,0.7221112530531033,0.7266782465097357
0.752663932923349,0.7499105892339464,0.759325711991906
0.6370646660305024,0.6424982182586976,0.6409376728867027
0.6191087380212382,0.6264836791405246,0.6238107773839919
0.6890060457731063,0.6946268474495746,0.6900565785628998
0.7235989371735839,0.7292202930318602,0.7243903159909892
0.7032180689541592,0.7073303122003307,0.713704380782357
0.6485743624654606,0.6533093718680817,0.6527764577907701
0.7918584516839867,0.7990799182951062,0.7977938741026575
0.7170354019057902,0.7111079362717767,0.7232818426483594
0.7495225969300914,0.7494568230583829,0.7510049382082515
0.6500388835492009,0.6599926650457145,0.648656433282122
0.6530176198596646,0.6565145966087944,0.6577884466234185
0.7410524214226687,0.7487378765214696,0.7461519679561103
0.7490505684787648,0.7498664229440939,0.7587070720281257
0.7670559700816265,0.773900984971103,0.7837054171369675
0.6716829768372972,0.6715793050020779,0.6778919044927939
0.6938425404402878,0.7021818434849351,0.6963475552073932
0.7822445508564142,0.7868969508429504,0.7895328046045594
0.7649066323531483,0.7677002062531824,0.7681781036877324
0.6523041225419881,0.6578247061561301,0.661216316218737
0.8001757444914225,0.8102208540076457,0.812832040454312
0.7337616809371649,0.7402641816499596,0.7487919373810579
0.7388316729929423,0.7381325377101084,0.7450494861716819
0.7216853737857492,0.7258683532529414,0.7281724493424676
0.6963834597020743,0.7030810899488117,0.704199395810218
0.7214763913375383,0.7295769837221023,0.728767172020939
0.6675284985497606,0.6786583886880431,0.6809485244078117
0.8163527765909576,0.8180437175484078,0.8323797455094851
0.7176016078586318,0.7177314525016104,0.7253516170460468
0.6843809565471386,0.6872452147756826,0.691629148928857
0.7562111311842312,0.7664508977402967,0.7549596175875162
0.7448602940283581,0.762513194120019,0.7519138482839404
0.7238675894291046,0.7305060761867004,0.7315097038399938
0.6233730514918246,0.6325040449374042,0.6398180674637663
0.688786124095883,0.6906217192412073,0.6967049848811372
0.8053801747653925,0.807156842240322,0.8125198634959818
0.6735561068089909,0.6760719065395634,0.6860885313923959
0.7762075024462622,0.7740680545167409,0.7825941095239686
0.6580409870436131,0.6630095764063197,0.6605299872629703
0.7175007520954745,0.7184673771040637,0.7277865503146586
0.6436715647301687,0.6480139680089088,0.6545282067897615
0.7212817497317496,0.730310218659091,0.7259093884510551
0.7596904702844846,0.7649782978736375,0.7653702274133142
0.6961699986481016,0.7003293813099063,0.7059705189151307
0.7295741129769935,0.7341951951069566,0.731983648036691
0.7814116482476026,0.7902937116997641,0.783655247503178
0.7442032701234177,0.751973413945645,0.7516452265151783
0.683841078058836,0.6897648872834827,0.691218922586415
0.6834715898293438,0.6952900400629727,0.6916578825709934
0.7243379480578064,0.7321531796516093,0.7304433450573211
0.683343557638571,0.6879436642292788,0.693530491737958
0.6984169647501579,0.7102101323124428,0.7076625246135748
0.7859199453829707,0.7912834569705897,0.7917477847844009
0.7479685634485853,0.7552762941509416,0.7592032515118449
0.6109760598139803,0.6213552011752642,0.6198051029199969
0.722782332490884,0.7277717762775104,0.728506583951375
0.6328143049359644,0.6346038012881181,0.6510047142832718
0.7282443509123216,0.7382297469426581,0.7357702898485867
0.6867747051555472,0.6874584393281886,0.7010291029841451
0.7385617466691826,0.7427133515367191,0.7473266522001595
0.816085166729605,0.8227349070065638,0.8185940460874861
0.7773670364072264,0.7758929510699646,0.779979962370152
0.752063768974308,0.7566686614829821,0.7615781905126837
0.7247763918349003,0.735362957813273,0.7400994636044005
0.8073382438108628,0.8148288511202203,0.8151868777716992
0.5615834752799649,0.5616718643600208,0.5644218900836205
0.7047797005436739,0.7061181560145698,0.7110194093662083
0.6544728536820198,0.6576038326237132,0.6577386384118524
0.6866859276588951,0.6914190230843227,0.6939377447292873
0.6941266743167601,0.6997635869898572,0.7025637397217877
0.7229445500769393,0.7258839079051991,0.7258802713999156
0.6576208842071571,0.669094653901515,0.6690683186665665
0.7447758831711481,0.7466660886446868,0.7543361766166856
0.6969691228567052,0.6976321485721442,0.7008000089881992
0.7238579122086957,0.7319661574397478,0.7348585006271762
0.7457591875670354,0.7609574469620911,0.752551857791691
0.6831406983009195,0.6907563539776141,0.6826699245200206
0.7598269677180025,0.7645920292479377,0.7651099061544904
0.7062035054873448,0.714124636803119,0.7095343717159774
0.6799519503113342,0.6771637935937133,0.6931066831446384
0.6931322098574227,0.6917720746222876,0.6991337798392095
0.7284904284530714,0.7294556883915457,0.7303528788204237
0.6335867953493509,0.6381236650759761,0.6313424962621947
0.6699374568013114,0.6763501416188281,0.6754085283223829
0.7548271542849477,0.7575087022032605,0.761935315452808
0.7700893768572193,0.7692873972911113,0.7763335073363988
0.792197208852786,0.8094577522445797,0.789347341835272
0.7296954150135292,0.731732444630478,0.7396789839908479
0.7582916227624995,0.7624137251244845,0.7732271353980118
0.6960767499768687,0.6989464608130905,0.7069600921657259
0.6107215690326757,0.6203090497747783,0.6214131788467645
0.7141118287803926,0.7200721698657014,0.7134344487860482
0.7414743835143842,0.7481179613320692,0.7427691517211653
0.7214100061355109,0.7308776713316075,0.7387956719885012
0.7781826393208856,0.7852435422530832,0.7830181075187838
0.7247771754104384,0.7279672987571096,0.7286791951499582
0.7187907069956964,0.7345345148743259,0.729813920622639
0.7133183551309057,0.7251764174947776,0.7293871850443786
0.7746959138766732,0.778734565857242,0.7830079411215849
0.6507701546853774,0.6495899298686436,0.6558856021881053
0.667461161609166,0.6627003689846829,0.6741020191643091
0.687799361883448,0.6925481748429754,0.6934450534934252
0.5585522997632648,0.5660070926069757,0.5622764715667959
0.7321561083073611,0.7373174497683176,0.7369446770137873
0.7510450283670238,0.744411281194884,0.760935543652392
0.7130071633734331,0.7217377238026308,0.7152758531183093
0.7236265952839183,0.7304912467545545,0.7349125575285322
0.6166579447240871,0.6207509904456268,0.6322438511619358
0.592312582226263,0.5979914466428712,0.6005263250395572
0.6551628746169661,0.6539008560274202,0.6522055025137606
0.7083013136171601,0.7159114431371113,0.7123823134264335
0.6683584898852054,0.677103616616366,0.6715796325873004
0.6818940759082841,0.6847076680458507,0.6869522418252457
0.6819140967970384,0.6844046063530306,0.6887555543688161
0.6781097873879441,0.6866326477326506,0.6774671453078019
0.6904915533994643,0.707512914319055,0.7017197876403111
0.7229613701026254,0.7316619476206049,0.7218821444311991
0.7276388893675834,0.7297927930062208,0.7366265285802228
0.7442172839218801,0.7424977802542928,0.7644100708462844
0.6254821768476881,0.640510226372989,0.6415009778594163
0.71400666767749,0.7219556808161138,0.7134048287346654
0.706889391906076,0.7146076434607774,0.7105111503394416
0.7943963620202383,0.7994629358634626,0.8087440713224027
0.6731987876490306,0.6724770453357803,0.6815033152642728
0.7723523760958473,0.7748302076630493,0.7711004395084654
0.6293941704377509,0.6313399379590018,0.6333339168020258
