Monotonic,L2,Elastic Net,SVM,Inner-selected
0.6426747503110858,0.6639476920888072,0.6609076674736805,0.6307628701865894,0.6580682691873403
0.7525300655769994,0.7634811654787108,0.7153579932932215,0.6899572321944206,0.7302770249894168
0.6369672453813315,0.6487349199673746,0.6503111177234425,0.5961070477144045,0.6392325910754233
0.8029982700973597,0.7984443091906337,0.7928760406155017,0.7442402188243928,0.7911251784587126
0.7173621040480941,0.725941700005088,0.6969419791204053,0.690584522588999,0.7017261735181981
0.7438495893584335,0.7610665312285239,0.7371699140275124,0.7067189980977125,0.7394629610726983
0.8082044988454883,0.8049998720969764,0.7819332252809287,0.7563470400176661,0.7804171067622632
0.736665683634889,0.730351688846349,0.7102110100410549,0.6846647545293831,0.7170901676184589
0.6635254688753389,0.6598740473118799,0.6622431224587737,0.6178871378144677,0.6376460613603121
0.6894330312052303,0.6900921383769771,0.6682065262835566,0.623581151042885,0.6662671582981297
0.7555977951827346,0.7585198576175094,0.713812238654152,0.6880860768048331,0.72778046711487
0.6905661884291102,0.6924886713371865,0.7023023092912495,0.6612925218809098,0.6950444067773419
0.6566136296666362,0.6621368878637113,0.6676446664974757,0.6239051867135518,0.6468709290324568
0.7759616222231166,0.7829814176613645,0.7623083159992018,0.6992551163926496,0.7572889732184502
0.7635423260138173,0.7704974780838808,0.7533024757712489,0.6826262222552323,0.759039421369701
0.7042354643124528,0.6948790553597781,0.6792603390979015,0.6281351795983102,0.6806819826679168
0.7030634917015651,0.703398939058441,0.6832713021686814,0.6425061816784267,0.6878577373135626
0.8220276665098476,0.833220820126882,0.82281666949804,0.7752725436336346,0.8198356832556078
0.6927325887262009,0.7100346491043261,0.6821318988356776,0.6632899538790187,0.6908868227465512
0.6762221193228711,0.6681849017309076,0.6584584506901973,0.6190455598859658,0.6570570101516193
0.7717258821772528,0.791479528328853,0.7450310959180017,0.7151759649663141,0.7529719161637268
0.6384631229860773,0.6602342216363503,0.6285275773303636,0.5968478235689648,0.6411790061497546
0.742146572670507,0.7387683410422037,0.72266962987194,0.7012370540340163,0.72868742140306
0.6100096956394577,0.5959789311723134,0.5736774804670636,0.5338867360690716,0.5805323057512307
0.773583676170208,0.7837101038786255,0.7638230373453186,0.7145362424680821,0.7654294703426119
0.698564734170993,0.7006460733386343,0.6684415960511374,0.6424251166094546,0.6735686967198341
0.781543926514501,0.7767543126863005,0.7255048592282861,0.7303009849958974,0.7437546261356847
0.6224561703314766,0.6241281996003195,0.6031093852662929,0.5709921377950101,0.6060281548874071
0.7417192758162475,0.7369422634728485,0.7072720326536759,0.6857292624991206,0.7179588820466455
0.6082604228948767,0.6198326387411998,0.6155568744404006,0.5966797351513636,0.6163285110876369
0.6731393422248257,0.6738430002511029,0.6622720422708531,0.6186588403529629,0.6446502534476417
0.677902771456563,0.6882780740571559,0.6278146669678696,0.630665490394995,0.6553984129702671
0.6851819601033884,0.6981852958108907,0.6868977423039924,0.6339991561408709,0.6765869527935628
0.7483925870065488,0.764563643998703,0.7254570864112267,0.6941818555035703,0.7257317100394164
0.7661865064618227,0.7671790839965923,0.7331543273430979,0.7024695093252457,0.7472888322753255
0.6748162548773716,0.6710932338488361,0.6405422415170687,0.5861774457343564,0.6355294374754836
0.63645146047899,0.6473889348518665,0.6126464024776318,0.6204414213351183,0.6215217015087489
0.7095966622771994,0.7032007942718774,0.6893055778234315,0.6344172546585805,0.6866116597168548
0.667555888186018,0.6709395428574176,0.6334566473092733,0.5782829716722223,0.6394983845273412
0.7578521448497533,0.7523094916746059,0.7393735742805106,0.7087191598664434,0.7404688606059724
0.8071059264951711,0.8072873113927724,0.7958859485759996,0.7387963500522945,0.787394127434966
0.6799840122312059,0.6850540256833623,0.6508982458902222,0.6268741263287507,0.6629722311019204
0.6824142985001892,0.6915831393798259,0.6806433209229024,0.6603082515650638,0.675993059118507
0.7317071529476717,0.741421862805777,0.7198083530745747,0.6770323306721165,0.723916201695014
0.7500249284484577,0.7605306899605219,0.7315620985719805,0.7088337670206237,0.7343472320687001
0.618944732576948,0.6268046007802512,0.6211614033648329,0.5988224169056655,0.6173141307129458
0.657187913910894,0.6504928329967384,0.642116127611846,0.618926215486365,0.6390124456682771
0.7009953381936893,0.6865510059363074,0.6524063726842482,0.6453838161350213,0.6742339531747762
0.7183188298584133,0.7221599003713625,0.7006959630316774,0.6641207063302154,0.7049879830266735
0.7549274054953842,0.7522051939317543,0.7213569667690038,0.7194876003345765,0.7195201898739316
0.6798258365719528,0.6869440572782212,0.6941605978871738,0.6513288233461229,0.6820834982628375
0.7395361645448281,0.7419425046558064,0.7223756526749892,0.6945573952250049,0.7314159344382344
0.6876013966878138,0.693676536508103,0.6644797982744416,0.6452553018776316,0.673186107699819
0.7194044997423321,0.7248523965315488,0.7181971328543427,0.6788172742745059,0.7121906070165919
0.7594274471400166,0.7750170355248345,0.752397642642894,0.7018787741325606,0.7498963742508261
0.6545728179025649,0.6700636335362868,0.6449578856808239,0.6338386114643947,0.6523380109283773
0.7255129718132699,0.7342926738067329,0.6940340792075833,0.6614518777802432,0.7033764198090185
0.6582940230177801,0.6624397566723181,0.6254356352624002,0.6420269590636755,0.6454560859012499
0.6993321138375062,0.7037405464037465,0.7053839156188249,0.6474075196959281,0.6819392795819597
0.7107127432441509,0.7174868688129462,0.6864620467378874,0.6727423993348347,0.7003079642178033
0.7993427242452051,0.8107411348610205,0.7737836748702238,0.7386677175627933,0.7878240183859048
0.7389184650511329,0.7467638461250855,0.6884982253170628,0.6645339729118791,0.7025358251225895
0.7755112434387709,0.7759582970845795,0.7597462625217499,0.7327760242616425,0.7610880402334145
0.6818125423698291,0.6809383285527367,0.6696455029613738,0.6494929146704347,0.6675063357506065
0.674697640104516,0.6691256033229551,0.6651449688224298,0.625323343915191,0.6637399977074624
0.5933311794666339,0.5952449167126468,0.5727046717985852,0.5336463686269911,0.5739929825950338
0.6769864955786247,0.6769548061245799,0.6731876338178742,0.6469602284476613,0.6651712835235478
0.7321589244248693,0.733982414453738,0.721212264587464,0.6803861606382431,0.719626072030729
0.6123537321290379,0.6144262988933767,0.5837537690165014,0.5717632203454589,0.5919565842222464
0.7499914612467078,0.7554461770925127,0.7447030225743527,0.7301304847960105,0.7530462218917386
0.7149567896747773,0.7307945313039784,0.6940079497746728,0.6769788910845359,0.6940977569431684
0.6287599701522841,0.62018070765021,0.6249176799758771,0.5883571913398634,0.6175859406167047
0.815506963944705,0.8155201969413367,0.8014662068002116,0.7847871342939651,0.8005781751100725
0.7604427123613253,0.7632278669293807,0.7345249810796535,0.7304775136842524,0.7450401322247642
0.7143196565326468,0.7126355571752685,0.7117376621244469,0.6629191572696707,0.7119907714181652
0.7328512667471986,0.7449256137125994,0.7385213366855117,0.6963364317282216,0.7289225980582443
0.6704767258773623,0.6651564488616235,0.6995818603923819,0.64847133424791,0.6762939514264872
0.7048474506138774,0.7122114112422764,0.6742358211162854,0.6767321773843868,0.6829610713151513
0.681956098284302,0.6846805354882315,0.6788429730342389,0.6438964677245171,0.6675406016359025
0.7772957110000274,0.7855200316496587,0.7656425639434283,0.7240562262369431,0.7686250743555088
0.7640341208443362,0.7722411016170906,0.7488422003491243,0.7419090825271139,0.7419133107285704
0.7827525265337945,0.7928441115130689,0.7645259798476851,0.7298692361818092,0.7733308009114033
0.7761972688394678,0.7753195648624586,0.7678621503544296,0.7294525625416757,0.7611231279188033
0.8072580941985613,0.8026389255323082,0.8048970015856398,0.758284959617382,0.7896652561596859
0.708944161612192,0.7044419021757217,0.685070732422961,0.6638652902046104,0.6968053436527597
0.6807935907195644,0.6715596221156047,0.6648537437233342,0.6328256898329354,0.661466059356273
0.7701201159352149,0.7846070643904586,0.7643784690524268,0.7300755756954909,0.7603137250542535
0.7097311011248988,0.7167286708258052,0.7124815042240196,0.642209097689127,0.7030211302357541
0.6721053275389287,0.6710860292605021,0.6780869312527799,0.6549617983073471,0.667881704761528
0.7022982979747958,0.6951723826615146,0.678437969249677,0.6200500661189967,0.6712600481367774
0.8000763315878845,0.7986442437452129,0.7912984696503469,0.7619444608072837,0.7841659719722006
0.7045776166456118,0.7150958367106068,0.7087456111514844,0.6626024479252596,0.7024979150641616
0.7204008124060296,0.7254005882124929,0.7232726577738335,0.6749232567446954,0.7202454107875106
0.8277154626908688,0.8343154206663944,0.8195631307559991,0.7523285526541971,0.8186821253138438
0.7870343521941316,0.7884736993721028,0.7744295338275556,0.7525629648020582,0.7741504600400446
0.7273222802989178,0.7271602888141873,0.7322875741954529,0.6323748250276292,0.7230261368104424
0.693121304104929,0.7020673372881011,0.6474739593730048,0.6699288368888778,0.6668736636578168
0.7458265939531971,0.7356877398114366,0.7090451431554472,0.673107480530886,0.7122430454599843
0.721508919267553,0.7293334970532128,0.6995943660716173,0.6868554630579516,0.7004956710609923
0.5728906278582059,0.5851587079994827,0.5806522796790303,0.5454813456258654,0.5779875183351123
0.6631108542814952,0.6727800814263334,0.6450399686817229,0.6608994663734649,0.6545512022318305
0.6443621732609128,0.6439717973008935,0.6083797519550697,0.5844842880638399,0.606527670967377
0.7945716429008517,0.7921982663815879,0.7862761549212206,0.737606142843078,0.7902610772679205
0.7023069182731513,0.6921815546584443,0.678707981865978,0.6629747111342874,0.6862681959626195
0.7545931227558567,0.7571959840236618,0.748898875386419,0.7131515034315473,0.7451734540242236
0.6934473970287234,0.7008123575933688,0.6793695867198031,0.643605017693769,0.687174779183244
0.6442399107232643,0.6448783135393042,0.6426241098002557,0.6079693818290441,0.6396549385022754
0.7112359166426219,0.7105737556004011,0.694523724734649,0.683317222769129,0.6887730541789364
0.6996945133449445,0.6972918060897935,0.6760168296861132,0.6413289464409656,0.6810782975434068
0.6519501713018051,0.6609335752195754,0.6502062810856153,0.6211111763119143,0.6418432179507663
0.7110988016885076,0.7116471782240616,0.6958372017262379,0.6455249038007222,0.6905804943163488
0.6733086929054191,0.677406104175677,0.6584751490035277,0.6330768911043197,0.657981921613504
0.7120835386854821,0.7200244433003711,0.6600975629328396,0.6509946374412237,0.6846855734556188
0.776552103873442,0.7741186412901321,0.7601080892830748,0.7158401488592904,0.7572727950200354
0.7600984312134409,0.754432184972923,0.7742120130028098,0.7244815291844467,0.7463773432650646
0.7197443141127094,0.7242196066901251,0.6942267157580889,0.6906270453932201,0.7064678197167119
0.7507029055571507,0.7521471758857918,0.7161796505534969,0.6901064547625169,0.731008371929212
0.6185719918192608,0.6191284894092317,0.5933812821830383,0.5659684511374227,0.597915860998634
0.6814971286260686,0.67422569380577,0.6859531180190418,0.618137610340385,0.6620328478441495
0.6962365559303236,0.6985520694181585,0.7058368492087329,0.648837687307505,0.6875303420714312
0.6406247949658331,0.6315826719939462,0.6594592048552133,0.58907528832032,0.6274078939785539
0.7200401389144516,0.719651137644905,0.7099640099448219,0.6726222559210708,0.7085208385788917
0.7155696224584968,0.7093270637665132,0.6850183493016476,0.6891056338241835,0.6985087393769989
0.7628164620471346,0.7751907274642567,0.7248531691291337,0.7157703644433685,0.7386818188114406
0.7164217974022608,0.7171838360293499,0.7174893931975693,0.653836118688267,0.7002315676905438
0.6334938219530046,0.6300117758791928,0.6200778998459555,0.5739372215689941,0.6194285157807927
0.7433586890691875,0.7486905537128692,0.7634167913011934,0.7037180733725623,0.7476370356609969
0.7937670330480621,0.794368563540589,0.7786441508426762,0.7227591115621799,0.7802735168622107
0.7311443688803034,0.7350113179410728,0.6984956667903124,0.7017944775287741,0.7206494958871786
0.7478118415114036,0.749936640103464,0.7603421875762739,0.7000425255740732,0.733105205248377
0.6994210066902956,0.7096769452888576,0.6881614047830502,0.6718680646638573,0.697736166315864
0.6330523021173257,0.629479664677489,0.633608847654201,0.577224998270593,0.6241142645771349
0.7270355744969688,0.7358212446380605,0.7455562641631587,0.711058930827145,0.7277063912371179
0.7790760604710002,0.7836406898542223,0.7535239744070655,0.7124573392108596,0.7516252050788835
0.6501680527904771,0.6421226823708768,0.6245611185966599,0.6175530121571319,0.6298932370265781
0.5577753026947908,0.5563347031993592,0.5543830835058979,0.5165389288932355,0.5455105026139193
0.6514257609171749,0.648382510322454,0.6565493785645572,0.6215183163299264,0.6338929849960063
0.7152816350966837,0.7136872049592498,0.6956797204218524,0.6715379246079612,0.6991970843485613
0.7795999525937027,0.7836291541381099,0.7650631564813652,0.713770630196833,0.7652268833409258
0.6449109490183021,0.6356324468656929,0.6390250945657984,0.5959416451137564,0.6326056156981055
0.776111769655179,0.7779495258947221,0.7579696154182014,0.7633517654128926,0.7592942684022705
0.6584451154085987,0.6539285817997285,0.6442569777830645,0.6269274540339999,0.6425466276848788
0.7335547455021663,0.7405490694773358,0.7296207441215304,0.7061330726350948,0.724955630971397
0.7122816935217496,0.7083766250276609,0.6985473720190514,0.6597506139696878,0.6950456319927607
0.6194793238371493,0.6189701176663363,0.5920441946825352,0.5799075230130902,0.5982169497558152
0.7176188908595172,0.7176259695346807,0.6839124949030513,0.6517899371484033,0.692107288926217
0.7615517203822606,0.758246848735893,0.7281864897921618,0.7060517156963049,0.739545980587485
0.7947751495913186,0.8046108174096928,0.7668853771599113,0.7499806110232231,0.7826516046411676
0.5995976014850795,0.600921297105996,0.5726540154396523,0.5510347034334222,0.5695707027048063
0.7535790585794293,0.7478224737257377,0.7300043855343412,0.7158944384439995,0.7370771814019623
0.6681631966852453,0.6713798913301727,0.6695765625878822,0.6259919191950928,0.6600958487084349
0.769395353974012,0.7675632157222273,0.7392590482999998,0.7153978723692846,0.7477288778135472
0.7402352666684466,0.7259124684796058,0.6865856539788042,0.6580295887157488,0.69328990536769
0.7051408838899865,0.7072931383258192,0.6981659049110858,0.6567420494648258,0.6968109727337068
0.7421228350346442,0.7443000047648776,0.7230795779448356,0.725663238572812,0.7307124260102469
0.7153721196793862,0.7147825156103422,0.6956145984475117,0.6449680278161859,0.6872193261757191
0.6556357781242044,0.6467697872858382,0.6378739577523596,0.6004922027580917,0.6308228764436499
0.7667102094019563,0.7725873678806024,0.7514364640133849,0.7035395095149759,0.7553511606490018
0.7329347949698524,0.7298652252757758,0.6764446939874111,0.6448440283682925,0.7027464609519669
0.5591823157351518,0.5566645985317206,0.5311565771879848,0.5069357059139651,0.5392322409927454
0.7345302477856943,0.738302222368012,0.7092793045855623,0.6817571157092247,0.7161738583016066
0.7358197016169613,0.7366234633508696,0.7023087058942978,0.674565461691589,0.714013186722693
0.7241727806507217,0.728696846209346,0.7094840419332716,0.658715477900835,0.7059270658425243
0.7015903580340209,0.6994315444841662,0.6985328415564143,0.661847567003647,0.6875866924097944
0.6818928998392441,0.6815154785283091,0.6577017640746283,0.6455143591904923,0.6608104583015952
0.6244336488227771,0.6277268786175574,0.6164517344514995,0.5532413086073387,0.6072545587765431
0.6725460752560546,0.6752813477527764,0.6775438907653196,0.5920340650129515,0.6633427588634523
0.6983762961207942,0.7040297133407818,0.6827698243518225,0.6700959148779674,0.6785044752978685
0.745783532258035,0.7534119825823639,0.7522862677583184,0.7279543393966489,0.7429878352592851
0.7585824341805112,0.7656370284972454,0.7342135016950501,0.7191218142075937,0.7390833097447869
0.5889933575323558,0.5898637704887704,0.5796674645061479,0.5311077184797774,0.578920306789137
0.7663263054521482,0.7691207264289049,0.7769501928454643,0.7329162020285331,0.7652879845926495
0.5771271312671798,0.5775663763388027,0.5456942104600192,0.5277417136374649,0.5535291470151018
0.6418746467332077,0.6439540058543763,0.6308240443419015,0.6239745494894683,0.6316734818461184
0.6557289877929932,0.6589578752920487,0.6595544882716102,0.6128332636473393,0.6492388087920999
0.652838963002587,0.6615828346032869,0.6406463635671352,0.6091332705922105,0.6447737861997195
0.7203690937063696,0.7298712568534206,0.6914272121837086,0.6722387419151332,0.7007759056203963
0.5924531608847142,0.6037836044676667,0.5666966527480208,0.5750995932625491,0.5769844643919534
0.7174849355919319,0.7221595937541446,0.724176778503492,0.6830737390596038,0.7098845459608617
0.7742666692154091,0.7835217466347595,0.7848444574036811,0.721961684671266,0.772562328285318
0.674406247791316,0.6733902149663559,0.6652843038082947,0.6195853567665071,0.6647607276332534
0.764939638581956,0.7685533218408074,0.7428072125599786,0.7142342364715143,0.7512740702891116
0.6315722040915669,0.6202511097632134,0.6081574421636511,0.557501878317709,0.6125071255303394
0.724226658483429,0.7319052073991105,0.69712227813248,0.659481678078278,0.7094830442312975
0.7932985277444312,0.798764078265339,0.7478950333791893,0.7318678731807409,0.7565001565939765
0.7059266327226202,0.710908059860297,0.7115492775805943,0.62946078037962,0.7039121319027278
0.7544598601904129,0.7606804640144574,0.740896424947758,0.7111334339580812,0.7440694041340761
0.7623623154513038,0.7646843825626836,0.7353032627049783,0.7016225792424293,0.7340732459074021
0.6739485499125084,0.6833090974431116,0.654637959222798,0.6240739843481319,0.6562517427783487
0.7720338843600453,0.7767402776841152,0.7774136802671118,0.7639802606401707,0.7712654100978682
0.6851587401959973,0.685071521977793,0.6514537678995124,0.653741554681105,0.6613021126557747
0.6962649972477055,0.6977506054039476,0.6826980365899734,0.6386705932265841,0.6717065265881921
0.8018370034011602,0.7998361075008418,0.795778403415382,0.7533759138979162,0.7891908836820296
0.7863616477356127,0.7874507608107814,0.7717665914016034,0.7302334987941117,0.7724054073105914
0.7028006971427762,0.7065740475547899,0.6656469958194869,0.6439555805648097,0.6753163787954176
0.7999685818169538,0.8091825400789687,0.745509651593533,0.7210262600060743,0.7631822616515423
0.806361519337551,0.8023588539482409,0.7827667673898643,0.7567285483746654,0.7820213939681399
0.6990769327261229,0.7046172319324407,0.6758396814902095,0.657007659000397,0.6806815002191937
0.820881335427613,0.8291610738569137,0.8075346954524285,0.7764192022442911,0.8097079617444176
0.7233706319383489,0.7073263309351198,0.6763256757747128,0.6652713146214194,0.6912520761283014
0.6851766590616062,0.6851701690557981,0.6590540625848218,0.6468717963687679,0.6665833107857368
0.7417957103890629,0.7442619354824415,0.7051315768194466,0.706605401757651,0.7207985015665163
0.784381465166769,0.7860611537807536,0.7543042934548204,0.7056272590519204,0.7516964170348863
0.7845965182948695,0.7813622782183678,0.782453222783192,0.7309262187728466,0.7718045816538709
0.7032875699050862,0.7034368497690366,0.6781321934247291,0.6605321119997921,0.6903304943692516
0.624428910119181,0.6159993700021756,0.5861323216804615,0.5922923043066722,0.602022282233086
0.8237634770587354,0.8296152597644497,0.8115873970218302,0.789340034600467,0.8198077103386829
0.6532102612822279,0.6513687087104684,0.6555886495796137,0.6223119320257596,0.6518767124729087
0.7204063026162292,0.7283146296708272,0.7127414857313445,0.6823048308995964,0.7012453903401558
0.6771188467247303,0.685141236453738,0.6918715287033751,0.6334754697309786,0.6746524973774286
0.7082501078874944,0.7117360132785293,0.7036113401760196,0.660925847533904,0.7018551803388158
0.725902388049466,0.7252458649540139,0.7122252576164633,0.6744443532440183,0.712414780030642
0.6634803366711262,0.6705168280732424,0.6493870630875137,0.6092952885696662,0.6368941164557264
0.5769137937980716,0.5797800123147883,0.5636178035837286,0.5428497244426171,0.5601156324531229
0.6657273272537452,0.6843071384478421,0.6288656253799112,0.5978794261022204,0.6432206780497746
0.6833032082131099,0.6812231661211628,0.6736922249222145,0.6371738933641786,0.6741793416270251
0.6890424238327358,0.6825722110718592,0.6799384245668633,0.6488334172167098,0.6758381630645811
0.6467083067500915,0.6367645324079275,0.6443231434951698,0.6244429533536586,0.6345746116591309
0.6706858513942344,0.6724713928477166,0.6714621971785864,0.6125530144699752,0.6630400561329464
0.76831988769705,0.7586338902929866,0.7681771609063989,0.726835358476278,0.7560738746964863
0.6092214681687005,0.6184030631389861,0.586124908597758,0.5529562546754787,0.5931966682681653
0.6408883753890054,0.6486961767496431,0.5943612656448368,0.5837307041581203,0.6191888749244839
0.7978709156984002,0.7972564789616374,0.7847807808114339,0.757851852657857,0.7799045138979438
0.6534097254758683,0.6507918411438243,0.6385209741365466,0.5794983202068433,0.6263378765026335
0.7077826675095905,0.7134661912618073,0.6548976036560293,0.6135675841933309,0.6754992122234151
0.6875744005032344,0.6990626683609632,0.6715701663808906,0.6807696595610413,0.6794570211958079
0.6719486621753081,0.6760567675153459,0.6713004624849164,0.6095419467552899,0.6615018338531996
0.7714033507784951,0.7835520532464024,0.7499116699411634,0.7039724821556396,0.7491248695832321
0.6440003254272203,0.6369534107153882,0.6316482211989299,0.5931938641276144,0.6286085726092567
0.7569124953605397,0.7614622259300536,0.7678222315717821,0.7202841196688395,0.7546654287242779
0.6920712556797144,0.6972380683619543,0.6916723670943385,0.6403952782715653,0.6861126918378933
0.6876304112923338,0.6905042341742446,0.6824265989424779,0.6360225104403324,0.6682999349416016
0.693571472976529,0.7031852228060489,0.6859590013886174,0.6849732459580296,0.6832023581273494
0.6913296651095451,0.6964039438510856,0.6554774816127682,0.6270990590922091,0.6643977073516947
0.6803561535287654,0.674026120276148,0.666361440427907,0.6170131711291506,0.6699625990209875
0.7718405323071988,0.7730757769912374,0.7532149871316872,0.7368335175832085,0.7536724242978254
0.6945860205994213,0.7074363091846937,0.6628572348171586,0.6810876069343835,0.6756929006992984
0.7460698793963664,0.7454137069040597,0.7280299252974858,0.6950057507334753,0.7280598401090088
0.716894176229701,0.7153166786747348,0.6910672872334579,0.6664407430550996,0.6924787673356269
0.6175468163143224,0.6173746586543735,0.5773891775836482,0.5682679945157566,0.5933714746145761
0.6094327088602463,0.6056027259327318,0.6084211871462062,0.545594179929726,0.606774787203896
0.700513724279746,0.6951716573769559,0.6804778677243427,0.6393772122534348,0.6780199218866417
0.5926575163654823,0.5848155892384475,0.6037597601171346,0.5429911655171505,0.5824323290333621
0.7506000363015167,0.7563092262129126,0.7625974780692584,0.7200872670854385,0.7520664264922866
0.7062738266521796,0.7186489496178267,0.6969789962910901,0.6831089925675076,0.7047999127183965
0.6580413038501604,0.6591855967978275,0.6388752370792973,0.6115442911710207,0.6468057276993461
0.7401286340908055,0.7364644886775134,0.712970468571294,0.6774086347110412,0.7116284813857895
0.7029131665010898,0.7138519430334591,0.6968185015220677,0.650825371047187,0.6896431051509867
0.665879215908715,0.659755524362037,0.6357931316954526,0.6380363264004056,0.6472146427137424
0.6930029057647402,0.6781952487172024,0.6705734447779641,0.6650919464790712,0.6783894857632251
0.620302865373688,0.6203181171016371,0.6097148525809473,0.5842575464241847,0.6136211545744472
0.6854181594814824,0.6901783081887248,0.6326499545955531,0.6229339593486083,0.659422032420842
0.8146913319893476,0.8208769739144457,0.8015686207366726,0.7600852670511442,0.8022588755709434
0.6089240411575146,0.5988559009825118,0.5967657023506797,0.5486581827333071,0.5929772027734473
0.6480684841305898,0.6489183321135813,0.6158207723203653,0.6068643500365223,0.6249302327364037
0.633273923454181,0.6322602497601502,0.6157259208072259,0.5644989948582385,0.6092778199350734
0.5653111760019612,0.571757695965813,0.5732453900464138,0.5522763205315517,0.5628778224518579
0.5957308846718188,0.593249927346516,0.5788348635177499,0.5683170212840383,0.5874069975140032
0.5616061374560729,0.5717526478396943,0.5268178752654024,0.5219855791873041,0.5404105888215713
0.6755284717091968,0.6719085977670014,0.6596624557761466,0.6222242592152999,0.6578579755367572
0.7544684673540897,0.7573248578026547,0.7362879084510292,0.7134170010008551,0.7399717801814221
0.8084865377738606,0.8124831594331299,0.8099307990472684,0.7710435200538639,0.8068890427531763
0.6887622108623807,0.6890407025476633,0.6726576726761334,0.6684313895083275,0.6768580884739425
0.7025268597443106,0.6976404038106618,0.7138675065928642,0.6837106627801722,0.7032238991046617
0.6612104911394783,0.6635143661925275,0.6278116905841443,0.6032149456473584,0.646134600902908
0.7277547411096287,0.729096001264674,0.7352601655050379,0.6951048223945108,0.7275166426603153
0.7197271571434664,0.7257854038949129,0.7003388433596813,0.6619042862652955,0.7031044719934818
0.7021027226851633,0.6984065579041769,0.6786692198564225,0.6568654361190864,0.6676522398356526
0.5693735482343678,0.5602752165551538,0.5270297142962611,0.48474785164546325,0.5436320298671138
0.7447860657662712,0.7465892131633368,0.7084539441931,0.7119083523545596,0.7242408357091074
0.8012126680042648,0.8134241576389686,0.7949455814506584,0.7480691356582915,0.7901904138889432
0.6965276297455145,0.697383916067347,0.6557827708356068,0.6234875725574264,0.6614746484917728
0.7043596290696157,0.7093857994315702,0.7027051682833059,0.6704549211558181,0.7011882538193847
0.7365226076875493,0.7458221796080515,0.7114228021886313,0.6862898238864854,0.7116975244154422
0.6047051308866493,0.6136058899820511,0.5571589580100637,0.5683483605736289,0.5746049101886288
0.6536182954771422,0.6471301260089161,0.6538364068372344,0.5805216102303327,0.6505562032353259
0.7498443815668467,0.7424646863676685,0.7426490803143592,0.6954548527695334,0.7293719368089517
0.7174336267377495,0.7295590725070547,0.6730064330925326,0.6717610143327362,0.6962713347087907
0.7135049440025569,0.7124832059843118,0.6685656113746975,0.6437656186245951,0.6804404585862073
0.7272134557063052,0.7318661965257756,0.7031653884153141,0.664157653970304,0.7086739909811918
0.787272525661391,0.7957291246115124,0.7964399223013744,0.7440779214628231,0.7815697249722485
0.7590552526196956,0.7663475210632172,0.7373241937515749,0.704453112025687,0.7394898086012216
0.7524385563992135,0.7559566504424468,0.7372961384775767,0.7184421869463935,0.7453244697685291
0.6872642598547309,0.6932970282891947,0.66831484305639,0.6221915031708353,0.6680894018484754
0.7516081290421133,0.7712810570158012,0.712779586729459,0.723766197569692,0.7307842897459702
0.6592862231896832,0.6582629867674858,0.5954954233875627,0.607984443714951,0.6181034252443669
0.6175023570070892,0.6207204934074259,0.6178867125571311,0.5972580292899747,0.6123068162124239
0.7588152078344463,0.7622203539389432,0.7320991279181183,0.7122650913592061,0.736112997556808
0.614515786798402,0.615515339205653,0.5843497702752428,0.5935689834364203,0.5956174570943781
0.7606428786334799,0.7613084972590825,0.754393410804037,0.6954965716149873,0.7445576881994974
0.7808430252657947,0.7832834011344796,0.7768785953042457,0.7446325095481983,0.7729881810430761
0.807725855520494,0.8132599145434589,0.777606133586818,0.7594725745902727,0.7836190032655663
0.6787072767830401,0.6721480989394455,0.6177134430646634,0.6036404903942091,0.6300791485239887
0.693297688373533,0.6968468980983922,0.6953562181289621,0.6426531060325359,0.6842159276590973
0.6578766806824285,0.6633771503274082,0.6672582137210521,0.6004582020811837,0.6555124970486017
0.7595938251222666,0.7606868359562159,0.7374541199569463,0.7097222914379075,0.7469784255386851
0.8003086797156639,0.7973055262178561,0.7677055852334342,0.7593413161147717,0.7876876748739429
0.6343894738107625,0.6335593856358912,0.6268534657044637,0.6081370491737875,0.6256538099304734
0.7122993039782607,0.7135097929426888,0.6927225070944029,0.6630771898340305,0.6933096702082765
0.5869963158075421,0.5800581790622759,0.5443802144116551,0.5236665345663273,0.5629273591095132
0.7714251318460141,0.775572959277394,0.7609326047508249,0.7357864218854774,0.7621280878304719
0.6867435104577961,0.6841147544669253,0.7078320560239254,0.6514760159729013,0.6840757432501754
0.7289362219104164,0.7295605483210681,0.7027126375556698,0.6723754897293381,0.6992857325408796
0.7287438145797045,0.7325948495015722,0.701905037391052,0.6710016786524516,0.7151612703317537
0.6564119088090056,0.6610342866516214,0.6435568379299675,0.5884550086727599,0.6372629043399556
0.7924810122499709,0.7846110588984365,0.7391384249988642,0.7340653346755968,0.7522757223375096
0.7050745068668612,0.704926842563271,0.6428180623658657,0.6508000810071639,0.6683051517835832
0.6690197538260593,0.6843470917612606,0.6715640210841425,0.6451438356700796,0.6585616983913757
0.7379914572194985,0.7332858003282897,0.6960708893464145,0.6698660839323957,0.7060950537552381
0.7167704865875385,0.7264261930944355,0.645407722517264,0.6450491836004292,0.6812111942925321
0.7012496810441375,0.7152664967623255,0.7041432754982021,0.6727970876469368,0.7059484038445764
0.776627132542994,0.7818116455667384,0.7648029547580151,0.7137946234165278,0.7611416102609938
0.6448551069005807,0.6520487310031887,0.6277329440332107,0.6249757053671509,0.6392685802920232
0.7977457089958488,0.7921679364847858,0.7834200613077563,0.759394061248576,0.7882878491352041
0.6637543369282038,0.6669505420077904,0.676076442934553,0.6064549730742097,0.657511719326194
0.7198955490235709,0.7247719340452904,0.7307686412433139,0.6833701542378021,0.7218556435567222
0.7368781613016046,0.7395020699447868,0.7038244515940826,0.6845569538890545,0.7163320337714066
0.7470471994820428,0.7373270843656298,0.7329999634655568,0.6859414292590792,0.730345334491032
0.7786790588230879,0.779444592024468,0.7630292056000081,0.7236973784526881,0.7652037246316896
0.8131087894045604,0.8136792375285957,0.8046128037472825,0.7693111419380225,0.7942357388870562
0.7179413265157131,0.7294393859541859,0.6910066227190508,0.6689303243631017,0.7078389378859377
0.7327582723282166,0.7366984904890723,0.7295429021237065,0.6737322012852628,0.7217723011878454
0.6776344363870318,0.6881245979573581,0.647421014483967,0.6290502102276659,0.6559990120093994
0.7067919866362613,0.6983969583776127,0.696176519898175,0.6709758447581639,0.6892109482362299
0.7154387959829241,0.7175356573362455,0.6865352107541038,0.6482715589995931,0.6930462295613938
0.66518087540507,0.6680246099618299,0.6489539043576508,0.638209181390662,0.6554953783073707
0.6955540904056834,0.6949295056700329,0.7133498500877831,0.6748941446830508,0.6916568402528341
0.7441328897444893,0.739119784741928,0.7376757820698279,0.7182513443217816,0.7373255652941053
0.7805805141957203,0.7791803332990938,0.7548482952138394,0.7310202308508391,0.7461869121977076
0.7242257678092777,0.7254698650810537,0.7224861249977736,0.6718539140803405,0.7231719284332991
0.6912308905170418,0.6978344179458842,0.6966932682122865,0.666845999456395,0.6898682915072364
0.7072667736159608,0.7087397605632652,0.6866942156242327,0.6385864247652161,0.6929393928345885
0.7816383405996548,0.7897480294991723,0.7627722567774373,0.7304304666999673,0.7662295596389684
0.655252954223443,0.6569978153408134,0.619317676610987,0.6065634531727807,0.6297343292886342
0.7396017687403893,0.7357757400072178,0.7261611829722827,0.6791229615595541,0.7269912622845046
0.6490904200914046,0.6546883515652117,0.6095147378231333,0.6016169058448975,0.6184359435371206
0.7180769449857262,0.7253854054824468,0.6875871704101222,0.676005511475453,0.7029464724315141
0.6673082211794165,0.6746405894000523,0.6564484195913733,0.6467979403457909,0.6652902587854183
0.7895539686533113,0.8023753148083235,0.7681475757620903,0.7466114899673304,0.7756182806394369
0.694963437420835,0.6987618498769858,0.6836301474174469,0.6889886471549979,0.6934479287011593
0.7755403321043004,0.7901514797711562,0.7337302089712231,0.7281496742150357,0.752169936736571
0.7922976319182675,0.7956874453151364,0.792388110690066,0.739811202008308,0.7793894388650814
0.6920339538347747,0.6908679934064168,0.6750761988229874,0.6277623391255585,0.673722944500702
0.6182892873365152,0.6213231561024074,0.6210248968339638,0.5800333655928559,0.6187864975628824
0.574779278146768,0.5855078127583984,0.5572638036011243,0.5423025808600935,0.5698815556681104
0.6827814162761077,0.679268744751165,0.6742631468504865,0.6441262666255085,0.6751903194078906
0.6454605581144859,0.6350524904876683,0.6225464387818271,0.5980682392891314,0.6195019561519453
0.662070168587412,0.671991336179276,0.6468691789896347,0.6537046094624824,0.6436507400736985
0.6632876403552874,0.6742045472909445,0.6103873333316887,0.6036340007126961,0.625638132198235
0.7203016346748492,0.7289713422820567,0.7129962083968666,0.6850134339533057,0.7175492506277448
0.6841999276535267,0.6820650545745732,0.695950090060307,0.6388786344330505,0.6793419927707544
0.5848439354763257,0.5793722355492685,0.5281974272876861,0.5368891852515554,0.5432872705959213
0.5872150860840527,0.597562057388762,0.5760084987165235,0.5353153499603402,0.5786900006774749
0.7114239298551788,0.7120946530020028,0.6843117816150032,0.6676263165462618,0.6904185181994675
0.7210492102724144,0.7243715346268292,0.6935167532351029,0.6900650117991687,0.701129782718953
0.781417504950698,0.7923704885896612,0.7364706848387429,0.7140087006221811,0.7505787613683675
0.7951262103564669,0.8066321893332573,0.7954350889289107,0.7564915265308613,0.7918174467231031
0.7475268345430913,0.7443669739497722,0.7369795291318392,0.7041583269163502,0.7290516878989933
0.578976238838479,0.5851908471468371,0.5444145709069831,0.5289006516445371,0.5687096692523164
0.6948104130061762,0.7064017931826827,0.6752296166171501,0.6432608799922727,0.6826922189381076
0.6570526835435301,0.6613126499330628,0.6414729278916954,0.6312865747411642,0.6483205105339208
0.6149886907631142,0.6270516973664012,0.5914143313431985,0.5903876772873098,0.6076312073524187
0.681852603210725,0.6870034392235577,0.6841524989314554,0.6471349689898442,0.6780804759569784
0.833992682658653,0.8427777753830101,0.8112689400795929,0.8099072030723139,0.8176572543659943
0.6754455602326401,0.6843698520563366,0.6544758466484506,0.6309046105478207,0.6528281939127908
0.7077618435265843,0.700604082870147,0.6660805418874498,0.6474833148135071,0.6680707590951561
0.7077573384730176,0.6982754272011912,0.6741526556311745,0.6556390211893245,0.6807744872724492
0.6843236726725612,0.6865805846476791,0.6862611879475049,0.6420668460388007,0.6765935118230193
0.7370310736785578,0.7425796838393449,0.7224050905131832,0.6794318475421396,0.7104545730604734
0.6107386952032035,0.6093602525382584,0.5918272213625528,0.5607974026656134,0.5967665618606051
0.5477986502038275,0.5447143915873505,0.5595137108244101,0.5109141551782862,0.5507278894401098
0.6976636732761238,0.7070090101599061,0.6795370849464393,0.6228715837638237,0.6736138288037855
0.5151458910990138,0.5297522189435393,0.528783615648679,0.5518982324365223,0.5357464229268842
0.6800388717372567,0.6727847149515175,0.6775527394255795,0.6256933169324467,0.669659204565688
0.7192959041548878,0.716574345736468,0.7014514468941411,0.6789721244079772,0.7040359870304123
0.7454873403488583,0.740581409848995,0.7342602812836678,0.6923641079993299,0.7263743174570477
0.7299129395185353,0.7191983019424482,0.7089975079892096,0.6683486763531148,0.712956794567677
0.6987568345477922,0.705029162884427,0.6901220033114391,0.6567145405685743,0.6816986744328299
0.7113726985226702,0.7209079034956204,0.725004839737807,0.6805054090932635,0.7144996662499085
0.6839978078575522,0.6916069497233113,0.6647992525992897,0.619565333005672,0.6610590065967189
0.6578567925400436,0.6666681775038974,0.6346409371205645,0.6144611719065685,0.6484886073697052
0.6273635445981033,0.6304995105815572,0.6059214921532076,0.5778376057882143,0.6052613534681548
0.778301811161609,0.7763041884730345,0.7794743890241879,0.7427918488845012,0.7675285721002061
0.6238378543305018,0.6218855963955636,0.6225323957504105,0.5911417657294402,0.6184678166735658
0.6534427710399379,0.6521946376237895,0.6455176309859607,0.6256931567071273,0.6466822555963867
0.6937696010416478,0.7001457611991483,0.6679649266781184,0.6494447669715844,0.675755294436786
0.7420077205312328,0.7400568787450367,0.716273402686263,0.6784493387428786,0.7227066477724217
0.6738829414573666,0.6716386907811827,0.6661117968737277,0.613102974711582,0.6656121913790535
0.7586349984700262,0.765779227025896,0.7569592959637258,0.6802165214114892,0.7449552402565868
0.5848051940366447,0.5876299313545195,0.5604711429926325,0.5541704745973179,0.5674856156515243
0.7246449979097063,0.7279728430987166,0.6806307909147999,0.6734477380065215,0.6945264421403655
0.755096809665366,0.7603859111049235,0.752761689965419,0.7022594521673537,0.7441207917212809
0.769344886668945,0.766697426749339,0.7467137938453973,0.7106213884557786,0.7531081556591342
0.6627121204153983,0.6677065224271469,0.6132496439381243,0.6225185248694279,0.6344121072438298
0.7805348282039027,0.7849269312397561,0.7645429963486438,0.6944950887655337,0.7626241382994535
0.620758691135637,0.6217393415885061,0.6137625545824187,0.5913443473089476,0.6074272065402722
0.7445191195802994,0.7540125124660185,0.702556436160679,0.6838041052303705,0.7245011736423117
0.650078741251984,0.6591133135116528,0.6223613967937381,0.6278646748730711,0.6506120091459928
0.7445587179276281,0.73698767428209,0.7172367345811846,0.6620631322162996,0.7198825684790775
0.6786160955613103,0.6710400473877496,0.6811742435839832,0.6348858194794339,0.6704066943559835
0.7929070879372727,0.7927641492583479,0.7431024857135848,0.7530879094562339,0.7662555417979535
0.6770736484234287,0.6882226799197755,0.6729287537143008,0.6556149196708044,0.671864757032497
0.7774644532974044,0.787136299334344,0.8071569019699917,0.718148717474905,0.7801821529417396
0.7015457148664663,0.7014440524335221,0.7072970000970911,0.6700773095708913,0.6937416221535885
0.6430195940088299,0.650818164817625,0.6434395248330251,0.6096591071618603,0.6440774465263962
0.6424263856967289,0.640246075464633,0.6237097357591056,0.5735235022494938,0.619621890705532
0.6577777176553463,0.6577139590613882,0.636785160033359,0.6197597437568929,0.6414910521473922
0.785183710941812,0.7908465801921045,0.7731739315504712,0.7315283837249785,0.7686317081319799
0.7064528094928874,0.7062862501226553,0.7063112319924034,0.679995287975574,0.6917735416354237
0.5833350916883611,0.5793746408315369,0.5627823386631536,0.5475190861124436,0.5680711048154455
0.6976599911853668,0.6982477270733533,0.6807049753893976,0.6763225441542323,0.681880221183949
0.7134460504442649,0.7047317539990737,0.6926621862774681,0.6487877730095514,0.6988724821638685
0.6169865315218402,0.6165257547289534,0.628208085615178,0.5844374107515651,0.6154384699878686
0.71276602316089,0.7226029630364191,0.719753915103985,0.6625042387655318,0.7145346192303992
0.760613540907155,0.7629802651290486,0.7489631491295797,0.6697405233523139,0.7313358572346187
0.6448546495694166,0.6423696792897765,0.6328636655878291,0.5938556198781326,0.6321482010550169
0.6365308409085224,0.6424788718699765,0.6228705104963509,0.5943556591787741,0.6254004756875554
0.7448560229835263,0.7432383231510479,0.719813541465361,0.6895648802409348,0.7173677844201652
0.6555523980448174,0.6617911765483194,0.6216989751193798,0.5741590421168602,0.6411571135233428
0.7131183654538161,0.7185517013347886,0.6709022069357716,0.6527109700909368,0.6880735421342221
0.7284649590014772,0.7308300615059323,0.7400842514038786,0.7019347888191106,0.7275366726935314
0.7954090510114822,0.7969087735032948,0.7742613154912406,0.7179761744556942,0.7776686338146063
0.6563844757075047,0.6488139359097415,0.6174642775792152,0.6017887681399655,0.6256787853464908
0.593383334052759,0.5886768582564292,0.5664854552127357,0.5726112544233941,0.574927283877986
0.667866287526952,0.6639152131925943,0.6232223135360963,0.647102297750824,0.6427714692869135
0.736125194568842,0.7352580260782116,0.7411778471897695,0.6938045299374604,0.7325168919879032
0.7013852722181853,0.7032817282909017,0.6712072769246261,0.6309493233085025,0.6750682111836198
0.7283025971478451,0.7361727922729387,0.7226508259769944,0.6877729513700714,0.7212755767837379
0.703934176585682,0.710867938593464,0.6824545668744607,0.6583440795859915,0.6807637893357835
0.7269526174488188,0.7375003623645783,0.7026461775502743,0.6406376969487615,0.6992190865973432
0.6275153636551748,0.6298184995074175,0.6109876293058013,0.5697442328591253,0.6150697480643382
0.7369889652967956,0.7471665988177952,0.7449773141675955,0.7030126013060214,0.7282566854262325
0.789105396704136,0.7984875047416017,0.7714859811649696,0.7095416030533861,0.7678490460230083
0.7422121653922813,0.7425868481099038,0.7157615793066845,0.6787814370736062,0.721467919229006
0.659914532955762,0.6594802943263554,0.6624764471415483,0.6026306182524948,0.654552778695926
0.7255878469314974,0.7208950932952619,0.7113166053981058,0.6727774922118128,0.720673691551008
0.7231504369482835,0.7239957898071167,0.6925727045089768,0.6537755862087674,0.7002246821515855
0.6810741078161738,0.6824055667248767,0.668382642972013,0.6495627093685659,0.6697283743071866
0.8087482608183014,0.8112487022910692,0.795516110668481,0.7414187816711469,0.7888584301362739
0.6853176134581275,0.6846763155027891,0.6476401821122542,0.6212503936971604,0.6576818745434624
0.6717801478984134,0.6847626196715257,0.622862362642681,0.6198471497453548,0.6442340323799657
0.7304028645420165,0.734031661122161,0.695411379656169,0.6697227181846888,0.7013928318811105
0.7211382666158925,0.7200679330504841,0.6798159286028778,0.6647511424241508,0.6884674526073253
0.6037184867954565,0.6011011992860472,0.6009768565574437,0.5688166699148954,0.5909276482494707
0.710456350100258,0.7143661960083182,0.6634262133149038,0.6586075146927867,0.678944402026545
0.7926024751440126,0.8021852577169087,0.7898557210915484,0.7550190180490198,0.7927692832932396
0.6798482964028661,0.6829920903073745,0.6678920632646999,0.6278686584861266,0.6708938558351355
0.7630188886639869,0.7638682551815082,0.7309128043816595,0.7239015563135326,0.7419997069334082
0.7607932727320206,0.764490460840794,0.7119243504354956,0.6911634871091529,0.7319945618501137
0.6477764925880999,0.6370828175831327,0.619814221436298,0.5878139927082418,0.6224705015847448
0.745778937422702,0.7499149616226275,0.7001522175399466,0.7003999499183383,0.7220233286199326
0.7647848019700564,0.762137233309976,0.7364552204405491,0.7303009209787542,0.7470765577858366
0.6034658135828245,0.6083263745863535,0.6132019080126222,0.5861757142945647,0.5977968909301338
0.7979271653745198,0.7834087280358448,0.7766236706784496,0.7307740800438219,0.7682689725065932
0.7280892059597062,0.7314792476514909,0.6997689708950415,0.6753715952921155,0.6982243652247632
0.7575679233924858,0.7657538173424132,0.7235929174920421,0.6863777293448342,0.7427207750557865
0.6903753862338771,0.7036379826347788,0.6978848539642484,0.6524390959306334,0.6915221862087234
0.7421309135263504,0.7426706043352342,0.7307885665338398,0.6796763611828065,0.7254368151492263
0.7519701277597287,0.7651642099772739,0.7265993167375967,0.7228682555578935,0.7357168782515595
0.6626121904274326,0.659112459034446,0.6407771224267249,0.6245639302118358,0.6494977053053189
0.8378524042813751,0.8475106638878649,0.8281279393667857,0.7935763896820792,0.8223834682861656
0.7028995362115475,0.6968337569003272,0.6636812277762967,0.6479442464943284,0.6818604862623784
0.735726637121608,0.751486679448562,0.7162251647006899,0.6998718895536102,0.7097368854361631
0.664861226458338,0.6614861524733328,0.6363904947779424,0.6100625571551498,0.654630690162623
0.6758143279145378,0.6750696332980346,0.6850183945728948,0.6293064570990047,0.6672682964897949
0.8102908861990795,0.808099387122258,0.8020980216887736,0.740495168272413,0.796195932931901
0.6941720876567523,0.6940238077911933,0.6695905734135552,0.6530459118060055,0.6822917586146849
0.7077799046742654,0.7155243443237724,0.6991136920864189,0.6668745525119156,0.699470812378101
0.7239081875631652,0.7293745884792681,0.6988101282327656,0.6727251521156166,0.6958157411556977
0.6658242722989218,0.6726718609406984,0.6452282036344711,0.5947508864333098,0.6580461545786676
0.7051908676971177,0.7049869226562681,0.670684070757285,0.6514403345019972,0.6772292464810321
0.6980479736271479,0.698580399287743,0.709555233060612,0.6505535413742946,0.6892133299056561
0.6739840872308384,0.6821858268890678,0.6652620013317696,0.6397548996690617,0.6689442571094605
0.5906067163326936,0.5867611301785672,0.5445103948999958,0.49419865531580487,0.5559674777623625
0.7220345582211126,0.7287136905696444,0.7391548748122497,0.680540035393352,0.7251939358600339
0.7374545491862579,0.7335411337644044,0.7394865163390427,0.6840614015779075,0.7278134287698637
0.6598010305422408,0.6667283087114017,0.6472995122819868,0.6200428676250113,0.6459393210930485
0.7288621571182841,0.7361789450646993,0.7158304299732318,0.6999675704267995,0.715723729117054
0.701936697643588,0.7027975463572473,0.6881471937391137,0.6402398768268496,0.6948434361156842
0.764383056417394,0.7774390225238255,0.7465217870203501,0.726686229659996,0.7590831496470997
0.742888651788155,0.7530612961470944,0.7173065972930478,0.7199975677062136,0.7251571897998422
0.5906398512286634,0.5961422037437435,0.5795281287425589,0.5386591814112026,0.581573192379101
0.671482586282274,0.6754409363446507,0.6799448947981159,0.6054126072215766,0.66498620768529
0.7242406183821628,0.7318772967967299,0.7274996380327522,0.6783392234670204,0.7187241268034373
0.8578672734098955,0.8664290507198874,0.8448259133034748,0.804115192370199,0.847471690969358
0.5895581067696267,0.592838680209505,0.592645201042886,0.554756055880755,0.5773701725024207
0.6450536694631235,0.6556618218616118,0.6245340355100863,0.5738246290711174,0.633429407622862
0.7956982497251959,0.7845704283401727,0.7717393095069136,0.7381684096993123,0.7641941925922144
0.6423635113370554,0.6388479992972871,0.633290688926438,0.6136812851483646,0.6310219484494268
0.743487634935637,0.7448354078793129,0.7304202559513492,0.6921758424271404,0.7302413103717523
0.7668732594731493,0.7601643639289973,0.7392526264461018,0.7051240085453864,0.7412862638519276
0.6545875395748824,0.6561451435670098,0.6305531253086577,0.5787032258656541,0.6355191613425111
0.8074298623094667,0.8264804925090993,0.8102292175637416,0.7858155426104436,0.8027500802865826
0.7902450237806856,0.7952511164009083,0.7781439607407636,0.7518297137694042,0.7725210335868392
0.7013280304477538,0.7052763012516252,0.693132029009762,0.6570026077009369,0.6750096737741509
0.7377257632791054,0.7406164452958907,0.7260686629091723,0.7009817831398568,0.7229509745270615
0.7741385582095184,0.7743875029479936,0.764729468953089,0.7471055298813447,0.7591352574141592
0.7409706917114426,0.7524147293441089,0.7369160798857378,0.7087639330347916,0.7287725234077514
0.7037274949091064,0.7072176579187546,0.6696667934760362,0.6499404682794191,0.678100285758703
0.7078785597095749,0.7124590842164742,0.6660872016939895,0.6409966442108573,0.684746180772166
0.779500609057743,0.7939112806894664,0.7429613664060142,0.7116269397446398,0.7568820363476094
0.747427803962892,0.7363797669475775,0.714018930746381,0.6728457386036398,0.7325387027607153
0.6937647030049978,0.695066319816908,0.6905249559424419,0.6602223289384749,0.6778436799636297
0.5715002368876846,0.5830745524200356,0.5730454925180516,0.5415941355552465,0.5640658000632267
0.5846811118911436,0.5982266107462799,0.5524520039134536,0.5581271344702156,0.5711627000362571
0.706064384164287,0.7170815131412258,0.6940475192119365,0.6735129634338933,0.6973002257542251
0.64577312775841,0.6437302162403833,0.6231750663304622,0.591100088088985,0.6223122265609717
0.7559951279723004,0.7547632164729849,0.7185290670305586,0.7000701565153391,0.7277499385517786
0.7639901104875146,0.7641220005514371,0.7642165106242823,0.7425466207875603,0.7528789445890621
0.6580869501640332,0.6551111933326539,0.6178971848192786,0.5940022847449548,0.6328776956812523
0.7091440103387009,0.7158250028341193,0.6957535552049509,0.6743035312525995,0.7002168245676178
0.7383355059225837,0.7437722283706222,0.7321343620007627,0.7339862522440507,0.74170996576125
0.6875602928053539,0.6805892074122344,0.6893281724782497,0.6326017345285826,0.6791779335005855
0.6724568978231271,0.6757155366158922,0.6575498623456237,0.6253657646718671,0.6623178028572465
0.6339382914457855,0.6243096311398416,0.6153228038983667,0.5986506573187514,0.6117226582899075
0.6826531216909193,0.6866122864148247,0.6547545382125917,0.6158919694603602,0.6542832839073212
0.5857627770210034,0.5767291622697416,0.5851216971484869,0.5149101219401554,0.5779482643421332
0.7925709314513963,0.800290212635443,0.773010793701608,0.7430311480610381,0.7688677904772767
0.7160973825421453,0.7163179542384128,0.6936719768759888,0.678304946072757,0.6910134504962884
0.7513156914076119,0.7610747547396427,0.743329174016254,0.7191781762950127,0.7445927117902088
0.599086425695003,0.6006829587475061,0.5791554791053986,0.5562657416429679,0.5837296228368746
0.6241949077766303,0.6216375222719235,0.6226733584005992,0.5852784721113531,0.6090036391907192
0.6377937566054108,0.6412336174291005,0.6418774956560599,0.600981908145795,0.6377541986127628
0.6744063515821277,0.6736651187769338,0.6582599231279121,0.6428284645614404,0.658652601390002
0.6916458047904479,0.6835576107093967,0.6706412108102758,0.6278052375301328,0.6660817849828354
0.7463524784408715,0.7450381185853003,0.7430733746020594,0.6995468599899574,0.7322625171005506
0.7318235630985105,0.7416641031566259,0.735829907547712,0.6693094842496149,0.7217271684702384
0.6859283870183934,0.6997348800543779,0.6566233243209361,0.6651868183321147,0.6718094796668106
0.6920796787589035,0.7048611595221213,0.6942851875500538,0.6556094848661056,0.6803308437001312
0.7063440260109218,0.7151817567792201,0.6780706342593582,0.6771948834562739,0.6919330936431863
0.7650623002647093,0.7568801500358976,0.7399452288999343,0.7019674013805249,0.7519367711165561
0.7530708163340718,0.7479885693307642,0.7009671758805964,0.6773623603634191,0.7131618981825071
0.7600931565027467,0.7657530630931451,0.7284450589304674,0.7124303075309187,0.7387804076609781
0.6859107984254291,0.6929647546000851,0.6720054732790213,0.6387991820106581,0.6716553859191348
0.7873560604892595,0.7960014616801413,0.7689555677262112,0.7201851681359439,0.7730038169029592
0.8381523520674998,0.8408838025026902,0.8196674440696169,0.7828100806155625,0.8275702768636741
0.6989414300330745,0.6991612468839417,0.6877005226198544,0.655302789635088,0.694552280843966
0.681660005530143,0.6827753782004969,0.6579097638411865,0.6535498936147403,0.6689877636070243
0.690986828976554,0.6968909539637674,0.6645672628141143,0.6219360040721192,0.6680833635489053
0.7113863583094262,0.7125114087705583,0.6878669136713014,0.6622490049314143,0.6909270332144566
0.6393681137282676,0.6366786615578629,0.6039533611618694,0.6120277769097798,0.6192605572285893
0.6512681482173835,0.6545898915747883,0.6525949737097775,0.6089383957822214,0.637794446291003
0.7014012549950052,0.6934428921957284,0.6761396347754686,0.6284941612240952,0.6775962233572529
0.7191158945286218,0.7149287953183084,0.6971930614637719,0.6527778413213728,0.6980318451716484
0.7209331776798015,0.7262405589073508,0.6987174448961418,0.6508929030682733,0.6976397911786067
0.7173185127434678,0.7157638257858047,0.6889322046311269,0.6434575040708228,0.6964550883222878
0.7357400978648037,0.7530992172034814,0.720852853075175,0.7077879428886468,0.7348974329600814
0.6810235521892136,0.6837829913324464,0.6629110574937692,0.6490268211764388,0.6650750045433357
0.7335545049216267,0.7318187088394023,0.6677781950454496,0.6608511581827758,0.6856301152240228
0.7336046361377218,0.7382484793171499,0.7382822906124997,0.6833127201933498,0.7283560658335426
0.7151686883073104,0.7224638054714276,0.7136278234872347,0.6898714423706377,0.7087960995744723
0.6763387268709841,0.6763062139474,0.642391471940642,0.6031304203655045,0.6444842146348542
0.6968801458705081,0.7169996850485205,0.7201697005878762,0.6622019568933646,0.704022060855993
0.7210247980567724,0.7253871683804524,0.6911706939588068,0.6772874210478997,0.6939567063282327
0.7704950476295059,0.7723876894073932,0.7486197630652449,0.7396982621006222,0.7594571722909476
0.7242846268955851,0.7212244993505144,0.7102505405564035,0.6809773037317279,0.7104934094301684
0.6587851145043687,0.6632603442616157,0.6498648275560445,0.6163900841959351,0.6466947145247024
0.758562574277315,0.7551328943122189,0.7433593491825635,0.7120089031138227,0.7402650700068943
0.7904254395510523,0.7817151841619413,0.8003989783879975,0.7190968669377625,0.7747208432447752
0.7301277958289578,0.7329457245237101,0.7314142766081968,0.7074432774808962,0.7229371485758488
0.6711830936037675,0.6736930747381531,0.6523035434627655,0.6201369665549635,0.6517593464238509
0.7587821500786393,0.7600824903338816,0.7343471238635472,0.7044430471912357,0.7498125702760939
0.7423653173744277,0.7522020973863615,0.7518645161238775,0.7143761149835581,0.7409892526109153
0.796523556610019,0.801769960022341,0.7730477087729493,0.7488460606930388,0.7736886322704851
0.6544048099820363,0.6505114783994816,0.6211764714341074,0.6168962489461495,0.6247585351126097
0.6537432045201154,0.6621678934662579,0.6507363347536768,0.5914992297621077,0.6469290574805553
0.7534485024892669,0.7592854841825133,0.7457644783557859,0.7101308490723064,0.7423135937371736
0.7077902031093334,0.7152542310029307,0.6773320202507456,0.6655362637830387,0.6834283392314334
0.6644164965726578,0.6709627895522535,0.6344565926274717,0.6319625252383565,0.6494436839600037
0.7987580399456227,0.7998795458498492,0.7699913654095831,0.7594961787606207,0.7742818370988727
0.7900566010739265,0.7887910606684351,0.7837066076316919,0.7176972824368465,0.7854495277572309
0.7205362526111666,0.7138432098074095,0.7108733774052228,0.6462293991522224,0.7056027631332255
0.5378488859695516,0.5435502594131547,0.5147513355668404,0.4767009365343386,0.5206384545300763
0.7045339680412555,0.7158757361768963,0.6889669379969087,0.6949982728606572,0.6930760531294463
0.7139049554763083,0.7188592332712771,0.6683863329450662,0.6684974065425009,0.6898200687289763
0.7068414101223996,0.7166749727517222,0.6897311101775712,0.6624096054352778,0.6987739261561233
0.606757951862604,0.606487458898668,0.5835856103401972,0.5414133383006938,0.5784366874486928
0.7934660975376626,0.7928782049188176,0.7850266911974972,0.724347219231847,0.775867036134513
0.7684147966752232,0.7654504411263158,0.7449753235698716,0.7331068908701692,0.7528425681688018
0.7201605944619903,0.727777813453487,0.6951263433276934,0.6787686046216765,0.7014530479167181
0.787696052460837,0.7885010177360303,0.728340541872528,0.7478246987849125,0.7561757399085011
0.7185166427701616,0.7215642652690447,0.6886761013913946,0.6610717065603898,0.6967582523542275
0.7849128367675646,0.7884366457514215,0.7720033702304313,0.7372236259773938,0.775446726312339
0.738665107227938,0.7506658399223078,0.7421863074844358,0.6874562627640245,0.7275425504230455
0.8308404131753846,0.8214382318314668,0.7960704827880525,0.7669651155309942,0.7979899124843027
0.633601650017107,0.6373532518590597,0.5996044362560249,0.5684983720548203,0.6199563800890113
0.6300957169296106,0.6303975592205283,0.6057251713313976,0.5753948202740042,0.6132029662967644
0.7210585006222139,0.7232536032935599,0.726308117291125,0.6950821484273764,0.7139606344982973
0.7176213530235328,0.717433339961859,0.697176670703894,0.6691171912509638,0.702498192121643
0.6600034559875961,0.6623480169473548,0.6306499246186669,0.6197086127357061,0.64359473535117
0.7329854363945839,0.7343188579941428,0.7259992246926422,0.6716932166270184,0.721307555796031
0.6832201280948932,0.6859202965441689,0.6836704260595721,0.6599529531004322,0.691027341892741
0.7009602065838051,0.7110472945124988,0.6858399493426567,0.6825434823757098,0.6950948231426721
0.7709438954402017,0.7759169934446195,0.7510929302337709,0.7450372279067105,0.757334964979258
0.7132934564189823,0.716600010816288,0.71578064312101,0.6746657974347244,0.710888206014077
0.6940977810841107,0.699400976146845,0.6585269101120271,0.6689402231169492,0.6718002740233544
0.6566229962996598,0.6571256781346723,0.6098759325301095,0.6132564948794371,0.6364247621639956
0.6788990014216132,0.6737257933796552,0.6397591633505743,0.636786319513083,0.654625051513367
0.6106765972317444,0.6104600052589022,0.5935166401972598,0.538550733226366,0.5930714025586926
0.7523142899596009,0.7516644878128056,0.7509266760006256,0.6717054189354895,0.7342135932598275
0.6139151023899121,0.6227377138393095,0.5982615576533552,0.5631222233335643,0.6102199916330077
0.7379540838255929,0.7366324454683727,0.7233328926072129,0.6486696896338179,0.7095425723766591
0.6735707974020999,0.6706902335854596,0.6638305192348141,0.6403188248367412,0.6709342588721716
0.6935541449482371,0.7017124863832037,0.6946654273738011,0.6195527621352306,0.6790831833508687
0.7199837169509087,0.712267347753657,0.686296264235973,0.648775941156275,0.6902606803006238
0.7101501140232049,0.7116499790546876,0.683976764082795,0.6672696740590607,0.6979278029213717
0.7201335491528548,0.7188793745902596,0.7242603525132549,0.6677201650434327,0.7131250955914152
0.7360705266718133,0.7318879703027995,0.7247899962383059,0.6796026413123751,0.723706576901473
0.6988398613083675,0.7078435160028925,0.6753193199910112,0.6713213886611779,0.6800319386437561
0.7945926435986612,0.8039839381973088,0.7843268975804515,0.7529103119953047,0.7788601164232374
0.7561795045118891,0.7583465413701326,0.7371515499980238,0.6856683450781156,0.7422125233816538
0.7444078875199622,0.7575526564990406,0.7530055886958523,0.7064066318963541,0.7526410160379694
0.7941755900439763,0.7910682812933231,0.790440693802019,0.7558648221096511,0.7820863880459253
0.7448367200052434,0.7496682001130992,0.7084475187245259,0.7070062250648977,0.7195078777960932
0.67087777025548,0.677203222549192,0.6675609544246924,0.6090065699837619,0.6625005904569709
0.7946659133922284,0.8006769908025393,0.8002650936901997,0.7547688301072243,0.7915472318153767
0.5975082276118168,0.6086408526211575,0.6173101463552271,0.5445435974780797,0.5949165990949264
0.7972907273058291,0.7818690606943514,0.7743872505085535,0.7232608639933232,0.7680516117036181
0.7176322428757741,0.7237275681941719,0.6789037301631257,0.6722620882677925,0.6955865300403713
0.770996792093724,0.7863397474121742,0.7431801636764522,0.7150651857166621,0.7507512868908656
0.7499412960390075,0.7457300978248176,0.7518292155677263,0.7240991362754041,0.7515393045610841
0.6875680544304918,0.6972411825857922,0.6652492919527447,0.6418075346133101,0.6596953497236507
0.6675647323905328,0.6623750390671561,0.6540832977665038,0.6317467843988109,0.6565099675695504
0.7342186858154609,0.7403471832489554,0.7111084767334543,0.6856020790367304,0.7216834523204461
0.7091533433493965,0.7269486670532115,0.7131533391668127,0.6950098644451714,0.7025528574025203
0.6322101094013297,0.6296460740095384,0.619567860674871,0.5894574415879604,0.6255784790850539
0.6829037678977208,0.6838870289625445,0.67168290872743,0.6366518960601623,0.6769579476252695
0.7837555055258314,0.7755880277810423,0.7349867473015201,0.7251090699328788,0.7485546628301001
0.6883964152910578,0.6909581643815662,0.6642275469239752,0.6438452541941816,0.6740715939483792
0.7202959169597647,0.7310828952417538,0.6927595580497975,0.6606410482122824,0.6976064933827715
0.8187371072236471,0.8334676349655762,0.7837248726481513,0.748817343998005,0.7945620365020308
0.715348955806746,0.709587229465907,0.7072087129007616,0.6557662046623882,0.6996265792845594
0.7275195644759628,0.7309074267107161,0.7069966320169412,0.6914633532041762,0.713528860813232
0.6811190052361276,0.6767542635002721,0.6566277039642585,0.6102053252557647,0.6565823218487087
0.7488517153686086,0.7523311346563624,0.734666407968695,0.7093246988686375,0.741120804840722
0.7094171715838015,0.710336335625459,0.6873721768871537,0.6513287088383933,0.6910163077123394
0.7246934659662131,0.7334482230814392,0.7238409256209878,0.6576969129453403,0.7183632852458037
0.6649731613394393,0.6534677771820857,0.6464442097913485,0.6044118331937441,0.6397916050581224
0.6939684600090795,0.6986259906464043,0.6998753747040265,0.6402087427069956,0.684796533199567
0.6559870435107853,0.6740069720214693,0.6564031412746226,0.6082508430543936,0.6545244152227475
0.6934621667141753,0.6897532564996105,0.6910979077372985,0.6525562465106888,0.6783911931110588
0.7386073080064913,0.7400188955464742,0.7275635334431011,0.685255953353867,0.7268112845787651
0.6761931961387738,0.6789052606615523,0.6466316619213571,0.6022994081373807,0.6567734729630358
0.7947040016655931,0.7863003617633982,0.7609927395389096,0.753616332293672,0.769425939861727
0.8102493632703608,0.8050350465507596,0.7962390919568011,0.7558739054991964,0.7975081445243801
0.735248462263591,0.7362165420971823,0.7516225828883746,0.7168745299543295,0.7335460715761313
0.6837994946586508,0.6872797598299875,0.6613059365568295,0.6446173341952959,0.6655712134202433
0.7246560185291556,0.7316543151224623,0.7381591224600709,0.6752136469932717,0.721002137943265
0.7591470455053474,0.7666452062491839,0.77209344399273,0.7188989951936391,0.7572900964222953
0.7114437365574852,0.7186422309824503,0.7060622907842368,0.6646439935428615,0.6978371439943771
0.7066839675749866,0.7022796959207148,0.631783485755362,0.6635045274917925,0.6492041247326438
0.6928753382036849,0.7105727007824896,0.6818017994978628,0.6581074697253048,0.6869430073835032
0.7586851422831735,0.7509464711622215,0.6965373250750698,0.7147436289439424,0.7266543037603658
0.7217036612615797,0.7247144976301837,0.6890047248618708,0.6842926513925066,0.6987493874534049
0.7704405563572229,0.7727536211383024,0.7421524436451612,0.7189383865808964,0.7479182768840508
0.6861076629436177,0.6923566207713746,0.6599345590899289,0.6464725329213801,0.6738570873326432
0.6972915987333572,0.7086390654762765,0.6720732858682466,0.6391293292419484,0.6767162260892401
0.6673146281868096,0.6595153579114889,0.6571078136566857,0.5993416064899563,0.6476024083532664
0.6780567587742996,0.6777281753278412,0.6569757652929473,0.6521598145528248,0.6670396532762094
0.666260804264955,0.6685389173759648,0.6740384011451421,0.6386224454579608,0.65970008574371
0.756265898994845,0.7487725187267635,0.7244847280312728,0.6823137147828408,0.72590837226899
0.6245857375168586,0.6295639598554016,0.6043161886785411,0.5607445264804213,0.6150847822970208
0.7406555805460028,0.740270294784655,0.7180472326237646,0.671716851133711,0.718697038672569
0.7725351620687639,0.7792113084993295,0.7193666758422473,0.7437948854913085,0.7528935016992276
0.7637497256898372,0.7624530910054956,0.7278505796867163,0.735340252461929,0.7412915172816239
0.6600075595490243,0.6516518613149616,0.6402706620404824,0.6003655124547261,0.6343131355747305
0.615090278295713,0.6180172885442572,0.5897549955624093,0.5837459764941195,0.5951587300673621
0.7256574335166596,0.727450175298687,0.7138541291490695,0.6733905972042027,0.7135499549103642
0.6097903531005261,0.6249777609311321,0.6011741571801617,0.5504276714051773,0.5968087519172359
0.7005240068838485,0.7070974645352777,0.6800785850133203,0.6398965999141781,0.6856500475946103
0.6750613299881301,0.6737686457397487,0.6684894481286568,0.6376913328110863,0.6578904236069296
0.8053811918434818,0.8059822302120795,0.8016211822083145,0.7459832417173307,0.7903522972899474
0.7878279907417023,0.7888045710553774,0.7830218757283588,0.7194968907849068,0.7731833593125409
0.5684317864716598,0.5736451975887752,0.5319717969034422,0.5370028035125226,0.5547025663948835
0.6901925358988006,0.6949040325811305,0.6784259765643341,0.6670186005176577,0.6806908459532026
0.8011418699537257,0.8087881093947201,0.7789247645030927,0.7553788375690949,0.7857782811512013
0.7426480881111382,0.7434600900171022,0.7133222374946473,0.6864177436668459,0.72683204417557
0.7892481586855209,0.7840757314235449,0.7503223415786994,0.7270574134031893,0.7679089143674703
0.8340864857008301,0.8432331511905324,0.8289524394199127,0.8059420171297325,0.8307905780331135
0.7276132934493311,0.7309530003033238,0.6794957148216113,0.6505531596562687,0.6920608078936091
0.7305022271975639,0.7312063280952398,0.7142683069098134,0.6644132771289718,0.7171312603585719
0.6982401386465517,0.6921709754229122,0.7113742767876926,0.6723203027785496,0.6895297567831642
0.6827114632119607,0.6969402961126259,0.6670962012087787,0.6629998246636853,0.678819296933245
0.8205933324181583,0.8297113143540515,0.7981864646986125,0.7835361596841942,0.8006446290593827
0.7242478189268208,0.7274423746135019,0.6820921532101393,0.6888346261286366,0.6995922680945929
0.7257314742308845,0.7280695246566706,0.706037036789575,0.6888273982774992,0.7090510328423719
0.6365312186723953,0.6376767827294093,0.6170326572256721,0.6019833745171486,0.6187364551628735
0.693827585104172,0.6985420366605001,0.6847876160472504,0.6306965992545889,0.6702110705839882
0.7632504251608658,0.7661118490440686,0.7484435117342175,0.7052608405927414,0.7496550894723494
0.7879357183992612,0.7860644285202867,0.7780350703059821,0.7238526460104892,0.7689857911563527
0.6596186131154743,0.6528963339095913,0.6221234831164466,0.5995138536968175,0.6165738564503958
0.6846229764373473,0.6875131222773287,0.6809422387512373,0.6524152327164415,0.6685851695896192
0.7128924845757562,0.7194471463318148,0.7203127820606241,0.6852929260778762,0.715288628144684
0.7583397026975909,0.7507738056206822,0.7263915192443204,0.70938146585469,0.738434802818059
0.6957042332401748,0.6989143632576057,0.6581763445714339,0.6410232428460896,0.6684689076154935
0.6786673909021804,0.6742077941302936,0.6641998619059395,0.6184429807644153,0.6564164037936225
0.8068613820532923,0.8032381201300304,0.7757367949781098,0.7384050220055649,0.7728378775485378
0.7343055339029059,0.7340399077827667,0.6917219240736453,0.6711226374224866,0.6960704539560522
0.6667497026769788,0.6712180099234724,0.6356912291587188,0.58806143447462,0.6435819396885927
0.7211400041712741,0.7199184691101446,0.6997275798492816,0.6492593551637719,0.6974928680420629
0.7369876906531334,0.740227832213786,0.6973971115783794,0.6710470088451997,0.6933857915814876
0.7538660919592146,0.7635099056848985,0.7067981293838441,0.716612277180362,0.7249820441417959
0.6830060040638126,0.6932721445250828,0.6561892460477627,0.5972379274122326,0.6695201145803824
0.7753494509924003,0.77544267752874,0.7786367793580898,0.7315538304274094,0.7739214363962484
0.7490432338658485,0.7488592076638657,0.7382032540917852,0.6768588147352549,0.7261232925326715
0.7591922903238757,0.7639119496923122,0.7660508850385809,0.7204820120014911,0.7546536242655842
0.7378616935863961,0.7402038738559336,0.6963410452133746,0.7033473082014816,0.7238349885924129
0.684616881702137,0.6743136017750821,0.687213770064703,0.6229186777735158,0.6659754907362185
0.6233721059929238,0.6191398135343709,0.598613909701881,0.5583983353577396,0.60546606242137
0.7124947510457192,0.7103229784734816,0.6789627259148046,0.6800161415158016,0.685589560852456
0.7420961205794848,0.7389811793451682,0.7356367204197056,0.6799305725939213,0.7284357140737591
0.5856956258023592,0.5889538956593965,0.5634079271116702,0.5371419167236476,0.5716281103501805
0.755021488929682,0.7618500720729297,0.7218343117108983,0.7005561766745257,0.7310900728363088
0.7700334699337218,0.7738178467825814,0.7663829448427794,0.7284817213872925,0.7599027264948026
0.676017549393848,0.6744311388136877,0.66206972917576,0.6348627921708365,0.6607881778922179
0.7562672621002834,0.750714645481995,0.7321424251621408,0.6896549624374239,0.7317461491705217
0.7721672674351735,0.7692750463736073,0.7288257018073683,0.6908073506129917,0.7408714974316484
0.7463430328336899,0.7509813814976963,0.7491359350809423,0.6945695392666256,0.7424506185016738
0.7135616154061458,0.7106390564400163,0.6890005776678046,0.6332968315100969,0.678263994935569
0.7718364943163002,0.7698141846939736,0.7492737740312145,0.7142436926304447,0.7557832115201721
0.61383994349963,0.5995409047607323,0.6144552409247036,0.5850220617782078,0.6028788330002549
0.7086493158777253,0.7216497535950543,0.6530383667919384,0.6554328990267845,0.689829448694785
0.6057798817973188,0.5980079242439013,0.5963032929930032,0.5361174837090538,0.5867113615912839
0.738320053224128,0.7373276716969248,0.7101147269714984,0.6861046239201741,0.7192335083331616
0.7486865500099696,0.7444646509505533,0.6999305030059432,0.6655266681742904,0.7042135214333624
0.696560565512141,0.6942111520177867,0.6678222317669624,0.6366433553719745,0.678084413568587
0.6937090653675492,0.6904695753731575,0.7029760479220315,0.656598236786945,0.6932072870377245
0.7213662381380542,0.7308859924889011,0.685739400390635,0.6937446721719537,0.7060195412078502
0.6581069653404239,0.6577541058589699,0.6738909539333393,0.621314363862954,0.6480557339192029
0.6807754733610409,0.6828565590979983,0.6857409979747293,0.622927226960353,0.6775528530715641
0.6969408038380169,0.7013626942482977,0.6803458682502213,0.6632847246543399,0.6847689276896862
0.6608155869318258,0.6797678230916925,0.6608178131138769,0.6375347479226899,0.6648723523113114
0.7569580891577632,0.753699769582847,0.7468025348606278,0.7297204630367015,0.7434751065474693
0.6587551616068942,0.6476650004765333,0.6413250572303919,0.5925278148064524,0.6320173381286289
0.6942778802740988,0.7063417297095096,0.6466237643084061,0.6276746915441046,0.6733529665565158
0.769577198270212,0.770580971724038,0.7220638448492279,0.6955436698345582,0.7442604523802092
0.6706265312728575,0.6797982574477873,0.6551642995173329,0.6362705585753108,0.6599154443401661
0.649626175148524,0.6462278635822503,0.6080910660378636,0.5854998386242608,0.6175529104172237
0.6854298816813693,0.686140427561856,0.6665441364411601,0.6295167296910993,0.6744778915885179
0.6920688144801193,0.7014725242517048,0.6507570743911746,0.638236321637692,0.6773031944437025
0.7157208656288617,0.7199592240248108,0.709397467234723,0.667827660951102,0.7098511924536985
0.6216709046089299,0.6252217423294103,0.599293207718208,0.5858301730539679,0.6020633060761212
0.7167013757992667,0.7132538253312369,0.6930600026688448,0.6776541599644842,0.6898486999525942
0.7415450305598013,0.7328605899065379,0.7162267510874422,0.67014467525744,0.7216957802728591
0.7073739448831478,0.71174203903315,0.6869717249773583,0.6568401379994401,0.6928844718781986
0.6885749650104515,0.6935763196385087,0.6883567054452285,0.6419533496497466,0.6776468091469323
0.7946744579614431,0.787522331355654,0.7622642734029357,0.758892726330258,0.7735548616643066
0.7917095993331291,0.7814908968275218,0.7628627164794503,0.7187653977888743,0.7542425477494805
0.8533343997546332,0.8620023682752451,0.8479571498858012,0.8339109245026288,0.84450270202115
0.7035287870723272,0.7073025965659645,0.690090103259641,0.6618647922559338,0.6886373085982783
0.5522050631819305,0.5582297167651975,0.5249384909437883,0.5102483245099457,0.5398986254913266
0.7616875227547278,0.7622162735774181,0.7397527991816225,0.7379181471301044,0.7473685845188649
0.6637611045233387,0.6548785424614494,0.6079891122557818,0.5991155472028187,0.6323365857064849
0.7561563492150087,0.7601287618559264,0.7697983764210766,0.7171205913119317,0.7550822380961341
0.6513878975593396,0.6432877757431781,0.6418227388504101,0.6305722086137102,0.6384573848481513
0.730323224577219,0.7404087177060946,0.7230158968805352,0.6925575526439767,0.7260061796794745
0.6852565209414049,0.6951752027869272,0.6682940323361435,0.6527863331771658,0.6815856229575756
0.8129325555196177,0.8251532083566395,0.8000627504550125,0.7484871015027174,0.7979207524217471
0.6513539113330175,0.6530471096934668,0.6435228152099488,0.5943917550209818,0.6312971899005277
0.7809781706257621,0.7822456245072583,0.7390612639950016,0.7518660932966366,0.7513063109330671
0.6943875529616568,0.6954546966101031,0.6789620008233804,0.6701174745919384,0.6845371858161777
0.7136088402413773,0.715864062196539,0.7155617599791205,0.6752323431913414,0.7147863018681135
0.8168042438703684,0.8120098022574088,0.7817468496412764,0.755693073567498,0.7889818230297512
0.7529564232468227,0.7586458591836519,0.7449255641195882,0.6980616925404003,0.7423549060228856
0.8014851534353133,0.806414314677477,0.7712019698581595,0.7557560640318557,0.7807893507095253
0.6534050070652588,0.6540228571676153,0.656021884413262,0.6336436689742214,0.6461275747753265
0.6262987928568737,0.6217446993939334,0.5735045490247214,0.5831487712829686,0.5955288213772528
0.7340642656274616,0.740621763415492,0.7249601200582128,0.6863198750519722,0.7228999573304982
0.7703456744879911,0.768108024973852,0.743706222948155,0.7140569205135741,0.7437490175858805
0.7000174347304575,0.7034493889729155,0.6884421942389105,0.6383672774287498,0.6875347697263503
0.742936343736496,0.7429311537049805,0.7235079860011109,0.6911541018390787,0.719272336116245
0.687105923163374,0.6898188692061024,0.6709903524847282,0.6305305062871874,0.6772365621423055
0.7062262178711883,0.7120056161956808,0.6816604483948536,0.6759393839360337,0.685868413442062
0.7794321931226867,0.7913807662581321,0.7636657187316089,0.7100510131955112,0.7643267987614447
0.7622885350315102,0.7673115835552314,0.7664525485515388,0.7155694865996948,0.7598795738956988
0.6100834783952432,0.6149694805389133,0.5843302790793863,0.5573753081048058,0.5902039142269185
0.781850188751106,0.7897975276184437,0.7633102613502426,0.7378408502816194,0.7667687424858844
0.7137908316217486,0.7056020188959058,0.68923109471212,0.6655225256900027,0.6861363598496707
0.6812099240019758,0.7010706714536369,0.6754844531350483,0.639562997304036,0.6815009583934855
0.6991953230407164,0.6947769537017828,0.6782033878854492,0.6511298972650715,0.6786374070571498
0.7738342846591614,0.7775468247367496,0.7755252034035763,0.7477427304854419,0.7704476629275309
0.7166448298994785,0.7248157706333221,0.6880672015727128,0.6865865515372541,0.7021866372546757
0.6066865996981542,0.6023478811172367,0.5862262688077317,0.5159374609204495,0.5854567200490796
0.6925734583348536,0.6943121004917295,0.6666104805043106,0.6681753882923552,0.678455785767104
0.742117658715152,0.7448086439763129,0.7098099841696579,0.6788185262539355,0.7091522207893224
0.7460260092125562,0.7409476195223245,0.7214518574898034,0.6819575803315754,0.7243848670640168
0.8423629909104551,0.843633794380003,0.8102183092659725,0.7962966867627909,0.818886667229597
0.6324339892600397,0.6315568308228496,0.6144319861238978,0.5393312316423522,0.6089854252249706
0.6787342089319287,0.6742709450493034,0.6573177714665207,0.6424000751902235,0.6642059429030501
0.7969285467812226,0.791393398552303,0.7657952687782248,0.7377146446484615,0.7655588039873246
0.7239942990939436,0.7349267239256762,0.7195733617401104,0.6809538184439204,0.7308390565814786
0.648063907880557,0.6509989916926365,0.6316419258185018,0.5927080603669072,0.6330826827968067
0.5446740250246829,0.5349894602338542,0.5166104428664688,0.5018758249881148,0.5288351849403319
0.6541281272165612,0.6547805438344765,0.6586786769912669,0.5816994931940106,0.638652301411621
0.6941422081808549,0.6965066658967308,0.668495496371367,0.6524465204253811,0.6829638145543638
0.7143618793773324,0.7172628428057864,0.6929970242589236,0.6594653854471081,0.6929297164469507
0.6877325107116986,0.683317020730616,0.6680605928261245,0.638596079952858,0.6722206672213515
0.728414385969801,0.7346242747012586,0.685571783786955,0.6781627932663749,0.6945931135981359
0.6741588984343254,0.6755122251042837,0.6720074393794745,0.6138371022471306,0.6732610053198499
0.7419632678588443,0.7472824084023664,0.6879771716277607,0.6760518911422807,0.7083408239336194
0.6450384110215569,0.641566399867315,0.6334123088494417,0.6140099597747809,0.6343086495859434
0.7675279556947688,0.7704822839153085,0.7482659315506827,0.7073055955940504,0.7559852003186135
0.7409680454423555,0.7511097164788096,0.7326282289971295,0.6948036512390505,0.7309376479460092
0.6955337964472245,0.6959894630076019,0.6731860333842088,0.6528779621739438,0.6798713224875754
0.6659591185942406,0.6666611441721212,0.6471537417744875,0.617994009031691,0.6493168526389332
0.6893919062629292,0.6932740189348209,0.6836751190242055,0.6369110611468107,0.6877849423798625
0.7428499719096192,0.7468595274384967,0.7163986524341945,0.6975198973257847,0.7259452675978835
0.7278382199659431,0.7329679765439409,0.7273181599673609,0.6845615450795758,0.7209834281759019
0.6910256952659746,0.7060081206345237,0.6746834000870898,0.6475519774967793,0.6796127761851206
0.6818467632481638,0.6802196634711084,0.6696365481402631,0.6345208495520615,0.6734122268838288
0.7150028086968757,0.7281544727379626,0.7259132446272524,0.6837184083379604,0.7081095425361811
0.7528631475828862,0.7508372660204915,0.7064139364205303,0.7079575875120112,0.7236716004255441
0.7337945334509921,0.7383502639418416,0.6889547499911645,0.6868281861755607,0.7101440345831771
0.6495860391944369,0.6623317035168871,0.6402532484366722,0.5849619131234287,0.6404143966931741
0.7067644036998375,0.7057485197088691,0.6618647280634878,0.6425603257782346,0.6755932265626297
0.7727291735271751,0.7832874449446668,0.7702122548831275,0.7536464563744019,0.7611891650277127
0.6710510089766698,0.6641757988813888,0.6390318279863128,0.6330676855740435,0.6543986393313631
0.6905669431098003,0.6917334931162311,0.6375345674011643,0.6552510883050447,0.6567243429759889
0.679396767399281,0.6780676049246209,0.6547444748022802,0.6496197234705443,0.6642272329503361
0.6524149465257483,0.6568397924509094,0.6384325967964375,0.6236201771170785,0.6412663408700701
0.7046073209258212,0.7057814184135468,0.6692343061964761,0.6430133776548604,0.6828155365946188
0.7780318494657379,0.7840907697167948,0.7743206431095673,0.7375821006668218,0.7669075778272466
0.6745034899343586,0.6786971153921304,0.6609889525563236,0.608986289401101,0.6629920622447153
0.603885077371677,0.598282903927837,0.5784629472926319,0.577011642107258,0.5895594948808461
0.7065545067815154,0.7103857188895133,0.6934968725599062,0.665571073708147,0.6959064205157999
0.7412774477650246,0.7458453110084828,0.7023107954887464,0.691127207278836,0.7249807961953464
0.7179977829241819,0.7171956333512246,0.6853317183957114,0.654418035932475,0.6915003607600799
0.7891817308787018,0.7902738868065811,0.7751473954023973,0.745970357372518,0.7771193911829226
0.7227703171043703,0.724386530907394,0.6893528115383464,0.6824026835186611,0.7059027322265249
0.736371742012008,0.729503758524532,0.6863130856595695,0.6707300086491369,0.7083299310869268
0.7806963904830567,0.7741880591977627,0.7635867491207308,0.727876265818364,0.7609737908810151
0.7587721315979398,0.7581864108150246,0.7513490734858492,0.7087299823084776,0.7505486875761328
0.7212085129331451,0.720573690449271,0.6817515651190547,0.6844039929831915,0.6975656588295769
0.6863591850152014,0.70997635422706,0.7118797023344565,0.6757896139171737,0.6918775414425471
0.6268290746854239,0.6224246467876136,0.6231719144332439,0.5908309689738361,0.6177263463817689
0.627315931761205,0.6269920152669933,0.6226321218209402,0.5894792124681222,0.609667907357917
0.7577167102408179,0.7642890480065379,0.7307365480943739,0.6955833895601752,0.7417381372576229
0.7426693023225474,0.7422608819339264,0.7245310667071129,0.6920106422958519,0.728562553227279
0.7347010353383814,0.7360374405532595,0.7417072629016883,0.6743175972497248,0.7193434568157826
0.7255220364967638,0.7252826876295551,0.7110668468003661,0.6623888476392783,0.7154269459437078
0.724025933071711,0.7258730871902396,0.6986137800715003,0.6730161429126669,0.705560550194986
0.713523798292009,0.7153805867328632,0.6855787171447262,0.6595129253199429,0.6805773919088917
0.6376323659443739,0.6320059652561256,0.6181850391117426,0.5978808971483308,0.62472650302057
0.7920089296598014,0.8001895367186667,0.7681366070022808,0.7123215046305602,0.7719672547485168
0.6477220278422661,0.6560157099925223,0.6390293389788946,0.5938172324384601,0.6365716346203698
0.7265951989777427,0.7254765069776736,0.6931671545275935,0.6772628940631268,0.6976668651128174
0.7097789454231986,0.7053127886817532,0.6595598490386319,0.6499724315847707,0.6812932552944398
0.6551325412283673,0.6679437591414584,0.6746904477177624,0.6314206484963842,0.6604689216714466
0.6991898900697069,0.6945448883245197,0.6712255831077492,0.6257388399503453,0.6796994817408675
0.7884843161991824,0.7874172272365579,0.7732578815538402,0.7329415296401142,0.7760622620298068
0.6703370366444947,0.6713655626420612,0.6769424547832739,0.6368143608539397,0.6685454473475485
0.745220860041866,0.74523958377227,0.7389570665599364,0.6989323389908892,0.729145335706803
0.6785505473060552,0.6804810867738496,0.6860244008950518,0.6307826193496251,0.6717160347438569
0.7203707227842254,0.7233394852535757,0.7092741239947281,0.6850039680004226,0.7089539722784856
0.7460098740619834,0.7554092101119539,0.731481514125982,0.7216240913065816,0.7318271442211478
0.5998934862874441,0.6036037752292178,0.5882423095764888,0.5591087648081586,0.595739960361438
0.5900936519307418,0.5871416809824302,0.5809700040562986,0.5675466171632276,0.5789642654390305
0.6853802881683759,0.6869670674427503,0.6454463244108931,0.6083115300511105,0.6480912634566769
0.7107978634131854,0.7140610656686923,0.6660125831163843,0.6629494333140219,0.6796666877970667
0.64751407502238,0.6470438249847188,0.6179861507009599,0.5936760646797702,0.6222099446968432
0.6231754043037827,0.6176008573938649,0.6221307264076448,0.5802234536665235,0.6104746386498133
0.6443176991145112,0.6438253635765367,0.6367295274574025,0.6225069986483327,0.6350055999272006
0.7000299946454884,0.7063243616541408,0.6651806449538212,0.6651213387965297,0.6796678681803299
0.6671915204923,0.6734720191922118,0.6534988082871961,0.6378052510552217,0.6581799612837008
0.7854001708147175,0.7892653155555976,0.781410078245409,0.7472160865898595,0.7790555575977065
0.7935546224428468,0.8033168565251028,0.811937246852957,0.7652450486507637,0.7972140690230823
0.6352494005812639,0.6505968038864848,0.61667403161407,0.6207261202812279,0.622159937751495
0.7818091704465251,0.7850850128406944,0.7777008372579802,0.7265961335948655,0.7752794389229539
0.5699318623816026,0.5724464501631024,0.5518587461226669,0.5562866609259652,0.5572804721401912
0.786662454932859,0.7886240967431706,0.7542924719960612,0.7026308969573325,0.7648050796003492
0.6881303380184546,0.6807030843487445,0.6676286454267822,0.6108312622112306,0.6737951321947467
0.7094938816790047,0.712091328678146,0.647407168217963,0.653680406222578,0.6789789279042008
0.759674668504686,0.7730955483830688,0.7434926223130989,0.6910572978721478,0.739071067424264
0.7910333280146696,0.7887688745557688,0.7757818760203242,0.7569418108054913,0.7734417612385339
0.689253275805817,0.6938603858171768,0.6491483821889378,0.6074189790713208,0.6671300420610683
0.6810046908044912,0.6842735091383721,0.677344172283093,0.6475678550638211,0.6768598190264954
0.7276905579421891,0.7410196988869637,0.6724943128711083,0.6855634228188238,0.705589410958804
0.8061420909726666,0.8076305940303157,0.7618938965268727,0.7223098257818549,0.7774014086723053
0.6594708620739562,0.6440027033037142,0.6249059747197658,0.6050889512495151,0.632177882914538
0.7662941753605097,0.7606243160146381,0.7518949890106219,0.6993110747502551,0.7434631044208059
0.6812990636014352,0.6849860462841334,0.6969551117100438,0.6641180489668842,0.6893436693613773
0.6373389036733578,0.6344994085785053,0.6101696189297219,0.5703209340233251,0.6115505211818429
0.7232858828031411,0.7224748291072105,0.6941832947126108,0.6756306517342403,0.6995537593979854
0.6659052178776471,0.6706417352993013,0.6283570939525773,0.615620947453328,0.6465721194343071
0.6454080386607403,0.6414141529829263,0.6483856841996606,0.6015412128059386,0.6414858090734898
0.7901178688128967,0.7909322563653794,0.7842554653964666,0.7253869505125282,0.7770723085530508
0.6857888481693476,0.6756661937080886,0.6539149153137208,0.6121961543088532,0.6477997152474414
0.7525635944973629,0.7553600739880258,0.7605962267514027,0.702675886495392,0.745571041684174
0.6435267659922095,0.6324370704815208,0.6311827703112066,0.6237807519517763,0.6223327179502338
0.745231655614962,0.7473093451070898,0.7466862559370141,0.7088542734913696,0.7412556802441519
0.7198654027431086,0.7194461024889778,0.7341877358681842,0.7014868645133572,0.7196503573217
0.6117654802519298,0.6199550837040333,0.6046597745273132,0.53956112614749,0.6029369241047947
0.6950772845759922,0.7000494388410106,0.665769840986293,0.6321689440907433,0.6715271636207343
0.7930614759957689,0.7971914898026382,0.762313959969632,0.7714095030962282,0.7731566956045917
0.7713335473948159,0.7721009702491064,0.7595151063974481,0.73570490810857,0.7588831091814574
0.6276832712669372,0.6316268614924604,0.6242327869395622,0.5837318299521586,0.616571135640491
0.8130233158112787,0.8118923538057946,0.797430531877141,0.775032060996256,0.7995463668352132
0.6940143653063676,0.6945064868972985,0.6621488576451315,0.6254681022126676,0.665536572675254
0.7872998524130419,0.7914263613600417,0.7966248942370266,0.7506346094988718,0.793705426433262
0.6527172246067554,0.6490489346191728,0.6087214187267758,0.5608675047177774,0.6206173213434693
0.7073553209890668,0.7099910271157541,0.6736310112642059,0.6542784640225041,0.6800065957021856
0.807765191534059,0.8107461622468478,0.7978589832033632,0.7428952304194913,0.7934380875405844
0.6271733091496258,0.625124462436183,0.5779201628490389,0.5983835345159116,0.6105119904448064
0.6955417503458395,0.6907633119439412,0.6939409356606535,0.6648231529184309,0.6878534396801949
0.6322149546352448,0.6322360153720367,0.6256441481740699,0.5838540413222056,0.6206089535152963
0.7488682294391605,0.7459632191457399,0.741088009231215,0.7003915327351108,0.7345014763911399
0.6835669220964735,0.6849542113970685,0.6734769964227597,0.644269024654669,0.6607290369683225
0.6925014758130554,0.6940063947824334,0.6658955053452554,0.6695202598928788,0.671869780941669
0.6539686401570606,0.656114227524084,0.6334490485011667,0.6162485418690029,0.6377346170331639
0.7315395737884178,0.7335925816700026,0.7075533255392764,0.6757120478894367,0.7095122643374372
0.5646877929608369,0.5630582190625127,0.5477734593331024,0.5527647133962743,0.5472643031744795
0.6969306805627646,0.703444484284555,0.7065732978403624,0.6814714016142868,0.7007741540095119
0.6098424496203555,0.6190349928904753,0.5437285979793913,0.5407110184739663,0.5742021621080444
0.8024539951475401,0.7933096878296908,0.786734312046122,0.7370710720809062,0.7790141794469803
0.7080306435602142,0.7152777868420535,0.7023788424679941,0.6761367339240898,0.708393387213969
0.7642380266590203,0.7643379371114847,0.7638346006784823,0.7179320967880104,0.7580168146620758
0.7032642787984272,0.7013271760446321,0.6477728086065018,0.6532920542219736,0.6732123192640542
0.629650962661677,0.6308653390260532,0.617604738147525,0.5590066952927248,0.6174316534435583
0.7533095987294167,0.7603524865955188,0.7474451292171881,0.6845608355859556,0.738536490788671
0.7571240319023232,0.7540094394406415,0.7319075368738535,0.7176140305911417,0.7374650126963501
0.6550702919191371,0.6578732981665785,0.6250453818405249,0.5956839745171805,0.6348271204245843
0.6727775638512334,0.672008325334148,0.6602767786815581,0.6293202996518474,0.6568694102168192
0.7977971693460725,0.7954699219323971,0.7787914489886452,0.7623496109283557,0.7804719354652889
0.7498416601081115,0.751822632951522,0.7310330880230056,0.7079644166595085,0.7400300170039299
0.696479192810873,0.6893103121413905,0.6786079662829293,0.6632475901604169,0.6768316024831238
0.6490183377571198,0.6449888402171587,0.6477142257473317,0.6027898091526711,0.6394134066963794
0.7847469608033987,0.786399660244351,0.7731270552566739,0.7319096020783006,0.7675130844252122
0.7390339305164746,0.7386098430298867,0.750546198979735,0.6598159949074165,0.7290375894392511
0.7017219867770652,0.7013590857781521,0.6921675439163792,0.6492586262299118,0.6880869104833626
0.7644716786378406,0.7664920450693529,0.7274635585288173,0.7079635925579237,0.7287035786951267
0.6307907848974413,0.6344788852010179,0.6091439740499385,0.5963515277490882,0.6199443356278727
0.6630772960866193,0.6585574104291415,0.6428525648435207,0.5965611327602308,0.6373526847483135
0.5794733670769663,0.5911680720633379,0.5637727092270614,0.5679823597645753,0.5707488095926427
0.6552541839380923,0.6551294385748342,0.636762427183281,0.6235482489206001,0.6388145164024055
0.723629477153734,0.7174718215842665,0.6978100183743663,0.6532708503476635,0.7051301734433737
0.7414459002715303,0.7450959338254857,0.6981325553990088,0.7098936763479435,0.7096061047826276
0.6529740455624169,0.6599961068142954,0.6614092507959375,0.6192561358285937,0.6480525025200785
0.74695854838932,0.7458172646465927,0.731955693236317,0.6841336824092565,0.7353021779431796
0.680158146775525,0.6810070998552873,0.658063170770053,0.6162820491106509,0.6636841385689694
0.7357329691359051,0.7457715536899501,0.7001075566856754,0.6632977106046196,0.7181943988756528
0.7129705236462146,0.7158128659154668,0.7098872951724347,0.677218258998006,0.7008461796371518
0.7020495795390276,0.7127646086116867,0.6773323003454402,0.6416855110827304,0.6954493334835562
0.7468562433940439,0.7380237325717923,0.6995259488767016,0.6847799823620374,0.7131502051551276
0.6464505660767694,0.6372754183758865,0.6155894404435327,0.558772719454608,0.6258627412694724
0.8053402147945843,0.826203302775279,0.8007047191045348,0.7644778961811352,0.7985336515756382
0.6876648944149083,0.6902713252236103,0.6829325019662617,0.6462447128784377,0.6763049872117292
0.7525365768266196,0.7482068002620547,0.7476290835331082,0.7013303704539027,0.7431587618631806
0.7800701380116013,0.7708108901404539,0.7659398539594443,0.742402256686848,0.7678587369654628
0.778352211645524,0.7781898361412821,0.752347331800569,0.6955674158855469,0.75269340988031
0.7347709542686067,0.7364946398073136,0.7348469316767111,0.6966440920412965,0.7228863805040274
0.6627237076871156,0.6738890631785741,0.6326777541612457,0.6135814175858134,0.6431751209754952
0.7075215821756408,0.7041202903457774,0.6976627249986213,0.656492002569611,0.6968364408660874
0.7553614679769591,0.7577813839701278,0.7310866675637698,0.7260884524527449,0.7297278699094505
0.6054775604432667,0.6069443016074872,0.5843941598680396,0.5316986567006469,0.5905090214263911
0.5523394191712728,0.5450171002343603,0.5475324042970358,0.51231382567964,0.541538899692942
0.7454416531961273,0.7485125136146141,0.7171260773008511,0.6967656267194268,0.7285051634807772
0.7461315899482038,0.7476654568794625,0.6974283749973702,0.7120958801765911,0.7197410862553829
0.7502177405785485,0.7530791492027099,0.7259866994094029,0.6875363615479797,0.7254620901158843
0.6821445582195582,0.6830357246919747,0.6690111629111628,0.6295156647789266,0.6618310148865294
0.6155209362455164,0.6272585293002616,0.5903844731676667,0.5649113422520075,0.5998788798541953
0.7892978554592002,0.801129157468001,0.7607817923261811,0.7230191431688274,0.7616913920900357
0.7940936462610436,0.7965169605444308,0.7733934761858566,0.7498592530256226,0.773774898563436
0.7366818256914562,0.7355240487589833,0.7294178318330651,0.6968107506742105,0.7261932450343249
0.7314469626383322,0.7301917129452146,0.693700618690885,0.6528572120139173,0.7022111349739328
0.7063436474990271,0.700924414263127,0.6947078988070234,0.6525120047740052,0.6926485194568749
0.6862932412494911,0.6765179632275964,0.6444031959104135,0.6152088473403103,0.65499685278346
0.8487975658217302,0.8499551331803713,0.8198513257574579,0.7935011002257738,0.8280955839036067
0.688634431474934,0.6873875434092962,0.6589444853456148,0.6463889592511953,0.6643264413875496
0.7101165383045486,0.7075390099086155,0.6766973736185916,0.642010667261766,0.6926922889845284
0.6843954822138645,0.709858546464429,0.6666932531355075,0.6759284779237013,0.6756719489767035
0.724394186575679,0.7186154116578323,0.710419846096367,0.6548547573064301,0.7128434853252226
0.7708421824392323,0.7848679282855606,0.7249313385796486,0.7383070114458155,0.7411206663942271
0.6236238737403929,0.6314856314621299,0.5659653491058427,0.5524002972624047,0.5903206596391469
0.7013618017829288,0.7017391015150611,0.687492578295801,0.6575371655474151,0.6955547788877895
0.6101835963825404,0.6084335958002042,0.6124344983051769,0.5667223491386085,0.6024874419480438
0.6102342990956171,0.6191662491559675,0.5984472519197748,0.5841686347597734,0.5981111210309406
0.7118407832840096,0.7206600278008859,0.6965720544856903,0.6640774069346871,0.6978849942374635
0.6921416003127486,0.6933561452319855,0.6776147431835982,0.6549117483741883,0.6799982241711757
0.7440517098156281,0.7423867665632014,0.7174909625434548,0.6863349934408923,0.7193997602984473
0.8156012548963689,0.808829855660213,0.7858894268019537,0.7614828964945214,0.7902925621341046
0.5709967718575727,0.5743869025672776,0.5663241933624075,0.515269267135725,0.560192008329525
0.634664901186725,0.6312955917205144,0.6150316988187537,0.583754357046394,0.6200073479666542
0.7214008954629779,0.7317672093797645,0.7037827965704542,0.6566316709765737,0.7084361822321656
0.6269093264558102,0.6359368105457941,0.6076832692808033,0.581759972678803,0.6196155609066101
0.5670003209567066,0.5630246217775045,0.5627406269317552,0.5184157040049809,0.5416318931224395
0.7281732746327794,0.7416177791286159,0.73219853747929,0.6905436666299204,0.7276816668501395
0.7724068811975132,0.778587629774875,0.7309433791681392,0.7223558605542576,0.7465373291366194
0.6716428559147761,0.6663020646269553,0.6629034772442255,0.6371216104529303,0.6595543610653719
0.7129080983860177,0.711793237768083,0.7185237806248603,0.6659501655830968,0.7044006692436738
0.7668643364408385,0.7749129490482592,0.7594944726523796,0.7308567439593795,0.7558212515301064
0.5342642862913373,0.5287407005089281,0.539023112805626,0.5060758111439889,0.5246001919861717
0.7161194631259179,0.714826036718836,0.7134940612583055,0.6709515245843926,0.6961143146165837
0.7227700783678431,0.7269943216354688,0.7161685697574741,0.6623294176635303,0.7130980766974011
0.6852324134154749,0.6912855732766453,0.6526813058662905,0.6788292429592429,0.6634677112938975
0.700466419402578,0.7019487221566243,0.6770378073525491,0.6436176470294976,0.6857062969922706
0.6913286012128748,0.6893090666646368,0.6748758847952586,0.6437171276318983,0.6733027983560176
0.5943809723632157,0.5861689435616937,0.5872558497206458,0.5455109542282678,0.5807923709076762
0.6090013497709502,0.6163086568377812,0.5826652433592339,0.5582169996903102,0.5936345474942025
0.7517837685022206,0.7599386095566287,0.743554048394687,0.7049282338612083,0.7342255580187913
0.7108839978012331,0.7099139048702201,0.7135721725417087,0.6417785248719147,0.7083041736810308
0.7197965055063256,0.7215826598767758,0.7010647839911671,0.6664383335577411,0.7015764906587176
0.7157058422033941,0.7169604812787587,0.71156826259205,0.6922652633703053,0.7025175705583971
0.715792678722498,0.715895804097775,0.70026350932573,0.6831704482497655,0.7008375733054695
0.6744161995430916,0.6695977357796244,0.6193909524745161,0.6273642462082881,0.6402245544691212
0.6747706089382413,0.6648272613443611,0.6752284603085225,0.6303949583141646,0.6636123219365719
0.6667915874340579,0.6648364383328478,0.6410387284563562,0.5976398330027833,0.6440366331641849
0.6933132915325172,0.6917839770667804,0.6439020969881988,0.6474816271919354,0.6646744654084332
0.7801356493759255,0.7859826125408856,0.746178941174976,0.7424861206655085,0.7609021806530902
0.6829376693305699,0.6777357231945773,0.6740770188357925,0.6356732941756631,0.6659170617461464
0.8128839421816731,0.8172710572561003,0.7938303620898512,0.7659382813455247,0.7956233091264976
0.657507986391915,0.6509265204877598,0.6404934568802917,0.5949284716142487,0.6351508161811733
0.6668988067980866,0.6644258356300218,0.6741927467141899,0.6301104382783025,0.6630871398039422
0.5923317828313187,0.5986128182016821,0.5884241450784297,0.5669414827721566,0.5759441540174735
0.7132509527116472,0.7088781833513779,0.7054492604725092,0.65225840437428,0.7030853487699931
0.6698079385113066,0.6759153206937363,0.6559202442369738,0.6336388378776737,0.6482010912752448
0.6885734831776056,0.6839438807357481,0.6963593338890236,0.61535697382467,0.6747633320464459
0.7263520120376563,0.7217455447087024,0.7108874278721066,0.6626216624155113,0.7025535611408509
0.7301149883492772,0.7387300067083434,0.7220359611789686,0.6924945492200273,0.7172957037162322
0.6160116944738271,0.6226544015683199,0.5925804553289851,0.5212342711763681,0.5886795374860779
0.7203277860185775,0.7319426953817009,0.6871924012016442,0.6693932744312913,0.7048426312813393
0.7439548188530893,0.7355146386124858,0.7031535842989302,0.6858837034331549,0.7135307833892494
0.7717091515345904,0.775608468982014,0.7381622547188368,0.7242895966496035,0.7448871966162595
0.799205103863612,0.8140513056182539,0.7767990385731299,0.7505734425788951,0.7797202011980496
0.6529573333988277,0.6411199377615214,0.6455552309994477,0.5850674172751112,0.6430895728206966
0.590041725395327,0.6000642587461722,0.5758944417213989,0.5412487820289649,0.5797516134412501
0.7646220336386889,0.7679502307592881,0.7177175031473352,0.6802959480396358,0.7250188215527089
0.7741025593109089,0.7906086607501541,0.7874091956384381,0.7117268974673971,0.7748383107825605
0.6852869838802697,0.6808589383063032,0.6626274551709888,0.6292582808765628,0.6660195573417078
0.8006496740890224,0.8161167936097137,0.7853890636790846,0.7700145462325532,0.7915147077481739
0.6937566353835392,0.6833349064355496,0.6758290981693801,0.6356611158698273,0.669873918944205
0.7181735193374669,0.7063568130604618,0.698295518806129,0.6421362746269973,0.6935320151356591
0.703709263881025,0.7157912581278303,0.6958237045549898,0.655075617833012,0.6977785437882876
0.7898084547310457,0.793753822434134,0.7912674144784994,0.746593524135255,0.7911277798180718
0.7443188896896437,0.7403939048530725,0.6976172541682933,0.7016538831479308,0.7140656626747427
0.7604492239095294,0.7685468593674938,0.7417812423032459,0.7091803344386028,0.7493928398106025
0.7644332119148313,0.7697770108627969,0.7642123951720908,0.7120042223640531,0.7573562310681026
0.6491621878711339,0.6422827742256874,0.6256820241436452,0.5870113713741051,0.6288299984566122
0.6762066612214824,0.6735345178004271,0.6488755414817065,0.6416428143928274,0.6471218776621392
0.6920854311536463,0.6932928336961051,0.6882874925579625,0.6339769534506878,0.6800795793390657
0.5881225394411057,0.5928256577379405,0.5857250240819858,0.5501720592089189,0.5799807783709555
0.766368768536941,0.7753662383565834,0.7184569119305186,0.7344142722035687,0.740039880474062
0.7124354864171516,0.7177914815133252,0.7191899072586481,0.6811271984120806,0.7073834903798086
0.7004910881440739,0.7085163364077707,0.6886723302536439,0.6489902721813894,0.681144053552214
0.7674236775278617,0.7691444262456344,0.7489112904174878,0.7120866048438559,0.7602525681828027
0.7428640260745857,0.7553893035885682,0.7169742473222264,0.7051979692541902,0.7194005088339674
0.7289839300237063,0.736650659793832,0.7218249156746355,0.6854433066071548,0.7235869056823715
0.6335768357453057,0.636043449317991,0.5984974697279847,0.6018000483437765,0.6128374013986585
0.7542594831103662,0.7580200947293991,0.7406229723722975,0.6950238897989678,0.7295602757590753
0.6616032778203502,0.6661327994464052,0.6407822438902335,0.6035030557288622,0.6501003153242216
0.634233761873048,0.6441724361356415,0.6171566334813757,0.6008969738677927,0.6174557087377819
0.7003510051849785,0.708478355739166,0.6777017778829043,0.616596842820881,0.6813128552981329
0.7299534257534039,0.7305206379724021,0.7068834737546924,0.6493174501482801,0.7064284836981047
0.7061658639770334,0.7107319852895833,0.6856972123043725,0.6376108075501169,0.6861628332483786
0.7796926813491049,0.7835588967474633,0.773064515099499,0.7418566007324028,0.7674839369409557
0.6926687945437667,0.6925375779098714,0.6986660141003617,0.6576030810689137,0.6894593494505532
0.5721963512852695,0.5730402933417741,0.558414613008128,0.5003635823471211,0.5483373447031112
0.6941633321937942,0.7066723385449754,0.6673308779500067,0.6242097323894589,0.6743065256361954
0.6382981060559867,0.6397676742401864,0.6335180443736198,0.6080112125999609,0.6257878889250122
0.6976607088147356,0.6909874232378785,0.7150641637922974,0.6603148675618912,0.6994241410174533
0.7553800549667175,0.757933667375162,0.7370254433111253,0.7092224145259669,0.7345369415635229
0.6418966174873213,0.6451753743125064,0.6347463269379238,0.5740107691148609,0.6330913947960691
0.6332065844627391,0.6408562670883146,0.5938202883051885,0.5986133988476249,0.6193743357017957
0.7079093547935263,0.7147937227229051,0.6953439553888667,0.6555413744896191,0.6910400923206153
0.6478063910675878,0.6477059950661412,0.6388315153794717,0.6170671840295318,0.645259580847104
0.7039591062431325,0.7097717149686862,0.7168701277658995,0.6567539247780722,0.7042516223890627
0.6684923998756456,0.6765821376839574,0.6782119913194865,0.6208700136423934,0.6716545020677677
0.6416467273862669,0.6508079481173362,0.6320941617307919,0.6179605872269149,0.6334861655343619
0.6824253587287811,0.6899522197557374,0.6622055855730462,0.6415164142502904,0.6796194261027344
0.7459119020590889,0.7542155869577163,0.7361139360275313,0.6805076414897095,0.72454271628886
0.7022722067438354,0.7021309639834066,0.6744470822559315,0.653896255877794,0.6833514515391367
0.6936210732762291,0.6983216250220393,0.6798732360787906,0.6233749359017395,0.6797428002026196
0.7754264703685637,0.7871294455734442,0.7499950612945508,0.7593675807960414,0.7626548652651137
0.7720733512501875,0.7762440863954843,0.7470628423194074,0.7456554792932345,0.7566801502026373
0.6667035858049516,0.6661699753016983,0.6506202353454982,0.5948488779298302,0.6441752621645657
0.7587265534075304,0.7693861889704074,0.738419893771845,0.7030337118621766,0.744502301211457
0.7101349712620654,0.7047771002333945,0.6967007779189933,0.7003003676413974,0.702368724223882
0.7115634510305024,0.717996267385483,0.6968375277390159,0.6422205697885623,0.700298920761648
0.73832513939423,0.7403989086534704,0.7148665530166363,0.6781242016261819,0.7042107467243455
0.7628567460721799,0.765931917642362,0.7540101986673007,0.7391592415051165,0.755687559723074
0.7019452642811987,0.7141703161188205,0.6757363384902277,0.634669096245127,0.6863346490928054
0.6762391353930101,0.6777298972415912,0.6783042205929479,0.668652026067869,0.6689628057746251
0.6623737048013147,0.6704472517986967,0.6919938508873198,0.6702517854675977,0.6740837562260887
0.7370812583486005,0.7396795853522845,0.7332292431475583,0.7047220673682244,0.7279683996153634
0.6624455068877841,0.6753764810235591,0.6492624008680873,0.6361959419706162,0.6522770935283684
0.7549113649165073,0.7523251982212495,0.7345942918282893,0.6819602169627477,0.7297834286698942
0.7987485096661044,0.7910448541868188,0.7443892178212907,0.6979638305348043,0.7498261922931565
0.7667482607037694,0.7697607894613575,0.7343781086741871,0.7059083679263636,0.7587529819260139
0.7790249308143488,0.7836724166618348,0.7883742408705396,0.7454430877349644,0.7743971524153694
0.726109533124582,0.7278767880847117,0.6764733116006733,0.6653171267969713,0.6985567952578734
0.6052132125411813,0.6129004164330846,0.5915188201944854,0.5913902131287636,0.6016455190908273
0.6569387731011678,0.6594116020871768,0.6610320886546344,0.625381336133665,0.653613144893124
0.7200885309289996,0.7293357322422344,0.6964077649738388,0.689858536494687,0.7119067315090563
0.7282775495242414,0.7331971023294485,0.7162070747197251,0.6686766428808061,0.7128676208878171
0.6357788699154344,0.6520905524342073,0.6207360960991383,0.6135775279216364,0.6257837397060908
0.6644119087054664,0.6610035707549012,0.6582719046425264,0.6233534526331149,0.6493973292376565
0.7499936444334901,0.749462843991065,0.7517497222928672,0.6783723962016367,0.7498756306457187
0.7872124932155413,0.7817660923215912,0.7851886279433051,0.7255605986117103,0.7762995899284618
0.7416475065700286,0.7418405449104822,0.7175747466558599,0.7091133247611652,0.730419428245977
0.7428179966957307,0.740670873262561,0.7059766775899056,0.6819722459634353,0.7118355735476434
0.7323664276617282,0.7241947607043472,0.7050042866631377,0.6756211551450826,0.704609476015491
0.688193965584103,0.6851447891362522,0.666975991290067,0.6724884697700901,0.6670505192179317
0.7764828568207025,0.7838650213318058,0.6969952037582375,0.7238195478091046,0.7243824143573926
0.704581935033143,0.7110961744643468,0.6699912676569064,0.6585712410641407,0.6801087027714481
0.6256510148764514,0.6292099681293303,0.6008386977127577,0.5728302717958221,0.5986580974113425
0.6034387978896557,0.6059626368373042,0.6085833640468623,0.5682336297242289,0.5981515719697618
0.6706187875033992,0.6754943466941908,0.6543478710741181,0.6401635519939264,0.6669122819082798
0.7590048144179973,0.7566014704690475,0.707002179494189,0.7025545913254478,0.7274957398836251
0.7024028796516858,0.7125526997018885,0.6840147446655614,0.6411837495696175,0.6791749085331686
0.6887906916679204,0.6894874349018013,0.6859676878488515,0.6338030835126968,0.679227105853034
0.7607687298802045,0.7615345872024271,0.73026893558678,0.7216769785645349,0.7419877276259107
0.6559440934705172,0.6636149238503384,0.6535449406248682,0.6079264536614207,0.6547425425596975
0.7534438013732951,0.7645755774270261,0.7323028809207047,0.7331774966878266,0.7464009286191676
0.7061857596234514,0.7046073141758329,0.6970547470204793,0.6864990002254735,0.6913330588715356
0.6809036754586852,0.6880720218425502,0.6648972709019133,0.6620227337497451,0.6748937429930807
0.8397608577654413,0.8411514899646725,0.8237411829371738,0.7776242841966848,0.8228164786116462
0.6905692213971438,0.6844089125636905,0.689482159576719,0.6486446845301632,0.6840893788167683
0.8357726973463449,0.8472288788151884,0.8126593256745378,0.7965719155456681,0.8164030391144474
0.7569485986035117,0.7553597444151716,0.7313540030026214,0.6925415403601985,0.7253778671629051
0.7345415593239019,0.7328506814822187,0.697934288767065,0.6848109158219348,0.7071488703462279
0.7062189720913513,0.7063073112524496,0.6857502912226928,0.6353943678967654,0.6899277812681801
0.7104807807471722,0.7212154177686121,0.7112879805494045,0.6870521263487618,0.7006939931545245
0.7430052530196569,0.7522993824085124,0.7259769053131082,0.6790638704469641,0.7326185476846935
0.648319099524582,0.6283440206455815,0.6058291368187155,0.5814093940203569,0.6180219720743673
0.728311366663227,0.7246015314743138,0.6971285286536542,0.6927080616744538,0.6969975160935054
0.7380161646877204,0.7431944043946369,0.7047924332344048,0.6988117126909512,0.7093579902453201
0.4936768995088326,0.5003674165431519,0.4520559493066846,0.44372152836270484,0.48246970354575414
0.6755488761052834,0.6897399938893682,0.6643388047706899,0.6567374424023158,0.6691770166687635
0.6435837366615883,0.6420499673444854,0.65477505510736,0.5896004667651888,0.6386009743565313
0.6967296756769272,0.7090873351485649,0.6882207348004117,0.6924329597185662,0.695208643525322
0.6480727768513798,0.6411233697823607,0.6312610503749237,0.5991354937004555,0.6252763835504913
0.6598850948639736,0.6640282715389427,0.6434282073232802,0.6086938135088964,0.6486914173648372
0.7142254407095179,0.7079538568386831,0.693364265807425,0.672804003911004,0.6946081204432286
0.7219950944109306,0.721532952772899,0.7170093333541447,0.7078108758923626,0.7204375399654469
0.6845559593727878,0.6938620694915947,0.6836518745048923,0.6748906300814991,0.6815902409442837
0.6939088408854867,0.6976187566816422,0.6965115477646641,0.6432233083041557,0.689590960287249
0.7339027753624583,0.7235694260067874,0.7043041911004295,0.6814204696230343,0.7020599281868863
0.6105106784399585,0.6135317687641999,0.5935544675270763,0.5707028980190383,0.5942782407591242
0.6698141486353673,0.6721663635675714,0.6695633520048786,0.6272769789694188,0.6547707078169263
0.6721648025449495,0.6730331586196914,0.6237427908404066,0.6393580551177246,0.6352997622865397
0.6922913135836547,0.6898013229949547,0.6434551009220331,0.6893123296627771,0.6654471643578589
0.7598773749081484,0.7752700582229095,0.7516485067512728,0.7203080640581832,0.7510849388353871
0.7310121246747937,0.7341568491712198,0.7524294787769413,0.7148426186632847,0.7311924784704407
0.7104935206777018,0.713853016864008,0.6712017426666087,0.6646398548357155,0.6849319296215995
0.7518675119535643,0.756727547049951,0.7385367311226758,0.7308345076230244,0.7442039379554121
0.752764772277082,0.7531867883001925,0.7200633276751175,0.6986503719557547,0.7244296085515017
0.6737268801447023,0.6773144649889224,0.6523569475995801,0.6327732441016185,0.6626417132924138
0.6796022521207398,0.6844256678390086,0.6901161422429627,0.6384445842102706,0.682772703296548
0.7187047866898911,0.7207769516125812,0.7170629592774828,0.675220917520589,0.7047322991742193
0.670705119253051,0.6768766220783754,0.6458096945845624,0.6374515996613661,0.6457363741298601
0.7158446371471564,0.7181877263641948,0.7053415208787515,0.6873824083868822,0.6982012032409596
0.6882963246449063,0.6840529667735205,0.6671032755417674,0.6370848559248601,0.6701664220821355
0.7207863111360893,0.7199210204976622,0.6825857024796632,0.6574250419912159,0.6977955368269952
0.6920826466908039,0.6971790712156192,0.6812615527282112,0.6685348662227111,0.6829641751347628
0.7330343325654107,0.7402706292389467,0.7100868926455418,0.6761761132481344,0.7034597363542094
0.8123586295472648,0.8119792822586146,0.7844468696523004,0.7648942367009062,0.7933943181721683
0.6818691021610666,0.6735870156298729,0.6377294065168291,0.6464989483263146,0.6535943249384981
0.816061032236474,0.8205703415672304,0.7967117233370277,0.7549085082042257,0.7970609285729863
0.6952124021942034,0.6911418219605896,0.6817331730959809,0.6512501183035214,0.6771182183767193
0.7722470738427596,0.7615363791165263,0.7158115673147012,0.7249133547030708,0.7349034367042596
0.7682403934496316,0.7844930307628006,0.7728093719282484,0.7455722645877529,0.7630297168577054
0.611366212654662,0.6078292863036314,0.6051981644739102,0.5647931722620549,0.592356851525524
0.7003497646397332,0.7006120892515526,0.6923823007148988,0.6539288759469084,0.6820823338891643
0.7748457650374317,0.7776336159772353,0.764398345346356,0.7236143138048152,0.7621613147033555
0.7212503488723901,0.7136829399676212,0.678337602976311,0.6624774340469295,0.691995908911998
0.6925630871566444,0.6928218763874501,0.6516930831238352,0.639780428170055,0.6724464690436284
0.7146399303848123,0.7128824033925335,0.6983969682647826,0.6612874214599918,0.6943041177337115
0.6504936309020753,0.6495122747425618,0.6404792744922773,0.5941284616187663,0.6360328396588556
0.748622779052323,0.7605334300570921,0.710330036261734,0.6883531787321826,0.7215823861221581
0.6866976140547613,0.6864324579754513,0.6557917317558519,0.6331589912957657,0.664994921587296
0.6574682509441706,0.6682103197060323,0.6491074869728471,0.6295094788931809,0.6544548924721451
0.7706029338044935,0.7728426446322938,0.7557938975035826,0.7322564515637041,0.75771625758277
0.7171891941398875,0.7132462117896047,0.7007272454174859,0.686859002482398,0.6915291178292143
0.690571837927592,0.6915365155017189,0.6596278042647282,0.6367162174595368,0.6588655772978544
0.7897900180674563,0.7973973897412124,0.7560232165624222,0.7417363785830635,0.7685523485590438
0.7336982498809157,0.7327486116718851,0.7158296613806248,0.6944854655001061,0.7248227031593779
0.7940383516428027,0.8048806504198908,0.7635747248694356,0.7178242885128138,0.7750287461701204
0.685081148948081,0.6833373817553224,0.6775843591842466,0.6453349328281968,0.6714911652768223
0.6981495163873241,0.7003158145906521,0.695787256459941,0.6671651023048588,0.6840453115991436
0.7490456748808411,0.7477541005227998,0.7225537443857841,0.7027280751414632,0.733315612724382
0.7850492370741079,0.7877504029079494,0.7798303999273376,0.722220736976702,0.7679512581340859
0.7562426112619491,0.7548814599767786,0.7362155570525417,0.6997345521880493,0.7348094968351371
0.6879084706740337,0.6915183701660761,0.6571478986688666,0.6511775170161547,0.6622698495548762
0.6245472430069746,0.6358846607804882,0.5823135807673888,0.5837795550959721,0.5971915856546276
0.712240171547686,0.7349592987217222,0.6769943958959882,0.637831455677806,0.690960733573239
0.6816850710224619,0.6821892322557879,0.6873059084711165,0.6327493295210538,0.6649810520421106
0.7046658876463886,0.7021509335398671,0.6962725446370295,0.6695794344828043,0.6947106126231218
0.703469225397257,0.7006989042559799,0.6883651336610179,0.6550548956780261,0.6910081447864592
0.7177118526186087,0.7182065803319033,0.6975114919917993,0.6485016990139274,0.6920262365967533
0.6561502019278861,0.6555917995804311,0.6549302964097642,0.6162326861282004,0.6437403592836144
0.7131352609860313,0.7200668386948151,0.6896666465984218,0.6677109955106109,0.7062746111316842
0.6714494748686188,0.6860299796199512,0.6585689409084193,0.6060127035349783,0.6627414663475093
0.6350868249422866,0.6460297519627569,0.6258592787032442,0.6070303823133861,0.6325296004645554
0.5436706089282519,0.5374466727575584,0.5215084886574621,0.5051715684626132,0.5235638381446169
0.7906310536685534,0.7972483698257858,0.7786971215947933,0.7229593524794072,0.7696636517945692
0.5933252601632616,0.5946831328536352,0.5979748184986385,0.5445914860964085,0.595239994083248
0.7573340904278056,0.7595215863335205,0.7564538939471692,0.7299096518462189,0.7563197239199458
0.7553346896941192,0.7582930291826652,0.7503559895072737,0.6886927265994129,0.7277240095242621
0.6502020843347699,0.6505378480020739,0.6297565089001288,0.6157634924676941,0.6216090885253349
0.6498012057668323,0.6420375683548477,0.5735551543021415,0.5430156601257443,0.6065789834852887
0.7584668211487665,0.7688973256001135,0.7540801993240784,0.7298259205658039,0.7521868071908859
0.6544339572360341,0.6461347064305187,0.6525237131146203,0.606749732591795,0.6542963635966224
0.7794454450970695,0.7900425134889896,0.7488875733537803,0.733435262128577,0.7633731873604549
0.7511645841670002,0.7544852670050147,0.7385182568275248,0.6886647679959705,0.727784464234037
0.5888673114930552,0.5859314370754027,0.5690952323838381,0.5354227615453889,0.5695615660241592
0.7211284396071254,0.7194890925843409,0.6787642382631903,0.6938523334268927,0.6873318514530928
0.794247211566444,0.794556636856244,0.7766492768270291,0.7299500101566042,0.7752501209025565
0.7346222427834125,0.734094003033744,0.7322263469419106,0.6634696274223232,0.7239073460114427
0.6801101191295438,0.6758825003568747,0.6359749811923298,0.6282964346759504,0.6540012234454915
0.7636032161216291,0.7716167784696242,0.7473845674164027,0.7189540867453689,0.7429929758608883
0.7888073931576132,0.7957345501493784,0.7737331704735766,0.7354023591085243,0.7641622914848404
0.6938995307903146,0.6941857455520547,0.6959647756489419,0.667589222978106,0.67718861099791
0.6823861264836091,0.6898248432590995,0.7005079411820347,0.6397090256387387,0.6846675423427663
0.8009669502057729,0.7990232219493011,0.7817518297697155,0.7211023596851851,0.7762713592397529
0.6664025667129277,0.6805005793309509,0.6492337931971276,0.6099557682685123,0.644082015349414
0.6205337080609176,0.6322245063278041,0.6126937509546615,0.5652101837093838,0.6211381232683642
0.6763266418898357,0.6783006677958472,0.6472639527995931,0.6372999724972408,0.6616673572393148
0.675251856991178,0.6728535899953091,0.6575558664315087,0.6337263855972127,0.6559915691696099
0.7751927840609827,0.7742116067882088,0.767271166325275,0.6997215703711351,0.7580909715352729
0.7228661048982002,0.7226700359776823,0.7101505940212615,0.659881733613808,0.7074503808612186
0.7796329748420641,0.7810748103844678,0.776786013903897,0.7520481862517694,0.7792024278123224
0.6905566142539041,0.6958873379724254,0.6846389441831273,0.661793715885051,0.6885143879020841
0.7976897465334946,0.8067415011804726,0.7749393871433342,0.7345572701038069,0.7781678268102111
0.7007092482964709,0.7062738450403744,0.6796610568320828,0.6436719435623519,0.6805036951985157
0.7010390990646685,0.7041489774028208,0.6632526626818819,0.6013105810030843,0.6704144259533884
0.7449051060044581,0.7516214320835818,0.7462806437914461,0.7058755388801192,0.7358961024590861
0.7347067652430048,0.738767252436458,0.7062423594878254,0.6987746638486395,0.715749979172905
0.6982907109761464,0.7046001628124362,0.6781550740476742,0.6485926879405778,0.6766355756732418
0.7839991001049477,0.7851554124581019,0.7456373008073398,0.7322953195586716,0.7556929988824074
0.6281558886971,0.6408160136911538,0.6064304572392281,0.5875260792098503,0.624140020119677
0.5557704091790889,0.5561556802180108,0.5689264502630965,0.5451069038920754,0.5550052068722708
0.7365677867326677,0.7450836457083483,0.7195403756821298,0.6919449644377441,0.714418618750919
0.6933823347877094,0.7019422413733688,0.6684517888099297,0.6393021079080429,0.6752264909045721
0.6285718527426509,0.6251458986372326,0.5830585814991627,0.5691915924365356,0.5981487135802261
0.6367566227753729,0.6279444224646609,0.5933011310669049,0.5882905839924951,0.6054682342349008
0.7389548168485149,0.7458714290233132,0.739005590982955,0.6655240392603775,0.7346417976911572
0.6830340547750744,0.6854658930192397,0.6391140429506192,0.6130805050236808,0.6529078491711197
0.7788256462773236,0.7800185188148394,0.7487962159126835,0.7160489947512219,0.7518533508849785
0.6846278860863295,0.6876511416408176,0.6962367849399537,0.6374211424996191,0.6885799924313276
0.6979466938956264,0.697227693734381,0.6761095203720053,0.6833640455909952,0.6837103504633145
0.7218106144847372,0.7233228117364037,0.7186419158199177,0.6908522981930253,0.7066553110310314
0.6033780329420034,0.6045818001520733,0.5951592359572953,0.5755834287365827,0.59148198548057
0.7082167822321882,0.7041851729528901,0.6670843281893178,0.6272574661196015,0.681591428885722
0.7067160397252663,0.6948671646725493,0.6827836821940304,0.6335305511661153,0.6893811375585903
0.7712806150846426,0.7766921120872727,0.7620762237070837,0.7085855532964995,0.7706680751091204
0.6836783266257496,0.6735689479369794,0.6821707809658163,0.6322665247177154,0.6634169639119728
0.5729311292357291,0.5763123764993734,0.5546250269937202,0.5447271192655755,0.5612027899154353
0.7542104685366765,0.7570291334255794,0.7466363421445131,0.7099780912493387,0.7418608985530694
0.6511555195170665,0.6467406394767317,0.6262634566411163,0.5969882423249407,0.6210250684008387
0.717389272760033,0.7178550780837162,0.6724972541290267,0.6439086926673382,0.6871445692181657
0.7519468867912904,0.7618568621444204,0.7174791805343508,0.7298845531088908,0.7294679531918209
0.6071595053792588,0.6120299663336484,0.6469808273227322,0.5703323697991645,0.6176930854235533
0.6646969696210624,0.6553675364039669,0.6696137561097095,0.6343078700390183,0.6657649249396833
0.6294323180861446,0.6205512712404446,0.6429874744653106,0.5900810833266106,0.6256144840394343
0.6404196955336388,0.6547407227090778,0.5878046238815371,0.5791662174833688,0.6097472717380255
0.6602736683592655,0.6658815301666268,0.6521411713945384,0.6240562533551904,0.6487187218963633
0.7164674321001419,0.7073503728581773,0.6921354943318613,0.6586653735714159,0.6994775439612184
0.6539999473060398,0.6439911327740111,0.6195877827124405,0.6159452388307183,0.6301754058682933
0.622181318612656,0.629712117938991,0.6418236136742963,0.5929435523402713,0.6218842550455822
0.6903160001564278,0.6897758877014838,0.6681187963274242,0.6346800889619147,0.6646218599000803
0.7336147698442587,0.7267473507339419,0.7124848889873254,0.6583171573063615,0.7098335559349521
0.7844224428423412,0.7946802916682223,0.7734966467414252,0.7416633887039524,0.7666661565656748
0.7351254353269996,0.7276369582407142,0.6965345343013494,0.6988556354882254,0.7159041551294785
0.5864750700046922,0.5822006626659991,0.6001709783048295,0.5390106170702035,0.5820474953685316
0.6263097030142455,0.6208298403174186,0.6051718580549721,0.5527948745329524,0.6057734649467575
0.7616685466533157,0.7578224085412464,0.730145262551953,0.6903724919688156,0.7372764775101962
0.7228274276216727,0.736573972803813,0.7091690213526526,0.6982736789974241,0.7155466902561275
0.7293733015460133,0.7299212353316746,0.704078445872592,0.6862919958542488,0.7125415232357568
0.6785565226725241,0.6715386437480975,0.6616098488216836,0.6234924046978421,0.6568402059425171
0.7855322689931952,0.7872610256596767,0.7953904284730215,0.7482807527495311,0.7864704453723081
0.6549665190499337,0.6500124882437492,0.6307460712016671,0.610444647524444,0.637331826632433
0.7410851554537286,0.7381666365187006,0.7316618960082497,0.6903771714746845,0.7285055633274112
0.7751522150608531,0.7716446145260002,0.7568800825190604,0.7243846401515387,0.7516706779480701
0.720993069552996,0.7340615140228586,0.6939935863339526,0.6587655897215552,0.6991743260852781
0.7799892159802833,0.7933193289255458,0.7676676956205633,0.733589553529925,0.7645066175225799
0.7370783718168235,0.7335110173157345,0.7099938045598025,0.6639969815773795,0.7104204080829868
0.777434703711092,0.7658398128937821,0.7631260124724321,0.7206119058034554,0.7618991591795874
0.6994428648265835,0.70255195266335,0.6919538546791814,0.6465286561885827,0.6861934164574922
0.6810213480964596,0.681512595110676,0.6753015884975998,0.6537128721081514,0.6759376973380061
0.6274496074698475,0.628306094809668,0.6325678935854793,0.5287521068070216,0.6199089054440186
0.709047944305729,0.7108848628147324,0.7117775966538242,0.6918956334719436,0.7021379249882551
0.8131622013987422,0.8134667350338739,0.7758047727879378,0.7583138185812252,0.7809161163009056
0.7073462913972305,0.709643593234308,0.6791492803862027,0.6657343993028134,0.6884562516887097
0.6697921651500813,0.6619943432033796,0.674987725873075,0.6330705840337196,0.6649374468331751
0.6643531873880089,0.6724467833092838,0.638649269383356,0.611447340871626,0.6487179260320043
0.6812632472141255,0.6822608116610741,0.6547938444490331,0.6252779793965323,0.6591587940370136
0.6481700869876843,0.6503101685505102,0.6363573178292568,0.5767290578127542,0.6272054336419881
0.6713293258251241,0.6796196472236916,0.6545670533002117,0.6166069046189548,0.6535020428438146
0.690861688588009,0.690685250994064,0.6873784889428445,0.6528592275551013,0.6837554905137257
0.6334172545886638,0.643059298964519,0.6326701200172,0.592055357700504,0.63042072462439
0.7735863077389308,0.7651739775206483,0.7659123027003885,0.7208513002070241,0.7540679046661201
0.7951746749014837,0.7993530869308355,0.7723716182399495,0.77131348710813,0.7736943618322512
0.631576975431355,0.641278593508758,0.6180560972682397,0.6097260960223524,0.6171853681911907
0.7513479746664268,0.7593545188576144,0.7381238031723579,0.7033686840786656,0.7362957650469125
0.6170930091066127,0.6293099728999275,0.6137182036004674,0.5766579482099536,0.6053098352159318
0.7509174096361142,0.7527151198014014,0.7311323522491275,0.7172185410008246,0.7289274663922981
0.7401389016799294,0.7441829041822887,0.7383654226024219,0.6670139544886452,0.7347189501543552
0.707294724717549,0.7067867715923932,0.7090160128234279,0.6946507674138238,0.7061891786791527
0.7370068582276216,0.7341382591175806,0.6983604003424732,0.6981146174303252,0.7089804047978945
0.6524380649588295,0.638307134967045,0.5774966829054563,0.5783471366271373,0.6065961560173335
0.7492849854087169,0.7552914572048944,0.7444917881980558,0.6839549571289824,0.7348262095155573
0.7625216992718652,0.7729768120236957,0.7256579255750474,0.6968369629508107,0.7390741388040584
0.6832537728754009,0.684275200931762,0.6963778462766983,0.6458702811524474,0.6800277973548723
0.7296697145931317,0.7304815627531636,0.716081296829552,0.6916903066546491,0.7151096585043225
0.677200445968713,0.6933594995663992,0.655547770469609,0.6201442462169711,0.6621940858742384
0.6921171263044741,0.6897799527481832,0.679510216887229,0.6356933894652316,0.6779343640572069
0.7572486410452016,0.7683231720501978,0.7362062241310543,0.7086635212875733,0.7428035295475498
0.6343352104095465,0.6286963237826345,0.616560951630393,0.569488656294682,0.6188272508361807
0.6321266338839906,0.6433966547262846,0.6257552138467406,0.5967817826137222,0.6152905639476771
0.664722853768547,0.6678561145864716,0.6416400279174087,0.6287357599165022,0.6400167377945739
0.7251442439148671,0.7284305065784409,0.6944459017361154,0.6759058521589532,0.705098961863948
0.6606541424434862,0.6535303681688195,0.6363076720071743,0.6073307728908847,0.6412145177493975
0.7502875258039353,0.746559982921745,0.7339504757019116,0.7072165208545518,0.7311976927656108
0.6205349507899781,0.6234997190856535,0.6104199992924008,0.5767196802300847,0.6002473179687843
0.7668513979218833,0.7753775057400427,0.7340621144005028,0.7364781896246149,0.7430025266333288
0.69350022294151,0.6960448877948354,0.6785797823272756,0.6773481861494094,0.6763963891019997
0.6654181691142149,0.6681194511325637,0.6281946033567533,0.6003874292286708,0.627940823547654
0.754120307115608,0.7673583713940846,0.7407457997073743,0.7020550847417821,0.729659699353396
0.7167969370245135,0.7135200233025365,0.6927117598085333,0.6610284673696496,0.6948659043148246
0.7258180927092424,0.7273269431245706,0.7085505451588464,0.677191685437074,0.7086033749184744
0.6653763832821535,0.6704458125068347,0.6111655064806429,0.6195492002275018,0.6386673641623326
0.721385523401469,0.7336723295908154,0.7131062494177819,0.6793024635030821,0.7153682720193749
0.6893924171396361,0.6954688840317542,0.6734609729175685,0.6385735143852043,0.6782443055173649
0.7363062104025148,0.7337150568588371,0.6974531281207531,0.6841584394989746,0.7106135621835532
0.6352921092043887,0.6407454518610577,0.6015148403592423,0.606866760517667,0.6043985452676496
0.6215458343552037,0.6186422297937211,0.5879590956542845,0.5663037083641816,0.597547526655975
0.6863947862968298,0.684440336500029,0.69124828224903,0.6367361200571504,0.6760092488020863
0.6505300156193015,0.6540127019980488,0.6521197417174861,0.589227770182113,0.6466227998267972
0.7174847654853532,0.7225160667984606,0.7109021435893078,0.647068175353172,0.7135387523339132
0.783781902218694,0.7829167970216034,0.7700231011391877,0.712328969243916,0.7645587182708075
0.7024715822261162,0.7121697731457666,0.6818569074011501,0.6298811929486282,0.6877673247557653
0.6171354819281546,0.6204490861625308,0.6056776135343411,0.5653707695410495,0.60905079242184
0.7558363734810164,0.7530202014916296,0.7236938035509469,0.6902281689840291,0.7257411306947021
0.6649283736129811,0.6736355377228729,0.6594216186579359,0.6530769117984012,0.6632875017222901
0.752208506097513,0.7494870225347621,0.732052105535299,0.70251595290241,0.739929413840407
0.7734994183831677,0.7809720840511808,0.7472225647536924,0.7248810873930399,0.7525739041666916
0.6598049250526692,0.6641574975229942,0.6564475041757455,0.6429579425605018,0.6551946618726758
0.6830976058708063,0.687787184711585,0.6689779733290924,0.6419441224524665,0.6725664137342984
0.695357275756988,0.6947263650606715,0.6964609970930874,0.6463870110896223,0.6743505211990534
0.6804475828766121,0.6839763204435761,0.6443481550491248,0.6419862109564842,0.6548882780932328
0.6351179580165399,0.6285957179006021,0.5823596827453734,0.5411620570171941,0.5993764979582498
0.7932761120599078,0.8025642463408464,0.7950617700457604,0.7388173022143678,0.7834111664987418
0.6802312946263342,0.678140264742158,0.675784097902372,0.6403590061118551,0.6684269355688893
0.685397586822117,0.678916676341504,0.6451150997192591,0.6379637316717678,0.6590965165786595
0.7264934921758237,0.7187170579089882,0.6931263235488565,0.6787620244138141,0.7061036659372357
0.7285343453069146,0.7387887023365696,0.7090153740325585,0.6877706536352322,0.7092813116167485
0.8003111747934327,0.7981849227426133,0.7824636313903446,0.7464265854560315,0.7805403921149117
0.6409927069713314,0.6378093663211738,0.6351907602208077,0.5972303711568792,0.628667329169402
0.751012208410573,0.7444178837427364,0.7559293766039318,0.6794786400009302,0.7389611233934199
0.6545182345467502,0.6692993292925274,0.6003057987878421,0.6355220067571108,0.6333116321664283
0.7961115469532938,0.7987397198829824,0.7747453133890086,0.7532638633357244,0.7806756018680868
0.7068424533663501,0.7181101197083339,0.7052885188437211,0.6650034553953674,0.695150594682317
0.8170834149304301,0.8215989607271981,0.7857153366929409,0.7578641129730749,0.7869217995613188
0.7084625786540747,0.6979408330800355,0.6602046085575275,0.6752873900828783,0.6762278071668083
0.6637391583276943,0.6706350767239544,0.6578283108723935,0.6055223686885496,0.6525603346051203
0.7674384947866744,0.7766792319142111,0.7410488492742343,0.7243735369050497,0.7507625077232395
0.7108224168038497,0.7208400749117311,0.7045644666199813,0.6718593167608922,0.7080245041299739
0.7779940598722314,0.7764389506974605,0.760288335423968,0.7511056855103898,0.7642816973554853
0.6156565748666863,0.6095577917161081,0.6077488156743222,0.5679280852023055,0.602161607834289
0.6495355612085433,0.6405056140652204,0.6395724648639565,0.631214323716056,0.6397785763717438
0.6572248277930698,0.6568922915527255,0.665368375436333,0.6275153720154858,0.6597018492575739
0.6695581498527928,0.6764521072268722,0.6333613466184193,0.6238529310655884,0.6470097792529341
0.6393498828503307,0.6431354683851007,0.5962472378699777,0.5853658329356873,0.6086044121616059
0.7342134428235976,0.7375409322213249,0.7362632219091229,0.6994812599359463,0.7263611595303624
0.641238367941064,0.6457659604634395,0.6083372882713043,0.5817115400511407,0.6147283764645458
0.6736223833844083,0.6711505210855688,0.6392087331228108,0.6207132654868226,0.6483831354537474
0.6526755562208324,0.6595277080878972,0.5921305028991652,0.6260192245579987,0.6183118430243322
0.7694940614919974,0.7704859554167863,0.7344864348095274,0.7262091755985901,0.7505855297028047
0.7480398300176342,0.7575722315265412,0.7182633944302138,0.6802390371420751,0.719840015251115
0.6739944796450729,0.6812561622410962,0.6957087525107061,0.6357426988642183,0.6795790028878657
0.7075591211230944,0.7054411458994649,0.6770992243070502,0.6402838470488185,0.6766268458450735
0.6666290773552807,0.6650599541058132,0.6505054414616702,0.6269871273115325,0.6521739885431477
0.6443664202914156,0.6467146923806191,0.6329586616817283,0.5849587914314669,0.6236588907557086
0.8037322159724881,0.8191470698754576,0.7863588962221943,0.7494152555839705,0.782253885259195
0.7412869027917602,0.7485426777629763,0.7161766779652633,0.679598336226283,0.7188990868916371
0.7304034618376105,0.7323583087676926,0.7086594984409847,0.6891947049112315,0.7131223866132317
0.5339767909514233,0.5257831871015693,0.5039960347008301,0.472420527805088,0.5110620206212276
0.6874395494508616,0.7010337331927347,0.673046607181191,0.6229862411960653,0.6728526678229463
0.7900047951918084,0.7964539378347403,0.7840226381264224,0.758480995316,0.7817479035581705
0.6710720506164128,0.6805886404726493,0.647981644203913,0.6238530274890597,0.644878164964407
0.7108943976107668,0.72270920086307,0.6843631942352182,0.6618965175923012,0.6974503804803729
0.6516141670037909,0.6577129085574198,0.6448246941640178,0.5972887402378013,0.6352995204419802
0.6438970594258439,0.6400115259472478,0.6286153889410218,0.6158015995908851,0.626630946166243
0.6365943703956861,0.6451408499237833,0.6349652748615632,0.6061625424232681,0.6332495679411094
0.6834317571394868,0.6825958553469341,0.6735341492417718,0.6792201940884953,0.6662890107305114
0.6472317050974893,0.6479612082954274,0.6316357122850574,0.5923057732251288,0.6357161895653247
0.7236444849209522,0.7268731811862441,0.7095049703288436,0.6961498371159374,0.7122059917508998
0.7635947117291756,0.7739161395825109,0.7351229934588952,0.7369150335657718,0.7456495319507251
0.7929317899333007,0.7946840733931866,0.7511202613340096,0.7610224645868795,0.7646417319831741
0.6507541683067947,0.6541300408722155,0.6562310583955807,0.6045332762169637,0.6451501093829278
0.6779795838067298,0.6912738391416013,0.6931196202101603,0.649759895515353,0.6910401954766563
0.7532499756325829,0.7564361366719555,0.7397023342774944,0.7010821650605091,0.7362344015826486
0.7193694496375748,0.71596193461305,0.6833016060785432,0.6834586786922067,0.6949361337839669
0.7386892442792086,0.7472002229400191,0.7100443896332305,0.6904431899428303,0.7207274071828352
0.8088399629837648,0.8152336256265007,0.7795527400381025,0.7642549321959283,0.7936756200820229
0.7077713250199219,0.7051779317903465,0.7100196504159467,0.67063581687712,0.6962592481018384
0.6868354351419681,0.6856740239522656,0.6680585361018412,0.6529203380349199,0.672850150855098
0.7190072878439061,0.7126543033533463,0.6978466866930462,0.6359221978208057,0.6964528744761717
0.6296607615234576,0.6198607054971822,0.6011023366009185,0.5548766841061279,0.6092242430981513
0.6859167994567682,0.6906260772004997,0.6741676727127006,0.646418291646018,0.6772187008700142
0.6852094435142152,0.6909797660763873,0.6828067093533728,0.6533858299401444,0.6815655255734072
0.7955806632678231,0.7992521999380622,0.7696039110397165,0.7505457221438651,0.7835941503599605
0.6716163721082662,0.6615242138802926,0.6579599217411725,0.6449138361168545,0.6612138359601879
0.7807015516463828,0.7869998966715676,0.7784045014305208,0.7460968967987938,0.7736590299526261
0.6907409531379246,0.6962894515751138,0.672972309492848,0.6416615933572342,0.6749390008436955
0.7591901905364716,0.74750377961726,0.757951249565483,0.712736162329206,0.7415372432101698
0.7465507042100489,0.7420979883698219,0.743326028064014,0.69565398583034,0.7373977244560325
0.6026362450549405,0.6132680447017025,0.585844787515486,0.5406453390418823,0.5949863446700354
0.775672270735004,0.7843447711555841,0.7727247675138108,0.7393876775200993,0.7681422924070728
0.6698371160442943,0.6683945139173254,0.6764766952502791,0.6392282516769433,0.6648481949985655
0.5977627093492694,0.6165767861289716,0.5608371805258111,0.5646590899113877,0.5804811394429056
0.7506729794475139,0.7563740031216817,0.7234362164335805,0.7228840208188435,0.738955250031868
0.6317806478054764,0.6410911313923394,0.6249687638370686,0.5879844870358277,0.6278908044410255
0.7376564461331296,0.7395320136756088,0.7381534867928277,0.6878221666479472,0.7124503671291238
0.7402903653577602,0.7500217559045115,0.7489464431070982,0.6888616736648857,0.7376993661537623
0.6465769475005259,0.6411660572513466,0.6527017723544374,0.6012149065338035,0.6436690682389029
0.5887973260896973,0.5912142766189377,0.6008557938643907,0.5720686794821292,0.5889915472113137
0.7341407573516012,0.7297948307325826,0.6984707797361603,0.659837308018465,0.7057192414009962
0.6919859568467513,0.6914851808087437,0.6690136269774213,0.6506950108972739,0.6749626738911054
0.7736601815558595,0.7687108541763812,0.7750044618278701,0.7329814712539596,0.7631431359030995
0.6665195327982265,0.6706347054497788,0.6251824362307733,0.6100695089509514,0.6330269121336698
0.6715163093106353,0.6796645201209479,0.664951441841203,0.6446739059977037,0.659873457407882
0.8221704826215779,0.8250552410499564,0.7855966094325967,0.7600257666819276,0.7931051389879048
0.823007198462349,0.8138104237884102,0.789451216237537,0.7639727267509054,0.7940525114496266
0.6498428228709615,0.6523413439596616,0.6306262870926763,0.62951842361326,0.6359439805328543
0.6067686087579978,0.6046419591681057,0.5842883533383898,0.5562480110534765,0.5857455670262208
0.7072577485386933,0.7082963504460456,0.6863646131221334,0.6552072802190737,0.6894267494594453
0.6935608520875327,0.7040272149496942,0.6920858264504971,0.6625992022216813,0.6889863861939494
0.6464426496404194,0.6361178192459458,0.5839844493575862,0.5969259156712412,0.6058250324119545
0.6980581526783205,0.7082688961831818,0.6658960993371708,0.6465699771059815,0.6814080544455544
0.792030746096383,0.7975783374566301,0.7721519195867346,0.720515926290669,0.7800035067008033
0.7542352055390272,0.762920150882049,0.7414754597554898,0.7101758562070593,0.7463780081696901
0.7323632087027333,0.7348218120611965,0.707917171124016,0.668214939649577,0.7154621399830575
0.679938079946992,0.6937054504499418,0.6724026282191438,0.6289209211372824,0.6718340035295446
0.6238993390421437,0.6285127301814277,0.5791476256897475,0.5547882637562548,0.5937281749558798
0.8142012948105497,0.8116522129942513,0.7809335376984374,0.7838559028805034,0.7900042472152876
0.6391995379946986,0.6278286960743894,0.5841264704288864,0.5613529876243222,0.6047511428686104
0.5722332121895773,0.5676536515977049,0.5484406346508622,0.5246586404199354,0.5561483310392271
0.7933705889270208,0.8056975164087106,0.7909725736230109,0.7521236462459071,0.7802851189934801
0.6968795130024299,0.6985843677376418,0.6525948664761163,0.6192561088488886,0.6659694110362352
0.7206378056213693,0.7271964350100584,0.7365843364592664,0.689721044460158,0.7222279937375379
0.664311021007739,0.6668523651081869,0.6487942256943742,0.6182574852516256,0.6463164511060631
0.7503399774008419,0.769739254690753,0.7218469678686169,0.6959154003082849,0.7327384544946197
0.796725143528333,0.7974503299562175,0.7878441449169227,0.7652141218618758,0.7817453052614922
0.7273010729461391,0.7240959667722919,0.7104293485650773,0.6786421181705551,0.7168260285671919
0.7396929645807333,0.7622699910046904,0.7088149312763875,0.6945307885832397,0.7199368638450641
0.7328336926492122,0.7354894279766095,0.714809345908895,0.6570837773140489,0.7226159152322535
0.7665774222618337,0.7682558889268895,0.7385765469904041,0.7096598807725187,0.7506489217638693
0.5652766861179855,0.555657358421872,0.5314105109727132,0.5127866824818506,0.5324601663172394
0.6932919374366026,0.6917475660712357,0.6827455635653639,0.6580296262844961,0.6820758310516762
0.7358725438415868,0.7326696096272727,0.6986904372153793,0.6691298424937925,0.7036462471538263
0.7011610603769557,0.7053843656761539,0.6531374956111113,0.6337556946094847,0.6703350699383526
0.6942580331893181,0.6998272832838683,0.6902578040499067,0.6656586419884681,0.6882461915090533
0.5888799526360651,0.576040904413163,0.5793249537651252,0.5491411273140441,0.5725569194827497
0.7988212108752001,0.8027239133744744,0.7741011610689768,0.7617424508559432,0.7842081721263214
0.6845950863479767,0.6832546718877089,0.6760738803785883,0.6466167156328778,0.6722037958198452
0.6871061014579843,0.6804523655222724,0.6378056393554641,0.6537744800383675,0.6630890871107503
0.7879834013395868,0.7864467481159254,0.7785346988497014,0.7342819987810921,0.7811947880838559
0.7503320251941255,0.7577401773534138,0.7059355850792925,0.6977058261938941,0.7194116760546762
0.7012762647635944,0.7044958330518588,0.7230061971153873,0.6667846695744746,0.7032686364289642
0.680771731733834,0.6751088036496655,0.6791495946620172,0.6052533260927022,0.6598614893747818
0.704780128516053,0.7100958113004331,0.6946155205088004,0.6565313663976575,0.696070440623802
0.6438695897931074,0.6430664545998405,0.6414441420567973,0.5994845158727905,0.6386795949452254
0.6331688505004707,0.6510553867748998,0.6344940627065654,0.6113974517781521,0.6293172463176165
0.6945243569926235,0.6845790194960945,0.6813354409290846,0.6436137249719738,0.6681828886364115
0.6609118284425778,0.6613968751699345,0.6392408315597946,0.6105706481650037,0.6400912459135699
0.6767005681526687,0.6752240424627505,0.6782157444912692,0.6354818927697676,0.67206532025989
0.6978078682796748,0.7026694447735065,0.6879833178070774,0.6515502647075677,0.6876228033591331
0.7243094413437069,0.7248155588373245,0.681237046626302,0.6407791968041489,0.6843958424290052
0.7066511282886634,0.7135443126601777,0.6886917320868559,0.6549000807281159,0.6908763521123972
0.7122383983450006,0.7068536479722121,0.6938118590191568,0.6445208097262747,0.6896313782012007
0.6996450056906993,0.7097752915424137,0.6646862432735332,0.6439254247337508,0.6783932861645049
0.7738524400266725,0.7756615871626055,0.7539082209190605,0.6737316201319333,0.7505752749298648
0.5849318026672903,0.5821550438489099,0.5618716323421693,0.5295488834322891,0.565887368610594
0.7654550643106061,0.7695876034713246,0.7548636222790437,0.7355757963552665,0.7442837114394908
0.7459295646413598,0.749780720289554,0.726212655725523,0.7159000824830676,0.7281207246155743
0.7515396563923122,0.7480758208909217,0.7306532540760508,0.7220307062795411,0.7274491464319645
0.6788251606042572,0.6832365414036634,0.6298868167518015,0.6293911930612839,0.6397150092448047
0.7427060628903344,0.7536086104089534,0.7331139377419067,0.6851720321142811,0.7247302199717862
0.675251756025888,0.6837978038244665,0.6696112314950584,0.6445726421898591,0.6650984165676211
0.839492844631003,0.8412618885940945,0.785009361939182,0.7490284339868271,0.7916389422943623
0.7640319041182573,0.7662775625622875,0.7625643948912258,0.7143750699273448,0.7472829856205354
0.7332502783062459,0.7319996545159391,0.7132075984416452,0.6933212911182539,0.7088585983479396
0.7711928305471374,0.7754161340391702,0.7314251040936788,0.6980203263104682,0.7448488532832199
0.6933298936930886,0.6960530462034182,0.677338153219419,0.6587966542412098,0.6867802615000123
0.7543573852191894,0.7594142084718317,0.7470268179185124,0.7251572859814158,0.7444553229924006
0.7497424687494335,0.7377106122241246,0.7677310470476993,0.7105001270568899,0.7468561100969334
0.6995274125490789,0.6956699346543991,0.6976443488804484,0.6765500285625914,0.6879597583875697
0.7252165696207167,0.7366262190781927,0.7289388544249966,0.6778358345957224,0.7186623297189549
0.7085609998531915,0.7048719098308425,0.6917960694037152,0.6647739687250872,0.689320341358711
0.6426088785455398,0.640216987302374,0.6091178112538007,0.5881569386077878,0.6235346560206131
0.7359755100899956,0.7389656090961517,0.7193446609946299,0.704618568749266,0.7155577687872666
0.7843392119900552,0.7840616984010923,0.768363141966086,0.7554042068942863,0.767576669880012
0.7961501343536167,0.8001678582595144,0.8014887507002774,0.756807591319328,0.7906528941123826
0.7774594988557233,0.7869686748532146,0.7432025473129727,0.7335755427832605,0.7612574715118261
0.7692025149540874,0.7788992162530999,0.7409168546524942,0.7306066558472737,0.7498535115766088
0.6501974650369082,0.644058346965121,0.62725333383997,0.6046592151055011,0.6320751214643499
0.7800000412922986,0.7688024999466538,0.7563372183925331,0.7237403774206933,0.7506850131615537
0.6945784529377669,0.6966007701482971,0.6595707749227909,0.6468869409578248,0.6744255473184565
0.6741131141688743,0.6720451604488568,0.6804313246413932,0.6365733027655285,0.6658360648973309
0.7135676786661024,0.7208015514957142,0.7144991661842773,0.6911488330311537,0.7130494004987372
0.7589533116470156,0.7660829432004111,0.762025518623607,0.7418087048614829,0.7605636064092762
0.6617105646236531,0.6707050127312583,0.6582086147393466,0.6038430948727348,0.6465106583895196
0.53475538243075,0.5430812206480625,0.5257791426004487,0.5312944326305,0.5351322403254504
0.5194695096974652,0.5272388259593236,0.47470125292050347,0.4776864303650446,0.5034361789931284
0.6378945602909918,0.6303420318585453,0.6270398499213476,0.5885593420053086,0.6226150256636823
0.6978393670067529,0.7030934345171866,0.6821326961358045,0.6644918359348545,0.6834269070806486
0.7536572641442242,0.7660753413557858,0.7712458258128425,0.7262761761227549,0.7660601161322229
0.7218681364972958,0.7326610350343872,0.7151204755820011,0.6921530774703443,0.7110110345707693
0.704426549274845,0.7040080453052833,0.699350716798252,0.6539632701019962,0.6921946466828055
0.685605638926122,0.6927517505836834,0.6420213724126017,0.6595284357082776,0.6657902736696852
0.6513217832669741,0.6479670116827381,0.6452134671487934,0.6122158804812173,0.6410987238768107
0.6623865497135332,0.6591237309731519,0.637249656744087,0.6114221792629646,0.6481746936899926
0.660975553139814,0.6660687857994656,0.6419962273943641,0.600651617461077,0.6422188356764892
0.6762318288343977,0.6844965266435502,0.6726439465149391,0.633463489882928,0.6715981938340639
0.71336171342002,0.7226560013293101,0.7122159500454461,0.6947891628134591,0.7063523647275158
0.7638793702882402,0.7515743606373972,0.7033352324901252,0.6875054195889055,0.7227474008286092
0.7767166226669379,0.7760640300142602,0.729229041275925,0.6983079392026853,0.7429266818190765
0.7265781390088448,0.729369875917488,0.701285182526779,0.6614536930711706,0.6967997825555406
0.6594793554858663,0.6560599302867114,0.6425031686544217,0.5934511304529652,0.6493562520741267
0.7160807086982682,0.7101708728395529,0.6871122179537444,0.6515159481425777,0.6960517873459924
0.5767558434179436,0.5907954466080794,0.5674177794054823,0.5624147458726536,0.5801274695656424
0.7477045059902253,0.7441027962364507,0.7278387351558221,0.7002771480538741,0.7324379514759602
0.6095821425179896,0.6136350757717616,0.6010176273017764,0.6087531222998045,0.5964580535995804
0.6840430685381177,0.6841937456459204,0.6331350084644515,0.643447050024361,0.6521279379786422
0.6604164064899737,0.6528296483522726,0.6573881571765171,0.6169051819943141,0.6522423424658332
0.7362538556043818,0.7395976384516311,0.7312939733030542,0.6902650501770928,0.7282689390397108
0.696201790175784,0.699317473444183,0.6756712821588051,0.6522592696021215,0.6830934407115965
0.7192574994727448,0.720610947441783,0.720712866967186,0.6837252152930513,0.7167107020708987
0.7017404499147281,0.7070955682496465,0.6944818781413835,0.663709161470094,0.6864761775049814
0.7622849664972318,0.7560335618437545,0.7103256921912633,0.6846476293952648,0.7236484840754345
0.6973333831896286,0.6808053523445259,0.6636794565423606,0.6532216514151702,0.6769434460693521
0.6960969349763991,0.6944180831818615,0.6879687327372027,0.6387875322760527,0.6741685606280847
0.7349884175607567,0.7274166243673071,0.7066322398208461,0.6666450009244828,0.7109279400130943
0.6881793739375911,0.6870912783831536,0.6945024947182648,0.6428778842965845,0.687328330805743
0.732687115624528,0.7325175421499438,0.7062882052179408,0.7003412736538045,0.7172353758116122
0.7668103938804626,0.7673305494358587,0.7588088866326586,0.7246389231653528,0.758054710401973
0.6770962406308699,0.687146593288018,0.6588181680636511,0.6468564444483066,0.6607167801417654
0.6447641461488903,0.6390630771703543,0.608440073121221,0.5711240677005783,0.620198921847754
0.7298305288783139,0.7383821971131244,0.724290776808763,0.7025154896567536,0.7229230247200163
0.7503348451053833,0.7445354847746157,0.7175400919284818,0.708625597773222,0.7252746236121731
0.47647228965445576,0.48009391564751003,0.4751090124060639,0.4326036901204203,0.4796270961631016
0.7807605827807096,0.7836643181787087,0.7623424921897132,0.7198197569842287,0.7649956804854132
0.6765402943081291,0.6767205784159037,0.6706579908575704,0.6166342568446838,0.6584096868067758
0.8198767136547234,0.816298606024018,0.7930990963739688,0.7693134471407644,0.7945297597173949
0.7144497872507075,0.7139704816891792,0.6870280376313066,0.6673410323610555,0.6932193286277621
0.8076518359835777,0.8157736443195396,0.782175162584889,0.7559535579316004,0.7891904115075887
0.7519604686831012,0.7633952006672674,0.7400533790067987,0.7118918116027347,0.7390930873431009
0.7213305337628284,0.7156425120487039,0.7416063140129143,0.6982459640111582,0.7129145124112681
0.6311831145706146,0.6363117135024176,0.6133861322539894,0.5688180825738876,0.6088059129051778
0.7681449439555809,0.7685393773660858,0.7496936927156391,0.7182812416782992,0.7501577388831866
0.7085780589469663,0.7099434192635874,0.6739491529543699,0.6645293433213877,0.6816894427176464
0.7461972489436228,0.7383338485649885,0.7420548128532015,0.6875214635832863,0.7320192157046511
0.7336618417083054,0.7458899446395564,0.7148068503548342,0.6913416845217777,0.7171827623125431
0.7302462445155748,0.723747045136911,0.7227739826063061,0.680279850423791,0.7163501201528543
0.7283275652959079,0.7288101617118373,0.6909937519234716,0.670319443360818,0.7037826966049304
0.743020725342504,0.7438603803726541,0.7539773741662299,0.7174211907303482,0.7378790517910843
0.7236041483872511,0.7205616612295169,0.7232878206443837,0.6686360677584445,0.7116885738830907
0.7617852617024772,0.7555560966183554,0.7415804851473075,0.7128228515223461,0.7430075968279032
0.7870084443078409,0.7951449288116991,0.7847754209169489,0.7405132390157019,0.7896917571087674
0.7263844700733211,0.7292876552563525,0.6964769988783509,0.669633140258352,0.7064499884863061
0.7788079329068636,0.7808587831914688,0.7717511623670686,0.7355285799522358,0.7673338484687214
0.7901367438819962,0.7988478580231563,0.7812343879846683,0.75325784607911,0.7771178639911003
0.7507587049891605,0.747214661494991,0.7287078567329667,0.7037846118304941,0.729090193482914
0.6670474694938362,0.6723347633727967,0.6530638917176217,0.6121347413526816,0.6506232952365912
0.7687188599209432,0.7568296657817492,0.7204627819555693,0.6804337262950139,0.7363317266507746
0.7490935417614273,0.7572328087576788,0.7378426038581232,0.6735705321464762,0.7404909634043199
0.7690226139202259,0.7699896930887231,0.7567699506035392,0.6997914444836744,0.7523711968614586
0.7591769601920256,0.760606039052267,0.7438592894179679,0.7114017238775592,0.7443108408867809
0.6996503901244681,0.6918376824142013,0.683415663603116,0.647847094607828,0.6785311451141154
0.7637124857877763,0.7509719685338663,0.7222176217297464,0.701857287142457,0.735294322024602
0.6241309806338121,0.6243639712996459,0.6175174294059556,0.5925037192143452,0.6123331450972471
0.5920197845191322,0.59484737616185,0.5926742582814014,0.5380337416666258,0.5915024858612323
0.7371696546242907,0.7345867238714053,0.7048150058263899,0.69000796423824,0.7161527667791735
0.6877685842672153,0.6923146389646707,0.6883850289708985,0.6716009648152133,0.6816660845863018
0.7157108299122751,0.7223439260579297,0.6698721471166952,0.6803215007128753,0.6882539590305173
0.6746161433967938,0.6783914729264299,0.6448818538690168,0.6207099955665414,0.6519214936565556
0.7116836366499053,0.7153944129365919,0.6927712479154613,0.6406450796562713,0.69813358558114
0.7870124381045293,0.7882598925580442,0.750459821254942,0.720168929716245,0.7526883526154345
0.7355843742861393,0.7431117509618925,0.731350727997702,0.6884157860527068,0.7321717134506317
0.7282407856563843,0.7396154849429883,0.7274729905798549,0.6931026334430459,0.7252806811659885
0.7122198672008061,0.722402536139645,0.7046940754078386,0.6588281950058591,0.711263788400478
0.7695277462862896,0.7726003191078294,0.7569877909412924,0.7170157898399069,0.748519239579411
0.8016406924829382,0.8028859490359355,0.780214300221996,0.7605730969087336,0.7816560903554761
0.6404348106116609,0.6391082893395224,0.6273476428002331,0.6061658793591287,0.6272972455533214
0.6900363733872821,0.6993909069178288,0.6639915498119061,0.6320968595153289,0.6699095378719054
0.7031113560096403,0.7007179982469545,0.7016758916367634,0.6340839347776148,0.693501236153617
0.8013647363599475,0.8006260853498154,0.7902670886567826,0.7360249286004984,0.7804134042089829
0.7438987550790834,0.7531185179944131,0.7233690529338483,0.6868128008452907,0.7339806178558688
0.6798598175985439,0.6786082413953992,0.6327300697798547,0.6336780940321234,0.6545506870568094
0.7554399021187959,0.7633008075835143,0.758195020658028,0.7362729026995687,0.7533411130421116
0.746875692541788,0.7526018842104508,0.7466805149528859,0.7011782067787626,0.7441681767520246
0.7857707297401195,0.7895013294734792,0.7823768527437578,0.7672001620831808,0.7801200815997502
0.7138034579591662,0.7099097753549917,0.7153723884317376,0.6484124926160783,0.7129447570774969
0.8197644455004223,0.8223580754951555,0.8171753178950169,0.7676205788008456,0.8125334310536548
0.7264591713265205,0.7282309574308871,0.7061812688463345,0.6687721496721074,0.7115676409664075
0.7117883502557909,0.7028926620623033,0.6858037298375882,0.6449444822763413,0.6826609944240104
0.8271408166665396,0.8221232540490857,0.8120668905907403,0.7857969326004354,0.8099673002383536
0.8014952729052184,0.7999028297698122,0.7837093457600588,0.7527493551484487,0.7890357062093707
0.6916378066990061,0.6845500018326895,0.6773421405952383,0.6426763309292617,0.6735492832163396
0.6590274135151029,0.6725367306840839,0.6463185683745845,0.6283115190279371,0.6469504531563672
0.7307539763915573,0.7302431417931842,0.7059480344399305,0.6840089735247962,0.71195298289055
0.7433206949296438,0.7465570296219538,0.7445073538084244,0.7134755704151546,0.7388802703330922
0.7067792486806196,0.709819726377785,0.6870305214437769,0.6481235141165891,0.684596639812429
0.7249914706105336,0.7067720862196015,0.7174223279372612,0.6455762670329879,0.7023824229296898
0.5281509634097371,0.526088700365436,0.5128531396647523,0.49468238203656706,0.5177074141192892
0.7237874558000107,0.7356382906339743,0.7194678061446327,0.7241394549177754,0.7144009711179784
0.7837879698076357,0.79217594469456,0.7719089261971535,0.7589270087678333,0.7777916083518907
0.7852933762471342,0.7850820933831966,0.7843047109930961,0.7472286330228534,0.7858142778333681
0.6078503889706092,0.6018517179116764,0.5751392621415368,0.5867570679428568,0.5905097550911946
0.6861367688904103,0.6860951282640948,0.6453871655499804,0.6131454476894972,0.6482504941866872
0.6688168973080036,0.6679286539522213,0.638444308607929,0.6374830607886643,0.6500199662395392
0.6235670853173056,0.6179858117803071,0.5566340195021697,0.5887287350426613,0.5850729419535368
0.6844942210434929,0.690550065882076,0.6779390246085348,0.6092495240986836,0.6717848890356317
0.6644160237159521,0.6590948987939754,0.6391811708638385,0.6174911156902678,0.6418726419942357
0.8049430916483932,0.803392644501269,0.8045651182607433,0.7682431991896501,0.7999120979249508
0.769767624625403,0.7699867045514684,0.7476333247888243,0.7220211720770024,0.751448045356142
0.6973195218042949,0.6982078474696425,0.7242049724063963,0.6368533067724496,0.6950629494318074
0.7159826280632579,0.7255223352392842,0.6745195774956328,0.6717292233468725,0.6843949198023566
0.7678889830845766,0.7681172856682359,0.7299512429619134,0.725997354188407,0.7491808425898667
0.6820524824507768,0.6863656638859896,0.6546677889210729,0.6483857014717308,0.6650911851851725
0.6921125591233168,0.699046971487719,0.6776298856385341,0.6457886711538581,0.6808950478161521
0.7678778003530886,0.7638361769222066,0.7606084090359275,0.7061867895237746,0.7560489656952113
0.6014174204804323,0.5994176591982145,0.6048844679449761,0.5645199773676802,0.5984261949815561
0.7133270788701324,0.7174807235850317,0.7017191480200021,0.6427078049789209,0.6927986836804201
0.7700604859702443,0.7787173845558144,0.7569221620790784,0.7437466424877,0.7568480006050056
0.6531692900820898,0.6627987693658568,0.6510083936308679,0.6253676793208388,0.6547264961039566
0.744046521622117,0.7549057870259229,0.7240149700952028,0.6735378851366465,0.7353065741948575
0.7018695983712809,0.6947791164327091,0.679047450505196,0.6682481579704362,0.6831481478936745
0.7382006218357583,0.7455412102927159,0.7287609042296017,0.684921644725312,0.722798850835983
0.757197832601701,0.7503389303111815,0.7221088516000805,0.6878848437071429,0.7228694194754195
0.7093603692202084,0.7149462640970795,0.6783710444180532,0.661384157852368,0.687554176805675
0.7412158052747267,0.7458763790507139,0.7169959880416811,0.6723475412565824,0.7236338493009087
0.7497864382256698,0.7600907600714287,0.7342169144778863,0.7109254878390048,0.736198991803391
0.7157655784570127,0.716498623214502,0.6753751861757669,0.6896769264332903,0.6876759333381385
0.7699517750767754,0.7736613155873182,0.7641820536606251,0.7161136804020602,0.753241779877582
0.7445759274945644,0.7496857087185725,0.7197369043808018,0.7420163199186636,0.7301085988299312
0.7471876927370277,0.7411850743787545,0.6987951951001848,0.6869431884952897,0.7124168271012112
0.7178365766683887,0.7230957904549139,0.7219419891872849,0.6919134559886189,0.7147683652346314
0.7071651758153289,0.6927548440721896,0.6542311432798908,0.6078885054844839,0.6661243401346063
0.7378723875283629,0.7341985167167021,0.7087264156243437,0.7075294172027913,0.7177635025491604
0.7394792455733222,0.7356366629440558,0.7392300012857478,0.6744948566708748,0.7313762439815954
0.6768329630809847,0.6837078692549283,0.6389970237664898,0.6198234159074147,0.6523044181542083
0.6619041768528161,0.665849312245708,0.6456909323098273,0.6412158159374952,0.6494352836916397
0.7444329824360771,0.7460083706912594,0.7044597512652678,0.7043855214711946,0.7135746644582515
0.6754476168171468,0.6780559401153489,0.6367513341992828,0.6422648397338881,0.653097497948698
0.6956849718970961,0.7015210449001479,0.6732573653785916,0.6360431094883578,0.6793311950714762
0.6837357204673322,0.6831863957704761,0.6585484977477836,0.6579676836584146,0.6622455103882215
0.7648917600716795,0.7627935181460569,0.737007089479796,0.7008261882425104,0.744169004136231
0.7098271553259875,0.7127028172044716,0.7113592123341603,0.675229824658912,0.69843537819972
0.7073296911372822,0.7101091698265816,0.6737022152010244,0.6293547444586486,0.6847147666541501
0.7634090784603417,0.771983950738722,0.7584748584379918,0.7241288040200743,0.7494028730974658
0.7604695736815834,0.7510176069864617,0.7316742305436218,0.7054297097095081,0.7356011035384449
0.6781270432291295,0.6859255282474294,0.6962615414405858,0.6182025988938082,0.6840758953891336
0.7960397020547407,0.7997746577521977,0.7545555332221633,0.7443304640431943,0.7770401768551382
0.8390176931461799,0.8455142997456173,0.8249683312316394,0.7662630462701884,0.8149424599779318
0.7055363941821226,0.704814717512231,0.6739171096480826,0.6180339889439331,0.678182473505358
0.7870110449385592,0.8005137214559416,0.8115140467072803,0.7836029952705178,0.7975061614996404
0.6565755897327632,0.6598705442340577,0.6389894302134271,0.6413190882186641,0.6451612535425367
0.615884367650637,0.6141086372594129,0.5799686823514828,0.5616966510041492,0.5929006141773626
0.7601722152060655,0.7577540331451131,0.7287365741731892,0.7202402143167781,0.7379209492957628
0.7798145407255832,0.7807339922635296,0.7687347897520405,0.7358904199937922,0.7638665762749353
0.6115044491726783,0.6236108339661673,0.6379197970180827,0.5717974953521843,0.6127451302269945
0.7751154414669398,0.7620312027249994,0.7250675311331846,0.715133690806597,0.7368381204778185
0.7177108154381043,0.7169852685202955,0.6983821752822231,0.6652818214088208,0.7010369624944814
0.7193392519357863,0.7202678596597817,0.7000787854916656,0.6594988687310965,0.6972531532974328
0.7407867674683467,0.7404996361803148,0.7296652635499263,0.6880034415320746,0.7279911893048223
0.6891253746862641,0.6950219203169482,0.6552145547741948,0.6641203613165301,0.6661651810367434
0.7932816281251186,0.7840327722350322,0.7622993085501382,0.7546209673143943,0.7696217398609146
0.6946724219070184,0.694003987846928,0.6708495394936829,0.6467478205219706,0.665924845753198
0.6442308231285395,0.6452530394791947,0.6157717067898358,0.589548823810594,0.6159478588032764
0.6987787026445825,0.7023756473665272,0.697327514663818,0.6822749212242661,0.6948490317853684
0.7721041234583823,0.7721202227471009,0.7506945362636392,0.7216770680163846,0.7481843100607007
0.6562369968277626,0.6708410591771535,0.6341863241202077,0.586531385815685,0.6286224277872484
0.7855667601549552,0.7819858619068579,0.7548284832070282,0.7432652009465764,0.7604424613041687
0.7678998130646775,0.7745089765989864,0.7464038759232137,0.716844339839755,0.7499174610588508
0.7511413095277368,0.7587363590598388,0.743204404699296,0.7177171469648526,0.7494292176392346
0.7367259028154908,0.7494857515912424,0.7221638967762256,0.6928536040429681,0.7228795192926636
0.6891798725482791,0.6919936110118073,0.6973787935994279,0.6627436388350539,0.6910965229092165
0.767103081035927,0.7686697123226947,0.7321267188812982,0.746815888859177,0.7442318278223085
0.626258113736232,0.6312068699301174,0.6098216762338807,0.6012588309552866,0.6111279426455901
0.7126593802540458,0.7113794929624292,0.6854300780018044,0.6548219248742048,0.6905618622671944
0.7019226816918169,0.7108464879203706,0.6951757306696588,0.6460697214699139,0.698504970831249
0.7420152346700144,0.74331092544162,0.737107452828866,0.6891970669632039,0.7345975594834473
0.7175399011411989,0.7140235173476825,0.703068128276163,0.6572281295242778,0.6975921541030838
0.7146603433945815,0.7142499502220115,0.7224178053066631,0.6925593908865387,0.7128349992942373
0.739040486371649,0.7499599404677137,0.7423493408625188,0.687873852022482,0.7372096095881462
0.6501878471538839,0.6531308609872338,0.6441109506969421,0.6113399300783785,0.6348869395461263
0.6993083738669683,0.713413627815867,0.6955713550266277,0.670393447470252,0.6945075549782612
0.5822507557646214,0.5920694776908841,0.5711693150434223,0.5216039837063112,0.5715146240253964
0.6717111842917689,0.6781988525127979,0.6994209768503362,0.6376224387657164,0.67646833285438
0.761592598455081,0.7594760008315956,0.7688907493621998,0.7080926693557443,0.7586731831017037
0.594062893874476,0.5852264586020889,0.607346214289912,0.5774639396853906,0.5858019526691798
0.6260811882561881,0.6407215673215672,0.6091421533998214,0.5367029574863623,0.5958919182853796
0.7195046014497621,0.7210266526359097,0.7228095451761893,0.6871090647621013,0.7167116215454792
0.7421814978516661,0.748710482083924,0.724619145972297,0.677140212619522,0.7236319234920076
0.7232180460586508,0.7199614093255398,0.6992695742381185,0.6758473038146705,0.7025955391351733
0.7647746451969942,0.7821523728912838,0.7343998668051172,0.7344432150039026,0.7425810909909704
0.650254725503272,0.6557870558136661,0.6343344809307777,0.5798724204479058,0.6260251038843511
0.7596968916296802,0.7645033243055038,0.7470275027089665,0.7145688416515397,0.7473269090516969
0.7780548713927073,0.7836083721192443,0.7650362274704915,0.7330536309554916,0.7660605442867994
0.7105520155207786,0.7179234804338999,0.6869668740479542,0.6641317217887049,0.695082815495876
0.6683998564966003,0.6680219614088839,0.6442462836538672,0.6438322704487678,0.6446252745373222
0.7911599023238868,0.789637382049148,0.7888058717580214,0.729449026375975,0.7839504456100682
0.6748097788652159,0.680269153082051,0.6727392400042604,0.639895589633471,0.6767987073920921
0.6891977945709814,0.7002871652982455,0.6763934618324149,0.6556495298956609,0.6679114809673826
0.7593726665833663,0.7592287833061495,0.6933795399485875,0.7040658556891178,0.7199773752325602
0.6642334415631834,0.6621108416097619,0.6737345069174153,0.5987360723124158,0.6584576548884742
0.7051644306580239,0.6954043134085057,0.6932070376698884,0.6605282391411228,0.6832424785818648
0.7388845517331516,0.735056299548337,0.7262798868384582,0.6623394898566919,0.7220526262437258
0.6457166867044172,0.6398965860922254,0.6337925626131834,0.5848013867488613,0.6277735975170576
0.7057249341023188,0.7060388886572636,0.6967214387285745,0.6712032098307363,0.693269933615392
0.6433248298757883,0.6449810234552661,0.649662654130069,0.5912865113914537,0.6361849702596931
0.6597570344290813,0.6634362453552286,0.6491299654523202,0.6266624052990706,0.6515905272493889
0.8207332045089725,0.8226531109163565,0.8011962887550771,0.7726217666368774,0.8073967035319952
0.6927643146629074,0.7012371854713546,0.6974559760475705,0.6548586803916897,0.6919469976778381
0.6203728007403861,0.6129121958807267,0.6086371263877218,0.5703330113960303,0.6023214236432137
0.6820578962691689,0.6862444865004851,0.6728064721481498,0.6475068852997856,0.6729030648644904
0.7756569558029562,0.7727601663334304,0.7748449164841695,0.7288933484639052,0.7691719583741974
0.6634593396891887,0.6726622745577752,0.6454436057480192,0.6317799480741746,0.6494226749038989
0.737294150977509,0.7508825449223584,0.7222870327983635,0.682501526966864,0.7190649133934228
0.6235432313350563,0.6209006021380634,0.6230908549210441,0.6158759772101104,0.6119056464969462
0.644786529249713,0.6444032343942638,0.6262989825371663,0.5839669950654632,0.6281849632425801
0.6913273799802638,0.6968360033674588,0.6440537072637693,0.6508845875724025,0.6683521769721655
0.8251240346642532,0.8307784617296918,0.8028890484304668,0.794135646301047,0.8025142867271463
0.7137632717332102,0.7137286576933655,0.7342393544854663,0.6861041670576437,0.7206552865253192
0.7406611831060154,0.7507947519026097,0.7034131554222194,0.6900547741888936,0.7195979141929898
0.7091212349502091,0.7074017750563194,0.6811278658219307,0.6499573321992184,0.6850855209329398
0.6417332527246237,0.6378078514711413,0.5930404606094847,0.5912123131355571,0.6149833965911813
0.7029385013159901,0.6953517680290466,0.7059690637190141,0.6557836558828469,0.6919650188495566
0.6923571230290125,0.6978662302733086,0.694451132181222,0.648010021194905,0.6824331610303306
0.647489806894077,0.6360367319694004,0.6275107802598404,0.571456627692449,0.6249439400679507
0.7506815011593998,0.7519080809264164,0.7253043027994812,0.6936529713228003,0.7289847006093433
0.7735836728430364,0.7721597111460082,0.7524624159949205,0.7414440854383032,0.7573203122306381
0.8093746831981954,0.817862716138644,0.7783302307437672,0.7487603905263174,0.7876032959347903
0.7309154863664288,0.7280357886690267,0.7020439695804859,0.6519112839520648,0.7151117395363809
0.6780722459835155,0.6774739218519982,0.682624083508047,0.6346310243845283,0.6773925497295796
0.7516258118230177,0.7510708861207482,0.7594442512767159,0.6957198814812392,0.7500007893381859
0.6418731767161941,0.6396311107613482,0.6246990418234799,0.5700211331369677,0.6324745489986366
0.6913865469536687,0.6965416767289665,0.6539627652304124,0.6380376399744052,0.6696981017193203
0.743179220367069,0.7360211128334222,0.7160724329646464,0.6954086072249505,0.71508172613649
0.7050469638909972,0.7039575663002835,0.7012837963507078,0.6623614052306539,0.7001575525261157
0.6778779147384663,0.6892899505551237,0.6798566270934292,0.64096255463026,0.6755878842303498
0.7708387087754036,0.7775172596887759,0.761508570727603,0.7159195725162635,0.7571329023405902
0.7541862710351618,0.7543375064244224,0.7354677853585924,0.6992336426733581,0.7253962055321412
0.6788975901126393,0.6875193482359273,0.6544926384103787,0.6341902453516749,0.6491423468978699
0.7750264621266396,0.7864924575509685,0.7696931113702461,0.7282571084184195,0.7568853861941947
0.7327154143859668,0.7421201788035073,0.718371587622904,0.6782672053348585,0.7116076746869937
0.7789795277003532,0.7859806828692141,0.7770297145463988,0.7272471395362267,0.7597092241652977
0.6935226759114386,0.6966520707467729,0.6751966139235281,0.654415338466457,0.6794713943933763
0.6795775099763046,0.688081866695255,0.6771718467584249,0.657443558860024,0.6711223944074521
0.7206572350901924,0.7175634571425654,0.6846714142132759,0.6769554016377457,0.695108813511147
0.7354461210779031,0.7340747344918447,0.706207912714035,0.6803612476882671,0.711230420058583
0.7227662901300166,0.7208159312481704,0.7203857375843282,0.6619693211647771,0.7144837849989825
0.8020284236023638,0.8143401346368163,0.7730793591687959,0.7834718193695825,0.7863214766188967
0.7586255285288981,0.7408539445739855,0.7232938889948898,0.7134842177437063,0.7326798636547613
0.5200660567098676,0.5230078413530179,0.5418793102290806,0.5088705381758409,0.526922767209673
0.6341785616696447,0.6344762672363176,0.6241031035694649,0.622016142301483,0.6234790290645796
0.753212880964705,0.7487969806498216,0.7379868510791254,0.7101170204675076,0.7335169696096302
0.6860634438222324,0.7004980715777633,0.6733510199916537,0.6411992832790975,0.6768928372527462
0.5910025881311839,0.593298819992664,0.5739707611132753,0.5480744043356676,0.5732298861167915
0.7368480727318797,0.7403772916775743,0.7400648129641377,0.6777328276531933,0.7154254740163075
0.6832954899947546,0.6820961647531326,0.6715600474960766,0.6142067979699412,0.6709820611658419
0.7436763455923205,0.7386206368355324,0.7339353580687745,0.701395937407952,0.7246552437239833
0.721311442576453,0.7242032256429559,0.6980410412748479,0.6860803481668161,0.7050802344954845
0.6466753353103167,0.6447535866264108,0.6405734145917431,0.588775745370725,0.6308809101583915
0.7486782704079789,0.7572476419833377,0.7393339682976758,0.6913997993560764,0.7285297164720776
0.7356074335730145,0.7326424099198082,0.699661502006438,0.686522530588878,0.7113309452706638
0.682720533355247,0.6763796908214478,0.6828848550168577,0.6122242020759692,0.6698692980890604
0.7296707910767202,0.7302601579786901,0.7234725681273378,0.6751317445306139,0.7212396631196407
0.7907923173296602,0.7832469219835487,0.7585039818158579,0.7141519553386226,0.7645993952021966
0.7716119949111753,0.7809489814401804,0.7737889448482602,0.7303316787953621,0.7649484510007316
0.6238436353551666,0.6270981781619942,0.6030254348761621,0.6075017336700969,0.6038333954190089
0.7383504341911278,0.7391391231329457,0.6764766366057596,0.6827649381487715,0.7058766567290645
0.7695100990965139,0.7790430385462216,0.7793889819457143,0.7376852611967376,0.7650061731977249
0.6791239417562547,0.6845789782735815,0.6569089601351187,0.6532996644266769,0.6687184030439839
0.7724221191595819,0.777745565250658,0.7569464791039849,0.7356451987820105,0.7598254699213686
0.7315883923784485,0.7233846999429379,0.6900557607064213,0.6736889697794128,0.7113288891388302
0.697627078920964,0.6957730700084803,0.6725634398241569,0.6356147163563215,0.6720655923216625
0.8407603376846726,0.8476900106832308,0.8140729012343206,0.7964784853504221,0.8298966543306006
0.6376497364709519,0.6281830445120563,0.6094235697927323,0.5963950390192168,0.6116195971706196
0.6345115766235115,0.6311489372071225,0.6468449543669333,0.5774826684215225,0.6350350054557311
0.6857116229938791,0.6840237578167283,0.6644358886540354,0.6583155432382504,0.6667531489432195
0.6187910757144043,0.6126063285676822,0.5819270745200505,0.5744229545187102,0.5958648974308777
0.6255862009384449,0.6356695622971037,0.6249480308326523,0.6140720301485689,0.6227460767215597
0.6296584704796189,0.6289292811394177,0.581542944065208,0.5713484433575294,0.5976256366532625
0.6416822506135116,0.6331987095635364,0.6211510454757999,0.5771290681644902,0.6226334887034692
0.705786334433206,0.6994589266277402,0.6590929224114733,0.6431764781792979,0.6803981373130055
0.6942815008019819,0.6988804258341865,0.6547392607361554,0.644074060941551,0.6746074393502228
0.6419169554204744,0.6499256401770757,0.6239823453428522,0.6007148570116748,0.6271556901412472
0.6858251318699075,0.6924151408377528,0.6728780219015863,0.6523433242771667,0.6683477715069236
0.6157800806635466,0.6102006858569555,0.6201257867233735,0.5906774657414572,0.6146627418454995
0.6694907928068172,0.6755135015134547,0.6562759697059621,0.6299928914201552,0.6464321869130222
0.7307339241274609,0.7365851727064058,0.7175407214806533,0.6723437284149824,0.7203928152211543
0.8141239958519021,0.8180886459899942,0.7830336723345124,0.7647414794895083,0.7875369121087957
0.7780442850343032,0.7676689939209795,0.7734240778333336,0.7385467779193998,0.767961555576036
0.7214927264048586,0.7144056720570898,0.6963406900749158,0.6691939022627309,0.6936738285038178
0.7473267116191618,0.7416470385319779,0.723130531299361,0.700412294806847,0.7290809952168277
0.7435440224115452,0.7436152638024297,0.7107526829028961,0.6908779687895809,0.7186062987906284
0.7150822787390017,0.7238922658768251,0.7024990853013191,0.6781078098924519,0.6995432759845852
0.7819301776657663,0.7791010532554715,0.759039841052294,0.7124183031368457,0.7573466944641457
0.7247287475056461,0.7297596394711802,0.7265560316522477,0.6686110001344469,0.7212086896798671
0.6197974073876287,0.633357647591865,0.6134179198230739,0.5857524014218443,0.6076972769164819
0.7388795102506408,0.734359958894094,0.7433339418772207,0.7062140067827316,0.7294351135444669
0.6345368946287974,0.6198045470801188,0.6186070604026113,0.5958341844444092,0.6160323440289943
0.73993305586933,0.7385132264307184,0.7239931999184303,0.6758039183534208,0.72609509694099
0.6880772511868404,0.6810894395172732,0.6420801216590758,0.6351634338799756,0.6569382732650816
0.7210944452244346,0.7293514568879313,0.7234543159310062,0.6611944141054981,0.7180434264323821
0.7523971991293014,0.7499772996614852,0.7366990745987466,0.7078193648736051,0.7338124082718012
0.5585558537323241,0.564230871035283,0.5573129411943486,0.5414458757327208,0.5582298721187654
0.6915317740396193,0.6998602609730759,0.6987492615383373,0.6640539781666356,0.6942922290015697
0.7468972618840746,0.73763289996965,0.7203043432335651,0.6935291791250693,0.7175451552979046
0.7084505596570984,0.6956161857396107,0.6964523526845428,0.6391721062447197,0.6870270700417671
0.7726658393115629,0.7711503659057453,0.7435621828856536,0.7341957128787425,0.7437730642533
0.6949775818963633,0.6918008928576913,0.6870740577495426,0.6284695220865787,0.6851413476496498
0.720157197317544,0.7200591087548719,0.7097532259251799,0.6657630033325873,0.7039366689216477
0.6648452405281383,0.6724816838507814,0.6700516754262944,0.6324117348301627,0.6682395508923143
0.6993432173502776,0.6915205619988607,0.6758362700475421,0.6551858000768709,0.6802756751668956
0.570794060199786,0.5633691518905029,0.5487657827421306,0.5400576391685165,0.5569432691532082
0.7416320781076235,0.7420768309576111,0.6970043884927373,0.714315967507864,0.7138533111873004
0.7022482965837612,0.7133655905552218,0.6912428124338312,0.638901313218695,0.6816159843827866
0.7936099241051621,0.8066176997129916,0.7923713628851901,0.7854846062476851,0.7898044129881631
0.7024776500330336,0.7110250826483733,0.6639790740109939,0.6726709995442458,0.6820687521390202
0.7099859843411892,0.7075880873988067,0.6958913858041177,0.6611823983782841,0.6927940174893997
0.7782269290528601,0.7809278007250201,0.7765360356642952,0.7302941028335465,0.7677098601242075
0.7265299203664095,0.7285755143950948,0.727040519483801,0.6648270262182441,0.7140355276131388
0.6994903405617893,0.6987919333757098,0.7115312685438616,0.6533694563612465,0.6899062088490163
0.6461199792221101,0.6430159111030213,0.6093556157836094,0.5847497342957004,0.6153872079589817
0.8034238125648919,0.8031190726175603,0.7668325207118356,0.7500429806953318,0.7779987503022249
0.7533599607698235,0.7653661212673927,0.7557432799394248,0.6957982001365897,0.7437432529693897
0.632325668272069,0.6394376553017804,0.6021607246572259,0.5507740253162595,0.6106265163544898
0.7886193292862612,0.7909078072839228,0.792245873800716,0.7486900125476038,0.7783615882763766
0.7446138619542079,0.7344362542454584,0.7247874871506843,0.6605078790693066,0.7211631902480743
0.7098330034027277,0.7141577965388843,0.6876464264248892,0.6788961979733895,0.6910637108052778
0.7448229190508133,0.7468999845078028,0.7087912895165972,0.7129021105204734,0.7197880881999285
0.7326201540043503,0.7300860656705818,0.7105571580591123,0.6755301286526328,0.716753231815501
0.7020427474307311,0.6939941007187442,0.714525274190693,0.6804369955129098,0.702638959731901
0.7443202648998094,0.7490966842830964,0.7402018922010798,0.7129765274690151,0.7458280751410362
0.7263510945514663,0.725965831863358,0.7165551193841747,0.6631680267364376,0.7064993947370584
0.7457817162885614,0.7401688150042811,0.7225737768203626,0.6938862448856303,0.7273547419291465
0.7974187575731447,0.8035270651610813,0.7789775083770447,0.7520526904843068,0.7751352013258949
0.7231025651286155,0.7154226331558264,0.7321332549588355,0.6917451241161642,0.7163394293886939
0.6280725300690727,0.6253131045308568,0.6227367802436955,0.5678095825108763,0.61626129839303
0.7465050205303959,0.7525953513369257,0.7545407488937544,0.721884709068417,0.7448246490268496
0.674169191091346,0.6734475724202519,0.66175983595676,0.6229674337341786,0.6606019208671451
0.6966630095171327,0.6898095326193805,0.6644187149079395,0.6364880120487991,0.6706145714958475
0.729128255868147,0.7369855677828115,0.6976697987017283,0.6716734388872715,0.7117032475091314
0.7204521179172265,0.7187095698274736,0.6776991727868307,0.6525024099982253,0.6841161147251065
0.7170072823975487,0.7073348143867755,0.6764644348434786,0.6480976623400843,0.6904914651939513
0.7415443219008145,0.7352626317586334,0.7199791698263578,0.7041897725832004,0.7225592468117031
0.573779218029248,0.5804509371413809,0.5992123023687896,0.5699932817050256,0.5856653156942646
0.6974693305514927,0.7075542732057759,0.6595259264421319,0.6445643427786842,0.6750069768407089
0.6754024617995482,0.6855166727869735,0.6520287869754359,0.6207262279216816,0.6526382647817099
0.7531211383839239,0.7561550683232044,0.7111024340465567,0.710796688971328,0.7334932273622253
0.64262067947021,0.6462196344173794,0.6041264688910366,0.5916165285965733,0.6304164731121669
0.6992125967924725,0.6994867734911241,0.6832763475954998,0.6692786461544605,0.6769694204316665
0.7708697402243843,0.7755756938553148,0.7606227354556961,0.7245983572000615,0.7619189440632825
0.7401710803644581,0.7394387090030552,0.7381329532513359,0.7005393680919142,0.7291840240128462
0.5735415172167302,0.5781012906268711,0.5515392688212568,0.5239919745451037,0.5560096591840841
0.7259862343914516,0.7314363267654603,0.6966012677593839,0.6849872110740587,0.7081815653611874
0.841952636952294,0.8407885699345061,0.825330872586243,0.7724504201225798,0.8219910667685676
0.6587783388946509,0.6534654336374677,0.6149731806945298,0.6251022322174377,0.6323470666990608
0.6995931587726794,0.6965059829769127,0.6879706613973372,0.641359971733943,0.693780720015449
0.7099215635247239,0.7186565973900805,0.71261611465958,0.6814211403675009,0.7021761407962395
0.743126406493898,0.7444296025317196,0.7425752416703637,0.7188381599109969,0.7395579519385932
0.6674722207067,0.663464533647467,0.668503996105282,0.6380515224202264,0.6635717535480948
0.6115050680120532,0.6050597322942386,0.6016322219573024,0.5395454621433698,0.5976287716911696
0.7480345880106976,0.7622819660584487,0.7461878632728833,0.7338123409544967,0.7432077502444726
0.7239724139966787,0.7153980609953123,0.6951117423866722,0.6924677023788017,0.707688109797791
0.8025115234203899,0.8040406973272127,0.7756138574577337,0.7428064004193169,0.7778861624781186
0.5849705458977166,0.5872929683211018,0.5432924026338068,0.5341132801649813,0.5586925237914384
0.7190698623350141,0.7164988127823629,0.6831992043814046,0.6742847651161983,0.698196498460081
0.755767334002778,0.7572712157461189,0.7638270172483625,0.7146998187209558,0.7560913249829316
0.7601004152806687,0.760144714981283,0.7336739561136996,0.7023441007012083,0.7318323290951455
0.722111253053103,0.7266782465097356,0.6926288171381426,0.6698277117156538,0.7034497095200617
0.749910589233946,0.7593257119919058,0.7297355034262102,0.7351066069305464,0.7361662441596659
0.6424982182586977,0.6409376728867026,0.5993225890059538,0.6091228521431474,0.6161809205119907
0.6264836791405244,0.6238107773839917,0.6096088710076104,0.5806042959682067,0.6068367495599637
0.6946268474495741,0.6900565785628996,0.6692373251867918,0.6519226900765304,0.6783766697050145
0.7292202930318604,0.7243903159909894,0.7064949695995321,0.676447052165735,0.7106750359148671
0.7073303122003309,0.7137043807823567,0.6688099235700904,0.5964224470583867,0.6753552192962409
0.6533093718680816,0.6527764577907698,0.6528847592105994,0.6066243366985489,0.6404618893115391
0.7990799182951065,0.7977938741026575,0.7970782688319177,0.7507966695539122,0.7869262834419043
0.7111079362717765,0.7232818426483594,0.6832761222147673,0.6599879437528693,0.6922386880293226
0.7494568230583829,0.7510049382082519,0.7396851911840264,0.7083661326740693,0.733655141701125
0.6599926650457141,0.6486564332821214,0.6503748441792438,0.6083183031627601,0.6374898959743724
0.6565145966087942,0.6577884466234182,0.6355989991290736,0.6142180801134143,0.6347444523861338
0.7487378765214693,0.7461519679561105,0.7276466166900468,0.6902620829690219,0.7232709867213832
0.7498664229440943,0.7587070720281257,0.7599970432818297,0.7065920654948346,0.7453384740009842
0.7739009849711027,0.7837054171369676,0.7606992895433007,0.7201266253282309,0.7548885975919678
0.671579305002078,0.6778919044927936,0.6390190272883576,0.6455755357842692,0.6616018915484692
0.7021818434849351,0.6963475552073933,0.6851431610639763,0.6579131273900347,0.6850912848133253
0.7868969508429502,0.789532804604559,0.7808521145734905,0.7466920101051711,0.7764929803061232
0.7677002062531825,0.7681781036877325,0.7545733535370146,0.7166260663585866,0.7547638340297406
0.6578247061561304,0.6612163162187374,0.6503163876677848,0.654088134765367,0.6532102834311966
0.8102208540076458,0.8128320404543123,0.7943420289912606,0.7212676677760215,0.7921095625873081
0.74026418164996,0.7487919373810582,0.718050343639184,0.7015953289776702,0.7234735310978773
0.7381325377101087,0.7450494861716821,0.7191863816452896,0.7040237356521131,0.7281963489446917
0.7258683532529422,0.7281724493424676,0.7049403251598974,0.6725612855471915,0.708788835121758
0.7030810899488118,0.7041993958102182,0.7124056894210339,0.6816779000350113,0.7069634976245096
0.7295769837221023,0.7287671720209392,0.6966623268773555,0.6716264191915611,0.70194401066198
0.6786583886880428,0.6809485244078116,0.6801023981206054,0.668024851504307,0.6638305200658466
0.818043717548408,0.8323797455094851,0.8048882147408434,0.7604298233824125,0.7991792766008162
0.7177314525016103,0.7253516170460467,0.6853970615803746,0.653527972855781,0.6970270185679744
0.6872452147756823,0.6916291489288566,0.6702561820290692,0.6318901940997469,0.6706327002965817
0.7664508977402967,0.7549596175875161,0.7365798622925309,0.7350902117149484,0.7345012566078272
0.762513194120019,0.7519138482839406,0.7371516987965218,0.7209996454556913,0.7289193908695206
0.7305060761867,0.7315097038399936,0.7429709259570301,0.6849695538666569,0.7263940118626072
0.6325040449374041,0.6398180674637663,0.5806774067661526,0.5670639010465806,0.6100117488217904
0.6906217192412073,0.6967049848811374,0.6800803701040109,0.6535282588397684,0.6791795797964276
0.8071568422403219,0.8125198634959816,0.7883704951524535,0.7624280557489851,0.7955493658008638
0.6760719065395633,0.686088531392396,0.6615540137119751,0.6303265879192139,0.6580698518310573
0.7740680545167411,0.7825941095239689,0.7524028833525414,0.725766810364733,0.7651395658472268
0.6630095764063201,0.6605299872629703,0.6344406395308707,0.5924217333145378,0.6390278541797446
0.7184673771040638,0.7277865503146584,0.7151243186487823,0.6954546357797488,0.7170466530016266
0.6480139680089085,0.6545282067897615,0.6368285987292244,0.5924437071380101,0.6399017174047158
0.7303102186590906,0.7259093884510553,0.7301551772081535,0.665226531074745,0.7210602225045678
0.7649782978736372,0.765370227413314,0.758193846228923,0.71732603494507,0.7517644510731581
0.7003293813099062,0.7059705189151309,0.6843867375124506,0.6531195309472394,0.6918265565128671
0.7341951951069566,0.7319836480366912,0.719591460770694,0.6918444294348284,0.7203256391390114
0.7902937116997639,0.783655247503178,0.771307842614547,0.7106742538987268,0.7689205214140258
0.7519734139456447,0.7516452265151781,0.7320705266307506,0.7088151118259104,0.7317336111872876
0.6897648872834825,0.6912189225864146,0.6887615992446201,0.6429596874384969,0.6841240176962016
0.6952900400629723,0.6916578825709936,0.6931101585231152,0.638227863576557,0.6775394402842797
0.7321531796516095,0.730443345057321,0.6823083032723716,0.6750949030896456,0.7040253935816887
0.6879436642292791,0.6935304917379579,0.6700532558117918,0.6228889459029232,0.6618728322661622
0.7102101323124432,0.7076625246135753,0.6817392393690187,0.6646721303185631,0.6853896840632132
0.7912834569705894,0.7917477847844006,0.7709108358682761,0.7274767981398861,0.7669037345986052
0.7552762941509417,0.759203251511845,0.6981195210088009,0.6993112640946826,0.717034891693635
0.6213552011752639,0.6198051029199969,0.5968327478252373,0.5484992108115894,0.6014552373453161
0.7277717762775109,0.7285065839513749,0.7105354292806036,0.6520274019552756,0.7075229944155316
0.6346038012881179,0.6510047142832718,0.6272696913360964,0.596367835159532,0.6337362158422588
0.7382297469426581,0.7357702898485866,0.7155561434518055,0.6785120840895404,0.710235881971366
0.6874584393281886,0.7010291029841453,0.6845702379179969,0.665466525459444,0.690002929965079
0.7427133515367189,0.7473266522001596,0.7139034434466546,0.6889817463568534,0.7212871915936732
0.8227349070065636,0.8185940460874862,0.7997113868605126,0.7925378297881517,0.8014247781286976
0.7758929510699641,0.7799799623701522,0.7494284853659157,0.7248114474104848,0.7576765557038667
0.756668661482982,0.7615781905126839,0.719653495606938,0.7121152276700494,0.736617775118335
0.7353629578132728,0.7400994636044004,0.7283873435501204,0.6526882803451606,0.7126461783800543
0.8148288511202204,0.8151868777716991,0.7998044302368709,0.7342851360033785,0.7862083394559585
0.5616718643600207,0.5644218900836204,0.5351169765547612,0.5492734068623389,0.5496113392780402
0.7061181560145701,0.7110194093662083,0.694095504203808,0.6601934276369728,0.6901561247190025
0.6576038326237134,0.6577386384118525,0.6261993622351816,0.5943886221630721,0.632208405411504
0.6914190230843226,0.6939377447292868,0.6657687359194692,0.6137124379509912,0.6754740826906703
0.699763586989857,0.7025637397217878,0.708767403072752,0.6597860357343588,0.6921670488800168
0.7258839079051991,0.7258802713999153,0.7153161726415034,0.6729768235670475,0.7084173588139783
0.6690946539015149,0.6690683186665658,0.643869158564099,0.6292431967351341,0.6513263962254842
0.7466660886446869,0.7543361766166854,0.7629641936768135,0.7030385915745326,0.7481762837030488
0.6976321485721442,0.7008000089881994,0.6965505036495587,0.6497553117612309,0.685284789505697
0.7319661574397474,0.7348585006271762,0.6838269288173698,0.6678979298714197,0.7055617366796018
0.7609574469620912,0.7525518577916912,0.7445604055775499,0.6854790174259411,0.7394581938187205
0.690756353977614,0.6826699245200206,0.7030510263502339,0.6433471080289788,0.6780589663197643
0.7645920292479377,0.7651099061544904,0.7750527611388627,0.7289089207874813,0.7682166339077205
0.714124636803119,0.7095343717159772,0.7039034705756853,0.6532368993581564,0.6928750546005902
0.6771637935937133,0.6931066831446384,0.6623203287122928,0.6501673764824502,0.6665193688113681
0.6917720746222876,0.69913377983921,0.6793259855650641,0.6493661019841147,0.6810986991506277
0.7294556883915456,0.7303528788204237,0.7047288255451652,0.6774032919482118,0.708551185336558
0.6381236650759763,0.6313424962621946,0.6244233241315175,0.5820758942512921,0.624837902573617
0.676350141618828,0.675408528322383,0.6343028157269532,0.6364535908111084,0.6512300213018589
0.7575087022032602,0.7619353154528077,0.7199307043348564,0.7033014097506519,0.7338677436423934
0.7692873972911114,0.7763335073363989,0.7606182592312,0.726136706367071,0.7596465165202589
0.8094577522445797,0.789347341835272,0.7743136583152133,0.7408525153874541,0.7716302077473324
0.7317324446304786,0.7396789839908483,0.7235719920569541,0.6728948607540146,0.7136568324103387
0.762413725124485,0.7732271353980124,0.7224953276745818,0.6908271746859022,0.7333779540238309
0.6989464608130908,0.706960092165726,0.6664199738264762,0.6317245751363565,0.6816828294884799
0.6203090497747787,0.6214131788467648,0.6075401711579208,0.5797506657438807,0.611973977241492
0.7200721698657012,0.7134344487860482,0.6766669686981948,0.6718748508152173,0.6945339192630618
0.748117961332069,0.7427691517211651,0.7241864573144146,0.6728903558408594,0.7202408682816697
0.7308776713316071,0.7387956719885009,0.7110560664913149,0.6729948616880597,0.7186278970237807
0.7852435422530839,0.7830181075187841,0.7716355734857101,0.746999072299522,0.766928201616244
0.7279672987571097,0.7286791951499587,0.691781782621751,0.6774628369840555,0.6978103463685393
0.7345345148743258,0.7298139206226393,0.7153176975821413,0.6753342327116103,0.7161983796140836
0.7251764174947773,0.7293871850443782,0.6996542449826785,0.646161162966188,0.7035840758040494
0.7787345658572414,0.783007941121585,0.7698384099975015,0.7373863702597225,0.7717976795167409
0.6495899298686434,0.6558856021881052,0.6534605194531992,0.6323241900266827,0.6389054907439644
0.662700368984683,0.6741020191643093,0.6714576483546019,0.6390772604218656,0.6547761251646027
0.6925481748429754,0.6934450534934256,0.6053208213850295,0.6304822664047692,0.648683234606974
0.5660070926069756,0.5622764715667955,0.5627868534650597,0.555611040213704,0.5595328654057349
0.7373174497683175,0.7369446770137872,0.7309761654152864,0.6816264655834728,0.7279404635997992
0.744411281194884,0.7609355436523922,0.7237526272718904,0.7290482130667225,0.7326009445925108
0.7217377238026307,0.7152758531183094,0.6992776536543608,0.6597913185630246,0.6983984514271159
0.7304912467545545,0.7349125575285324,0.7109204252670329,0.6831364184270666,0.7207415556648729
0.620750990445627,0.632243851161936,0.6037792009891036,0.603434600141158,0.6211387952442731
0.5979914466428713,0.6005263250395576,0.585172540178307,0.5787627204211265,0.5884060961075597
0.6539008560274202,0.6522055025137606,0.6427547672295547,0.6459534396965051,0.6396997965555161
0.7159114431371113,0.712382313426434,0.6894718798668408,0.6650511824783691,0.6974550776349676
0.6771036166163658,0.6715796325873006,0.6771306737503063,0.6267657000158056,0.6601046713161269
0.6847076680458508,0.6869522418252461,0.6624183415767376,0.6276117911461399,0.6656705224378016
0.6844046063530306,0.6887555543688164,0.6711611625606478,0.6627792952517845,0.679085076077928
0.6866326477326506,0.6774671453078022,0.6709037426216551,0.6195124802433617,0.6580436729037706
0.7075129143190552,0.7017197876403113,0.6865506033034418,0.6394965178201971,0.6859561113336355
0.731661947620605,0.721882144431199,0.7199235090405389,0.6612331066830439,0.7061159525198377
0.7297927930062209,0.7366265285802226,0.7216078545655779,0.7210408753886167,0.719108788223164
0.7424977802542928,0.764410070846285,0.7458084529623714,0.6870447726085348,0.7381349018458138
0.6405102263729892,0.6415009778594163,0.6441813503243821,0.5984096959175171,0.6353973824436535
0.7219556808161135,0.7134048287346653,0.693831938012844,0.6388360489494846,0.7020036922678367
0.7146076434607772,0.7105111503394415,0.6716640763065874,0.6375138503587628,0.6818688301508257
0.7994629358634628,0.8087440713224023,0.7985931306341498,0.7752530772720249,0.7948856198393395
0.6724770453357809,0.6815033152642734,0.6730723528995016,0.6251744878178309,0.6626532213813159
0.7748302076630494,0.771100439508466,0.7682601170137868,0.7428316434068781,0.7624956520393942
0.6313399379590018,0.6333339168020261,0.5886839634508924,0.5872940664843004,0.5956527489599135
